Family,Genus,Species
Acanthaceae,Acanthus,dioscoridis
Acanthaceae,Acanthus,hungaricus
Acanthaceae,Acanthus,hybrid
Acanthaceae,Acanthus,longifolius
Acanthaceae,Acanthus,mollis
Acanthaceae,Acanthus,sennii
Acanthaceae,Acanthus,sp
Acanthaceae,Ruellia,ciliata
Acanthaceae,Ruellia,humilis
Acanthaceae,Strobilanthes,attenuata
Acanthaceae,Strobilanthes,oliganthus
Acanthaceae,Strobilanthes,sp.
Acanthaceae,Thunbergia,gibsonii
Acoraceae,Acorus,americanus
Acoraceae,Acorus,calamus
Acoraceae,Acorus,gramineus
Actinidiaceae,Actinidia,arguta
Actinidiaceae,Actinidia,callosa
Actinidiaceae,Actinidia,deliciosa
Actinidiaceae,Actinidia,eriantha
Actinidiaceae,Actinidia,fortunatii
Actinidiaceae,Actinidia,hemsleyana
Actinidiaceae,Actinidia,kolomikta
Actinidiaceae,Actinidia,macrosperma
Actinidiaceae,Actinidia,melanandra
Actinidiaceae,Actinidia,nipponica
Actinidiaceae,Actinidia,polygama
Actinidiaceae,Actinidia,rubricaulis
Actinidiaceae,Actinidia,rufa
Actinidiaceae,Actinidia,sp.
Actinidiaceae,Clematoclethra,scandens
Actinidiaceae,Clematoclethra,sp.
Actinidiaceae,Saurauia,napaulensis
Actinidiaceae,Saurauia,roxburghii
Aizoaceae,Aloinopsis,schooneesii
Aizoaceae,Aloinopsis,spathulata
Aizoaceae,Bergeranthus,glenensis
Aizoaceae,Bergeranthus,vespertinus
Aizoaceae,Cephalophyllum,anemoniflorum
Aizoaceae,Cephalophyllum,procumbens
Aizoaceae,Cephalophyllum,purpureo-album
Aizoaceae,Chasmatophyllum,musculinum
Aizoaceae,Cheiridopsis,denticulata
Aizoaceae,Delosperma,
Aizoaceae,Delosperma,aberdeenense
Aizoaceae,Delosperma,ashtonii
Aizoaceae,Delosperma,basuticum
Aizoaceae,Delosperma,brunnthaleri
Aizoaceae,Delosperma,cooperi
Aizoaceae,Delosperma,crassum
Aizoaceae,Delosperma,deleeuwiae
Aizoaceae,Delosperma,dyeri
Aizoaceae,Delosperma,esterhuyseniae
Aizoaceae,Delosperma,floribundum
Aizoaceae,Delosperma,lavisiae
Aizoaceae,Delosperma,lydenburgense
Aizoaceae,Delosperma,nubigenum
Aizoaceae,Delosperma,sp.
Aizoaceae,Delosperma,sphalmanthoides
Aizoaceae,Delosperma,sutherlandii
Aizoaceae,Dorotheanthus,gramineus
Aizoaceae,Drosanthemum,(DBGSA.040-94)
Aizoaceae,Drosanthemum,bicolor
Aizoaceae,Drosanthemum,floribundum
Aizoaceae,Drosanthemum,speciosum
Aizoaceae,Eberlanzia,spinosa
Aizoaceae,Ebracteola,fulleri
Aizoaceae,Ebracteola,wilmaniae
Aizoaceae,Khadia,alticola
Aizoaceae,Lampranthus,pocockiae
Aizoaceae,Malephora,(DBGSA.041-94)
Aizoaceae,Malephora,crassa
Aizoaceae,Marlothistella,stenophylla
Aizoaceae,Marlothistella,uniondalensis
Aizoaceae,Mesembryanthemum,(DBGSA.043-94)
Aizoaceae,Mesembryanthemum,aitonis
Aizoaceae,Mesembryanthemum,crystallinum
Aizoaceae,Mesembryanthemum,othona
Aizoaceae,Ruschia,hamata
Aizoaceae,Ruschia,laxipetala
Aizoaceae,Ruschia,macowanii
Aizoaceae,Ruschia,pulvinaris
Aizoaceae,Ruschia,putterillii
Aizoaceae,Ruschia,rubricaulis
Aizoaceae,Ruschia,sp.
Aizoaceae,Ruschia,ventricosa
Aizoaceae,Stomatium,beaufortense
Aizoaceae,Stomatium,patulum
Akaniaceae,Bretschneidera,sinensis
Alismataceae,Alisma,gramineum
Alismataceae,Alisma,plantago-aquatica
Alismataceae,Sagittaria,cuneata
Alismataceae,Sagittaria,latifolia
Alstroemeriaceae,Alstroemeria,angustifolia
Alstroemeriaceae,Alstroemeria,aurantiaca
Alstroemeriaceae,Alstroemeria,chilensis
Alstroemeriaceae,Alstroemeria,exserens
Alstroemeriaceae,Alstroemeria,garaventae
Alstroemeriaceae,Alstroemeria,haemantha
Alstroemeriaceae,Alstroemeria,hookeri
Alstroemeriaceae,Alstroemeria,leporina
Alstroemeriaceae,Alstroemeria,ligtu
Alstroemeriaceae,Alstroemeria,magenta
Alstroemeriaceae,Alstroemeria,magnifica
Alstroemeriaceae,Alstroemeria,pallida
Alstroemeriaceae,Alstroemeria,patagonica
Alstroemeriaceae,Alstroemeria,pelegrina
Alstroemeriaceae,Alstroemeria,presliana
Alstroemeriaceae,Alstroemeria,pseudospathulata
Alstroemeriaceae,Alstroemeria,psittacina
Alstroemeriaceae,Alstroemeria,pulchella
Alstroemeriaceae,Alstroemeria,pulchra
Alstroemeriaceae,Alstroemeria,revoluta
Alstroemeriaceae,Alstroemeria,sp.
Alstroemeriaceae,Alstroemeria,spathulata
Alstroemeriaceae,Alstroemeria,versicolor
Alstroemeriaceae,Alstroemeria,violacea
Alstroemeriaceae,Alstroemeria,zoellneri
Alstroemeriaceae,Bomarea,acutifolia
Alstroemeriaceae,Bomarea,dulcis
Alstroemeriaceae,Bomarea,edulis
Alstroemeriaceae,Bomarea,hispida
Alstroemeriaceae,Bomarea,multiflora
Alstroemeriaceae,Bomarea,ovallei
Alstroemeriaceae,Bomarea,pubigera
Alstroemeriaceae,Bomarea,salsilla
Alstroemeriaceae,Luzuriaga,radicans
Altingiaceae,Liquidambar,acalycina
Altingiaceae,Liquidambar,formosana
Altingiaceae,Liquidambar,orientalis
Altingiaceae,Liquidambar,styraciflua
Amaranthaceae,Amaranthus,
Amaranthaceae,Amaranthus,caudatus
Amaranthaceae,Amaranthus,hypochondriacus
Amaranthaceae,Amaranthus,retroflexus
Amaranthaceae,Amaranthus,tricolor
Amaranthaceae,Atriplex,argentea
Amaranthaceae,Atriplex,confertifolia
Amaranthaceae,Atriplex,halimus
Amaranthaceae,Atriplex,hortensis
Amaranthaceae,Axyris,amaranthoides
Amaranthaceae,Beta,vulgaris
Amaranthaceae,Blitum,bonus-henricus
Amaranthaceae,Blitum,capitatum
Amaranthaceae,Camphorosma,perennis
Amaranthaceae,Celosia,argentea
Amaranthaceae,Chenopodium,ambrosioides
Amaranthaceae,Chenopodium,berlandieri
Amaranthaceae,Chenopodium,foliosum
Amaranthaceae,Chenopodium,giganteum
Amaranthaceae,Chenopodium,hybridum
Amaranthaceae,Chenopodium,leptophyllum
Amaranthaceae,Chenopodium,quinoa
Amaranthaceae,Dysphania,ambrosioides
Amaranthaceae,Hammada,vachanica
Amaranthaceae,Salicornia,virginica
Amaranthaceae,Salsola,komarovii
Amaranthaceae,Spinacia,oleracea
Amaranthaceae,Suaeda,depressa
Amaryllidaceae,Acis,autumnalis
Amaryllidaceae,Agapanthus,
Amaryllidaceae,Agapanthus,africanus
Amaryllidaceae,Agapanthus,campanulatus
Amaryllidaceae,Agapanthus,coddii
Amaryllidaceae,Agapanthus,inapertus
Amaryllidaceae,Agapanthus,sp.
Amaryllidaceae,Allium,
Amaryllidaceae,Allium,acuminatum
Amaryllidaceae,Allium,aflatunense
Amaryllidaceae,Allium,akaka
Amaryllidaceae,Allium,altaicum
Amaryllidaceae,Allium,ampeloprasum
Amaryllidaceae,Allium,amphibolum
Amaryllidaceae,Allium,amplectens
Amaryllidaceae,Allium,angulosum
Amaryllidaceae,Allium,atropurpureum
Amaryllidaceae,Allium,beesianum
Amaryllidaceae,Allium,caeruleum
Amaryllidaceae,Allium,caesium
Amaryllidaceae,Allium,campanulatum
Amaryllidaceae,Allium,canadense
Amaryllidaceae,Allium,carinatum
Amaryllidaceae,Allium,caspium
Amaryllidaceae,Allium,cepa
Amaryllidaceae,Allium,cernuum
Amaryllidaceae,Allium,chamaemoly
Amaryllidaceae,Allium,circassicum
Amaryllidaceae,Allium,clathratum
Amaryllidaceae,Allium,crenulatum
Amaryllidaceae,Allium,cristophii
Amaryllidaceae,Allium,cyaneum
Amaryllidaceae,Allium,cyathophorum
Amaryllidaceae,Allium,cyrillii
Amaryllidaceae,Allium,dichlamydeum
Amaryllidaceae,Allium,falcifolium
Amaryllidaceae,Allium,fistulosum
Amaryllidaceae,Allium,flavum
Amaryllidaceae,Allium,forrestii
Amaryllidaceae,Allium,galanthum
Amaryllidaceae,Allium,geyeri
Amaryllidaceae,Allium,giganteum
Amaryllidaceae,Allium,griffithianum
Amaryllidaceae,Allium,heldreichii
Amaryllidaceae,Allium,helicophyllum
Amaryllidaceae,Allium,hollandicum
Amaryllidaceae,Allium,hookeri
Amaryllidaceae,Allium,hyalinum
Amaryllidaceae,Allium,insubricum
Amaryllidaceae,Allium,jesdianum
Amaryllidaceae,Allium,karataviense
Amaryllidaceae,Allium,kharputense
Amaryllidaceae,Allium,kiiense
Amaryllidaceae,Allium,litvinovii
Amaryllidaceae,Allium,macranthum
Amaryllidaceae,Allium,macropetalum
Amaryllidaceae,Allium,mairei
Amaryllidaceae,Allium,maximowiczii
Amaryllidaceae,Allium,membranaceum
Amaryllidaceae,Allium,meteoricum
Amaryllidaceae,Allium,moly
Amaryllidaceae,Allium,narcissiflorum
Amaryllidaceae,Allium,neapolitanum
Amaryllidaceae,Allium,neriniflorum
Amaryllidaceae,Allium,nevii
Amaryllidaceae,Allium,noeanum
Amaryllidaceae,Allium,nutans
Amaryllidaceae,Allium,oreophilum
Amaryllidaceae,Allium,oschaninii
Amaryllidaceae,Allium,ovalifolium
Amaryllidaceae,Allium,paradoxum
Amaryllidaceae,Allium,platycaule
Amaryllidaceae,Allium,ramosum
Amaryllidaceae,Allium,robustum
Amaryllidaceae,Allium,roseum
Amaryllidaceae,Allium,rotundum
Amaryllidaceae,Allium,rubellum
Amaryllidaceae,Allium,sativum
Amaryllidaceae,Allium,scabriflorum
Amaryllidaceae,Allium,scabriscapum
Amaryllidaceae,Allium,schoenoprasum
Amaryllidaceae,Allium,schubertii
Amaryllidaceae,Allium,senescens
Amaryllidaceae,Allium,shelkovnikovii
Amaryllidaceae,Allium,siculum
Amaryllidaceae,Allium,sikkimense
Amaryllidaceae,Allium,siskiyouense
Amaryllidaceae,Allium,sp.
Amaryllidaceae,Allium,sphaerocephalon
Amaryllidaceae,Allium,splendens
Amaryllidaceae,Allium,stellatum
Amaryllidaceae,Allium,subhirsutum
Amaryllidaceae,Allium,taquetii
Amaryllidaceae,Allium,thunbergii
Amaryllidaceae,Allium,togashii
Amaryllidaceae,Allium,tolmiei
Amaryllidaceae,Allium,tribracteatum
Amaryllidaceae,Allium,tricoccum
Amaryllidaceae,Allium,tuberosum
Amaryllidaceae,Allium,turcomanicum
Amaryllidaceae,Allium,turkestanicum
Amaryllidaceae,Allium,unifolium
Amaryllidaceae,Allium,ursinum
Amaryllidaceae,Allium,validum
Amaryllidaceae,Allium,vineale
Amaryllidaceae,Allium,virgunculae
Amaryllidaceae,Allium,woronowii
Amaryllidaceae,Allium,zaprjagajevii
Amaryllidaceae,Allium,zebdanense
Amaryllidaceae,Amaryllis,belladonna
Amaryllidaceae,Boophone,disticha
Amaryllidaceae,Brunsvigia,radulosa
Amaryllidaceae,Crinum,asiaticum
Amaryllidaceae,Crinum,bulbispermum
Amaryllidaceae,Crinum,× powellii
Amaryllidaceae,Cyrtanthus,brachyscyphus
Amaryllidaceae,Cyrtanthus,breviflorus
Amaryllidaceae,Cyrtanthus,clavatus
Amaryllidaceae,Cyrtanthus,elatus
Amaryllidaceae,Cyrtanthus,epiphyticus
Amaryllidaceae,Cyrtanthus,flavus
Amaryllidaceae,Cyrtanthus,smithiae
Amaryllidaceae,Cyrtanthus,suaveolens
Amaryllidaceae,Galanthus,
Amaryllidaceae,Galanthus,alpinus
Amaryllidaceae,Galanthus,caucasicus
Amaryllidaceae,Galanthus,elwesii
Amaryllidaceae,Galanthus,graecus
Amaryllidaceae,Galanthus,lagodechianus
Amaryllidaceae,Galanthus,nivalis
Amaryllidaceae,Galanthus,peshmenii
Amaryllidaceae,Galanthus,plicatus
Amaryllidaceae,Galanthus,reginae-olgae
Amaryllidaceae,Galanthus,rizehensis
Amaryllidaceae,Galanthus,sp.
Amaryllidaceae,Galanthus,woronowii
Amaryllidaceae,Habranthus,andersonii
Amaryllidaceae,Habranthus,gracilifolius
Amaryllidaceae,Habranthus,robustus
Amaryllidaceae,Habranthus,tubispathus
Amaryllidaceae,Haemanthus,humilis
Amaryllidaceae,Haemanthus,multiflorus
Amaryllidaceae,Hippeastrum,ananuca
Amaryllidaceae,Hippeastrum,bifidum
Amaryllidaceae,Hippeastrum,elwesii
Amaryllidaceae,Hippeastrum,pratense
Amaryllidaceae,Hippeastrum,reginae
Amaryllidaceae,Hymenocallis,narcissiflora
Amaryllidaceae,Hymenocallis,× festalis
Amaryllidaceae,Ipheion,
Amaryllidaceae,Ipheion,uniflorum
Amaryllidaceae,Leucocoryne,(P&W.6328)
Amaryllidaceae,Leucocoryne,purpurea
Amaryllidaceae,Leucojum,
Amaryllidaceae,Leucojum,aestivum
Amaryllidaceae,Leucojum,autumnale
Amaryllidaceae,Leucojum,nicaeense
Amaryllidaceae,Leucojum,roseum
Amaryllidaceae,Leucojum,trichophyllum
Amaryllidaceae,Leucojum,vernum
Amaryllidaceae,Lycoris,africana
Amaryllidaceae,Lycoris,albiflora
Amaryllidaceae,Lycoris,aurea
Amaryllidaceae,Lycoris,chinensis
Amaryllidaceae,Lycoris,koreana
Amaryllidaceae,Lycoris,radiata
Amaryllidaceae,Lycoris,sanguinea
Amaryllidaceae,Lycoris,squamigera
Amaryllidaceae,Narcissus,
Amaryllidaceae,Narcissus,'Gigantic Star'
Amaryllidaceae,Narcissus,assoanus
Amaryllidaceae,Narcissus,asturiensis
Amaryllidaceae,Narcissus,bulbocodium
Amaryllidaceae,Narcissus,calcicola
Amaryllidaceae,Narcissus,cantabricus
Amaryllidaceae,Narcissus,cyclamineus
Amaryllidaceae,Narcissus,fernandesii
Amaryllidaceae,Narcissus,hedraeanthus
Amaryllidaceae,Narcissus,hybrid
Amaryllidaceae,Narcissus,jonquilla
Amaryllidaceae,Narcissus,minor
Amaryllidaceae,Narcissus,moschatus
Amaryllidaceae,Narcissus,obesus
Amaryllidaceae,Narcissus,obsoletus
Amaryllidaceae,Narcissus,papyraceus
Amaryllidaceae,Narcissus,poeticus
Amaryllidaceae,Narcissus,pseudonarcissus
Amaryllidaceae,Narcissus,romieuxii
Amaryllidaceae,Narcissus,rupicola
Amaryllidaceae,Narcissus,scaberulus
Amaryllidaceae,Narcissus,sp.
Amaryllidaceae,Narcissus,tazetta
Amaryllidaceae,Narcissus,triandrus
Amaryllidaceae,Narcissus,watieri
Amaryllidaceae,Narcissus,× odorus
Amaryllidaceae,Nerine,
Amaryllidaceae,Nerine,bowdenii
Amaryllidaceae,Nerine,humilis
Amaryllidaceae,Nerine,sarniensis
Amaryllidaceae,Nerine,undulata
Amaryllidaceae,Nothoscordum,andicolum
Amaryllidaceae,Nothoscordum,inodorum
Amaryllidaceae,Nothoscordum,montevidense
Amaryllidaceae,Nothoscordum,texanum
Amaryllidaceae,Pancratium,maritimum
Amaryllidaceae,Paramongaia,weberbaueri
Amaryllidaceae,Phycella,bicolor
Amaryllidaceae,Rhodophiala,advena
Amaryllidaceae,Rhodophiala,andicola
Amaryllidaceae,Rhodophiala,andina
Amaryllidaceae,Rhodophiala,araucana
Amaryllidaceae,Rhodophiala,elwesii
Amaryllidaceae,Rhodophiala,fulgens
Amaryllidaceae,Rhodophiala,gilliesiana
Amaryllidaceae,Rhodophiala,laeta
Amaryllidaceae,Rhodophiala,phycelloides
Amaryllidaceae,Rhodophiala,rhodolirion
Amaryllidaceae,Rhodophiala,sp.
Amaryllidaceae,Scadoxus,puniceus
Amaryllidaceae,Sprekelia,formosissima
Amaryllidaceae,Sternbergia,candida
Amaryllidaceae,Sternbergia,clusiana
Amaryllidaceae,Sternbergia,colchiciflora
Amaryllidaceae,Sternbergia,fischerana
Amaryllidaceae,Sternbergia,lutea
Amaryllidaceae,Tristagma,ameghinoi
Amaryllidaceae,Tristagma,bivalvis
Amaryllidaceae,Tulbaghia,acutiloba
Amaryllidaceae,Tulbaghia,fragrans
Amaryllidaceae,Tulbaghia,simmleri
Amaryllidaceae,Tulbaghia,violacea
Amaryllidaceae,Ungernia,severtzovii
Amaryllidaceae,Ungernia,tadshicorum
Amaryllidaceae,Urceolina,(T.JOHN)
Amaryllidaceae,Worsleya,rayneri
Amaryllidaceae,Zephyranthes,
Amaryllidaceae,Zephyranthes,bifida
Amaryllidaceae,Zephyranthes,brachyandra
Amaryllidaceae,Zephyranthes,brasiliensis
Amaryllidaceae,Zephyranthes,brazosensis
Amaryllidaceae,Zephyranthes,candida
Amaryllidaceae,Zephyranthes,chlorosolen
Amaryllidaceae,Zephyranthes,concolor
Amaryllidaceae,Zephyranthes,drummondii
Amaryllidaceae,Zephyranthes,flavissima
Amaryllidaceae,Zephyranthes,fosteri
Amaryllidaceae,Zephyranthes,grandiflora
Amaryllidaceae,Zephyranthes,hybrid
Amaryllidaceae,Zephyranthes,longifolia
Amaryllidaceae,Zephyranthes,minima
Amaryllidaceae,Zephyranthes,primulina
Amaryllidaceae,Zephyranthes,robusta
Amaryllidaceae,Zephyranthes,rosea
Amaryllidaceae,Zephyranthes,sp.
Amaryllidaceae,Zephyranthes,sulphurea
Amaryllidaceae,× Amarine,tubergenii
Amblystegiaceae,Hygrohypnum,ochraceum
Anacampserotaceae,Anacampseros,rufescens
Anacardiaceae,Cotinus,
Anacardiaceae,Cotinus,coggygria
Anacardiaceae,Cotinus,obovatus
Anacardiaceae,Pistacia,chinensis
Anacardiaceae,Pistacia,terebinthus
Anacardiaceae,Rhus,aromatica
Anacardiaceae,Rhus,copallinum
Anacardiaceae,Rhus,coriaria
Anacardiaceae,Rhus,glabra
Anacardiaceae,Rhus,incisa
Anacardiaceae,Rhus,potaninii
Anacardiaceae,Rhus,pyroides
Anacardiaceae,Rhus,sp.
Anacardiaceae,Rhus,trichocarpa
Anacardiaceae,Rhus,typhina
Anacardiaceae,Rhus,undulata
Anacardiaceae,Toxicodendron,rydbergii
Anacardiaceae,Toxicodendron,vernicifluum
Annonaceae,Annona,cherimola
Annonaceae,Asimina,parviflora
Annonaceae,Asimina,triloba
Antitrichiaceae,Antitrichia,curtipendula
Aongstroemiaceae,Dichodontium,pellucidum
Apiaceae,Aciphylla,aurea
Apiaceae,Aciphylla,congesta
Apiaceae,Aciphylla,crosby-smithii
Apiaceae,Aciphylla,dieffenbachii
Apiaceae,Aciphylla,dissecta
Apiaceae,Aciphylla,dobsonii
Apiaceae,Aciphylla,glaucescens
Apiaceae,Aciphylla,gracilis
Apiaceae,Aciphylla,hectori
Apiaceae,Aciphylla,horrida
Apiaceae,Aciphylla,kirkii
Apiaceae,Aciphylla,monroi
Apiaceae,Aciphylla,pinnatifida
Apiaceae,Aciphylla,scott-thomsonii
Apiaceae,Aciphylla,simplex
Apiaceae,Aciphylla,spedenii
Apiaceae,Aciphylla,squarrosa
Apiaceae,Aciphylla,subflabellata
Apiaceae,Ammi,majus
Apiaceae,Ammi,visnaga
Apiaceae,Anethum,graveolens
Apiaceae,Angelica,acutiloba
Apiaceae,Angelica,archangelica
Apiaceae,Angelica,arguta
Apiaceae,Angelica,atropurpurea
Apiaceae,Angelica,capitellata
Apiaceae,Angelica,dawsonii
Apiaceae,Angelica,genuflexa
Apiaceae,Angelica,gigas
Apiaceae,Angelica,hispanica
Apiaceae,Angelica,keiskei
Apiaceae,Angelica,lucida
Apiaceae,Angelica,montana
Apiaceae,Angelica,sylvestris
Apiaceae,Angelica,tomentosa
Apiaceae,Anisotome,aromatica
Apiaceae,Anisotome,carnosula
Apiaceae,Anisotome,imbricata
Apiaceae,Anisotome,intermedia
Apiaceae,Anisotome,pilifera
Apiaceae,Anthriscus,sylvestris
Apiaceae,Apium,graveolens
Apiaceae,Arracacia,
Apiaceae,Astrantia,
Apiaceae,Astrantia,major
Apiaceae,Astrantia,maxima
Apiaceae,Athamanta,
Apiaceae,Athamanta,cretensis
Apiaceae,Azorella,(P&W.6542)
Apiaceae,Azorella,columnaris
Apiaceae,Azorella,diapensioides
Apiaceae,Azorella,madreporica
Apiaceae,Azorella,trifurcata
Apiaceae,Berula,erecta
Apiaceae,Bolax,caespitosa
Apiaceae,Bolax,gummifera
Apiaceae,Bupleurum,angulosum
Apiaceae,Bupleurum,aureum
Apiaceae,Bupleurum,chinense
Apiaceae,Bupleurum,euphorbioides
Apiaceae,Bupleurum,falcatum
Apiaceae,Bupleurum,fruticosum
Apiaceae,Bupleurum,longifolium
Apiaceae,Bupleurum,rotundifolium
Apiaceae,Bupleurum,sp.
Apiaceae,Bupleurum,spinosum
Apiaceae,Bupleurum,stellatum
Apiaceae,Carum,carvi
Apiaceae,Chaerophyllum,hirsutum
Apiaceae,Cicuta,douglasii
Apiaceae,Cicuta,virosa
Apiaceae,Coelopleurum,rupestre
Apiaceae,Conioselinum,chinense
Apiaceae,Conioselinum,pacificum
Apiaceae,Conium,maculatum
Apiaceae,Conopodium,majus
Apiaceae,Coriandrum,sativum
Apiaceae,Cryptotaenia,japonica
Apiaceae,Cuminum,cyminum
Apiaceae,Daucus,carota
Apiaceae,Daucus,pusillus
Apiaceae,Eryngium,
Apiaceae,Eryngium,agavifolium
Apiaceae,Eryngium,alpinum
Apiaceae,Eryngium,amethystinum
Apiaceae,Eryngium,bourgatii
Apiaceae,Eryngium,campestre
Apiaceae,Eryngium,creticum
Apiaceae,Eryngium,deppeanum
Apiaceae,Eryngium,dichotomum
Apiaceae,Eryngium,eburneum
Apiaceae,Eryngium,foetidum
Apiaceae,Eryngium,giganteum
Apiaceae,Eryngium,glaciale
Apiaceae,Eryngium,guatemalense
Apiaceae,Eryngium,leavenworthii
Apiaceae,Eryngium,maritimum
Apiaceae,Eryngium,pandanifolium
Apiaceae,Eryngium,planum
Apiaceae,Eryngium,sp.
Apiaceae,Eryngium,tricuspidatum
Apiaceae,Eryngium,variifolium
Apiaceae,Eryngium,yuccifolium
Apiaceae,Eryngium,× zabelii
Apiaceae,Ferula,assa-foetida
Apiaceae,Ferula,communis
Apiaceae,Ferula,linkii
Apiaceae,Foeniculum,vulgare
Apiaceae,Glehnia,littoralis
Apiaceae,Gymnophyton,isatidicarpum
Apiaceae,Hacquetia,epipactis
Apiaceae,Heracleum,mantegazzianum
Apiaceae,Heracleum,maximum
Apiaceae,Heracleum,minimum
Apiaceae,Heteromorpha,arborescens
Apiaceae,Indet Apiaceae,
Apiaceae,Levisticum,officinale
Apiaceae,Ligusticum,calderi
Apiaceae,Ligusticum,canbyi
Apiaceae,Lilaeopsis,brownii
Apiaceae,Lomatium,ambiguum
Apiaceae,Lomatium,columbianum
Apiaceae,Lomatium,dissectum
Apiaceae,Lomatium,engelmannii
Apiaceae,Lomatium,farinosum
Apiaceae,Lomatium,foeniculaceum
Apiaceae,Lomatium,geyeri
Apiaceae,Lomatium,grayi
Apiaceae,Lomatium,macrocarpum
Apiaceae,Lomatium,martindalei
Apiaceae,Lomatium,nudicaule
Apiaceae,Lomatium,triternatum
Apiaceae,Lomatium,utriculatum
Apiaceae,Meum,athamanticum
Apiaceae,Molopospermum,peloponnesiacum
Apiaceae,Mulinum,(P&W.6495)
Apiaceae,Mulinum,spinosum
Apiaceae,Myrrhis,odorata
Apiaceae,Niphogeton,dissecta
Apiaceae,Oenanthe,sarmentosa
Apiaceae,Oreomyrrhis,argentea
Apiaceae,Orlaya,grandiflora
Apiaceae,Osmorhiza,berteroi
Apiaceae,Osmorhiza,chilensis
Apiaceae,Osmorhiza,occidentalis
Apiaceae,Osmorhiza,purpurea
Apiaceae,Pastinaca,sativa
Apiaceae,Perideridia,gairdneri
Apiaceae,Petroselinum,crispum
Apiaceae,Peucedanum,oreoselinum
Apiaceae,Peucedanum,verticillare
Apiaceae,Pimpinella,major
Apiaceae,Pimpinella,saxifraga
Apiaceae,Pleurospermum,brunonis
Apiaceae,Sanicula,bipinnatifida
Apiaceae,Sanicula,crassicaulis
Apiaceae,Sanicula,europaea
Apiaceae,Sanicula,graveolens
Apiaceae,Sanicula,marilandica
Apiaceae,Saposhnikovia,divaricata
Apiaceae,Selinum,tenuifolium
Apiaceae,Selinum,wallichianum
Apiaceae,Seseli,caespitosum
Apiaceae,Seseli,osseum
Apiaceae,Siler,montanum
Apiaceae,Sium,suave
Apiaceae,Tilingia,holopetala
Apiaceae,Zizia,aptera
Apiaceae,Zizia,aurea
Apocynaceae,Dregea,sinensis
Apocynaceae,Indet Apocynaceae,
Apocynaceae,Riocreuxia,torulosa
Apocynaceae subfam. Apocynoideae,Apocynum,androsaemifolium
Apocynaceae subfam. Apocynoideae,Apocynum,sibiricum
Apocynaceae subfam. Apocynoideae,Nerium,oleander
Apocynaceae subfam. Apocynoideae,Parsonsia,heterophylla
Apocynaceae subfam. Apocynoideae,Trachelospermum,asiaticum
Apocynaceae subfam. Apocynoideae,Trachelospermum,jasminoides
Apocynaceae subfam. Apocynoideae,Trachelospermum,sp.
Apocynaceae subfam. Asclepiadoideae,Araujia,hortorum
Apocynaceae subfam. Asclepiadoideae,Asclepias,californica
Apocynaceae subfam. Asclepiadoideae,Asclepias,cordifolia
Apocynaceae subfam. Asclepiadoideae,Asclepias,cryptoceras
Apocynaceae subfam. Asclepiadoideae,Asclepias,curassavica
Apocynaceae subfam. Asclepiadoideae,Asclepias,exaltata
Apocynaceae subfam. Asclepiadoideae,Asclepias,fascicularis
Apocynaceae subfam. Asclepiadoideae,Asclepias,incarnata
Apocynaceae subfam. Asclepiadoideae,Asclepias,speciosa
Apocynaceae subfam. Asclepiadoideae,Asclepias,syriaca
Apocynaceae subfam. Asclepiadoideae,Asclepias,tuberosa
Apocynaceae subfam. Asclepiadoideae,Asclepias,variegata
Apocynaceae subfam. Asclepiadoideae,Asclepias,viridis
Apocynaceae subfam. Asclepiadoideae,Gomphocarpus,physocarpus
Apocynaceae subfam. Asclepiadoideae,Oxypetalum,coeruleum
Apocynaceae subfam. Asclepiadoideae,Vincetoxicum,fuscatum
Apocynaceae subfam. Asclepiadoideae,Vincetoxicum,hirundinaria
Apocynaceae subfam. Asclepiadoideae,Vincetoxicum,nigrum
Apocynaceae subfam. Asclepiadoideae,Xysmalobium,tysonianum
Apocynaceae subfam. Rauvolfioideae,Amsonia,
Apocynaceae subfam. Rauvolfioideae,Amsonia,elliptica
Apocynaceae subfam. Rauvolfioideae,Amsonia,hubrichtii
Apocynaceae subfam. Rauvolfioideae,Amsonia,orientalis
Apocynaceae subfam. Rauvolfioideae,Amsonia,tabernaemontana
Apocynaceae subfam. Rauvolfioideae,Vinca,"(J.C.,EUROPE)"
Apocynaceae subfam. Rauvolfioideae,Vinca,difformis
Apocynaceae subfam. Rauvolfioideae,Vinca,major
Apocynaceae subfam. Rauvolfioideae,Vinca,minor
Aquifoliaceae,Ilex,
Aquifoliaceae,Ilex,aculeolata
Aquifoliaceae,Ilex,aquifolium
Aquifoliaceae,Ilex,bioritsensis
Aquifoliaceae,Ilex,chapaensis
Aquifoliaceae,Ilex,colchica
Aquifoliaceae,Ilex,collina
Aquifoliaceae,Ilex,corallina
Aquifoliaceae,Ilex,cornuta
Aquifoliaceae,Ilex,crenata
Aquifoliaceae,Ilex,cyrtura
Aquifoliaceae,Ilex,fargesii
Aquifoliaceae,Ilex,ficoidea
Aquifoliaceae,Ilex,franchetiana
Aquifoliaceae,Ilex,glabra
Aquifoliaceae,Ilex,goshiensis
Aquifoliaceae,Ilex,integra
Aquifoliaceae,Ilex,intricata
Aquifoliaceae,Ilex,latifolia
Aquifoliaceae,Ilex,leucoclada
Aquifoliaceae,Ilex,litseifolia
Aquifoliaceae,Ilex,macrocarpa
Aquifoliaceae,Ilex,macropoda
Aquifoliaceae,Ilex,melanotricha
Aquifoliaceae,Ilex,micrococca
Aquifoliaceae,Ilex,montana
Aquifoliaceae,Ilex,mucronata
Aquifoliaceae,Ilex,nothofagifolia
Aquifoliaceae,Ilex,pedunculosa
Aquifoliaceae,Ilex,pernyi
Aquifoliaceae,Ilex,poneantha
Aquifoliaceae,Ilex,pubescens
Aquifoliaceae,Ilex,rotunda
Aquifoliaceae,Ilex,shennongjiaensis
Aquifoliaceae,Ilex,sp.
Aquifoliaceae,Ilex,suaveolens
Aquifoliaceae,Ilex,sugerokii
Aquifoliaceae,Ilex,triflora
Aquifoliaceae,Ilex,verticillata
Aquifoliaceae,Ilex,wilsonii
Aquifoliaceae,Ilex,zhejiangensis
Aquifoliaceae,Ilex,× attenuata
Aquifoliaceae,Ilex,× meserveae
Aquifoliaceae,Ilex,× wandoensis
Aquifoliaceae,Nemopanthus,mucronatus
Araceae,Amorphophallus,konjac
Araceae,Arisaema,
Araceae,Arisaema,amurense
Araceae,Arisaema,angustatum
Araceae,Arisaema,biauriculatum
Araceae,Arisaema,candidissima
Araceae,Arisaema,candidissimum
Araceae,Arisaema,ciliatum
Araceae,Arisaema,consanguineum
Araceae,Arisaema,dracontium
Araceae,Arisaema,du-bois-reymondiae
Araceae,Arisaema,elephas
Araceae,Arisaema,engleri
Araceae,Arisaema,erubescens
Araceae,Arisaema,fargesii
Araceae,Arisaema,flavum
Araceae,Arisaema,franchetianum
Araceae,Arisaema,griffithii
Araceae,Arisaema,heterocephalum
Araceae,Arisaema,heterophyllum
Araceae,Arisaema,intermedium
Araceae,Arisaema,jacquemontii
Araceae,Arisaema,japonicum
Araceae,Arisaema,lobatum
Araceae,Arisaema,peninsulae
Araceae,Arisaema,ringens
Araceae,Arisaema,robustum
Araceae,Arisaema,sazensoo
Araceae,Arisaema,serratum
Araceae,Arisaema,sikokianum
Araceae,Arisaema,sp.
Araceae,Arisaema,taiwanense
Araceae,Arisaema,thunbergii
Araceae,Arisaema,tortuosum
Araceae,Arisaema,tosaense
Araceae,Arisaema,triphyllum
Araceae,Arisaema,victoriae
Araceae,Arisaema,wilsonii
Araceae,Arisaema,yamatense
Araceae,Arisarum,proboscideum
Araceae,Arisarum,vulgare
Araceae,Arum,alpinum
Araceae,Arum,byzantinum
Araceae,Arum,concinnatum
Araceae,Arum,creticum
Araceae,Arum,dioscoridis
Araceae,Arum,italicum
Araceae,Arum,korolkovii
Araceae,Arum,korolkowii
Araceae,Arum,maculatum
Araceae,Arum,palaestinum
Araceae,Arum,pictum
Araceae,Arum,rupicola
Araceae,Biarum,davisii
Araceae,Biarum,eximium
Araceae,Biarum,marmarisense
Araceae,Biarum,tenuifolium
Araceae,Dracunculus,vulgaris
Araceae,Eminium,intortum
Araceae,Eminium,lehmannii
Araceae,Eminium,regelii
Araceae,Lemna,trisulca
Araceae,Lysichiton,americanus
Araceae,Lysichiton,camtschatcensis
Araceae,Pinellia,
Araceae,Pinellia,cordata
Araceae,Pinellia,ternata
Araceae,Pinellia,tripartita
Araceae,Sauromatum,venosum
Araceae,Symplocarpus,foetidus
Araceae,Symplocarpus,nipponicus
Araceae,Typhonium,horsfieldii
Araceae,Zantedeschia,aethiopica
Araceae,Zantedeschia,jucunda
Araceae,Zantedeschia,rehmannii
Araliaceae,Aralia,bipinnata
Araliaceae,Aralia,californica
Araliaceae,Aralia,chinensis
Araliaceae,Aralia,cordata
Araliaceae,Aralia,elata
Araliaceae,Aralia,hispida
Araliaceae,Aralia,nudicaulis
Araliaceae,Aralia,racemosa
Araliaceae,Aralia,sp.
Araliaceae,Aralia,spinosa
Araliaceae,Brassaiopsis,fatsioides
Araliaceae,Brassaiopsis,sp.
Araliaceae,Chengiopanax,sciadophylloides
Araliaceae,Cussonia,paniculata
Araliaceae,Dendropanax,chevalieri
Araliaceae,Dendropanax,trifidus
Araliaceae,Eleutherococcus,giraldii
Araliaceae,Eleutherococcus,leucorrhizus
Araliaceae,Eleutherococcus,rehderianus
Araliaceae,Eleutherococcus,senticosus
Araliaceae,Eleutherococcus,sieboldianus
Araliaceae,Eleutherococcus,sp.
Araliaceae,Eleutherococcus,trifoliatus
Araliaceae,Fatsia,japonica
Araliaceae,Fatsia,polycarpa
Araliaceae,Gamblea,pseudoevodiifolia
Araliaceae,Hedera,
Araliaceae,Hedera,canariensis
Araliaceae,Hedera,caucasigena
Araliaceae,Hedera,colchica
Araliaceae,Hedera,helix
Araliaceae,Hedera,nepalensis
Araliaceae,Hedera,pastuchovii
Araliaceae,Hedera,rhombea
Araliaceae,Hedera,sp.
Araliaceae,Heptapleurum,alpinum
Araliaceae,Heptapleurum,arboricola
Araliaceae,Heptapleurum,chapanum
Araliaceae,Heptapleurum,delavayi
Araliaceae,Heptapleurum,dongnaiense
Araliaceae,Heptapleurum,fantsipanense
Araliaceae,Heptapleurum,fengii
Araliaceae,Heptapleurum,gracile
Araliaceae,Heptapleurum,heptaphyllum
Araliaceae,Heptapleurum,hoi
Araliaceae,Heptapleurum,locianum
Araliaceae,Heptapleurum,macrophyllum
Araliaceae,Heptapleurum,minutistellatum
Araliaceae,Heptapleurum,rhododendrifolia
Araliaceae,Heptapleurum,taiwanianum
Araliaceae,Hydrocotyle,asiatica
Araliaceae,Hydrocotyle,hirta
Araliaceae,Hydrocotyle,moschata
Araliaceae,Hydrocotyle,ranunculoides
Araliaceae,Kalopanax,septemlobus
Araliaceae,Merrilliopanax,alpinus
Araliaceae,Merrilliopanax,membranifolius
Araliaceae,Merrilliopanax,sp.
Araliaceae,Metapanax,davidii
Araliaceae,Metapanax,delavayi
Araliaceae,Oplopanax,horridus
Araliaceae,Pentapanax,sp.
Araliaceae,Pseudopanax,arboreus
Araliaceae,Pseudopanax,crassifolius
Araliaceae,Pseudopanax,lessonii
Araliaceae,Pseudopanax,simplex
Araliaceae,Schefflera,petelotii
Araliaceae,Schefflera,sp.
Araliaceae,Sinopanax,formosanus
Araliaceae,Tetrapanax,papyrifer
Araliaceae,Trevesia,palmata
Araliaceae,× Fatshedera,lizei
Araucariaceae,Araucaria,angustifolia
Araucariaceae,Araucaria,araucana
Araucariaceae,Wollemia,nobilis
Arecaceae,Caryota,maxima
Arecaceae,Chamaerops,humilis
Arecaceae,Dypsis,decipiens
Arecaceae,Trachycarpus,fortunei
Arecaceae,Trachycarpus,geminisectus
Arecaceae,Trachycarpus,latisectus
Arecaceae,Trachycarpus,princeps
Arecaceae,Trachycarpus,sp.kr.7333
Argophyllaceae,Corokia,cotoneaster
Argophyllaceae,Corokia,× virgata
Aristolochiaceae,Aristolochia,bridgesii
Aristolochiaceae,Aristolochia,californica
Aristolochiaceae,Aristolochia,chilensis
Aristolochiaceae,Aristolochia,clematitis
Aristolochiaceae,Aristolochia,debilis
Aristolochiaceae,Aristolochia,fimbriata
Aristolochiaceae,Aristolochia,griffithii
Aristolochiaceae,Aristolochia,guichardii
Aristolochiaceae,Aristolochia,kaempferi
Aristolochiaceae,Aristolochia,macrophylla
Aristolochiaceae,Aristolochia,manshuriensis
Aristolochiaceae,Aristolochia,moupinensis
Aristolochiaceae,Aristolochia,tomentosa
Aristolochiaceae,Asarum,arifolium
Aristolochiaceae,Asarum,blumei
Aristolochiaceae,Asarum,canadense
Aristolochiaceae,Asarum,caudatum
Aristolochiaceae,Asarum,crassum
Aristolochiaceae,Asarum,curvistigma
Aristolochiaceae,Asarum,europaeum
Aristolochiaceae,Asarum,hartwegii
Aristolochiaceae,Asarum,kurosawae
Aristolochiaceae,Asarum,magnificum
Aristolochiaceae,Asarum,megacalyx
Aristolochiaceae,Asarum,muramatsui
Aristolochiaceae,Asarum,savatieri
Aristolochiaceae,Asarum,shuttleworthii
Aristolochiaceae,Asarum,sp.
Aristolochiaceae,Asarum,splendens
Aristolochiaceae,Asarum,takaoi
Aristolochiaceae,Saruma,henryi
Asparagaceae,Agave,applanata
Asparagaceae,Agave,atrovirens
Asparagaceae,Agave,bracteosa
Asparagaceae,Agave,chrysantha
Asparagaceae,Agave,deserti
Asparagaceae,Agave,gentryi
Asparagaceae,Agave,gracilipes
Asparagaceae,Agave,havardiana
Asparagaceae,Agave,palmeri
Asparagaceae,Agave,parryi
Asparagaceae,Agave,potatorum
Asparagaceae,Agave,stricta
Asparagaceae,Agave,toumeyana
Asparagaceae,Agave,utahensis
Asparagaceae,Agave,victoriae-reginae
Asparagaceae,Albuca,altissima
Asparagaceae,Albuca,canadensis
Asparagaceae,Albuca,fastigiata
Asparagaceae,Albuca,humilis
Asparagaceae,Albuca,nelsonii
Asparagaceae,Albuca,shawii
Asparagaceae,Anemarrhena,asphodeloides
Asparagaceae,Anthericum,(DBGSA.116-94)
Asparagaceae,Anthericum,leptophyllum
Asparagaceae,Anthericum,liliago
Asparagaceae,Anthericum,ramosum
Asparagaceae,Aphyllanthes,monspeliensis
Asparagaceae,Arthropodium,candidum
Asparagaceae,Arthropodium,cirratum
Asparagaceae,Arthropodium,cirrhatum
Asparagaceae,Arthropodium,milleflorum
Asparagaceae,Asparagus,acutifolius
Asparagaceae,Asparagus,lycopodineus
Asparagaceae,Asparagus,maritimus
Asparagaceae,Asparagus,microraphis
Asparagaceae,Asparagus,officinalis
Asparagaceae,Asparagus,pseudoscaber
Asparagaceae,Asparagus,verticillatus
Asparagaceae,Aspidistra,elatior
Asparagaceae,Bellevalia,(MT.2044A)
Asparagaceae,Bellevalia,(MT.2048)
Asparagaceae,Bellevalia,(MT.2064)
Asparagaceae,Bellevalia,longistyla
Asparagaceae,Bellevalia,romana
Asparagaceae,Bellevalia,sarmatica
Asparagaceae,Beschorneria,rigida
Asparagaceae,Bloomeria,crocea
Asparagaceae,Brodiaea,
Asparagaceae,Brodiaea,(COLL.CALIF.)
Asparagaceae,Brodiaea,californica
Asparagaceae,Brodiaea,coronaria
Asparagaceae,Brodiaea,crocea
Asparagaceae,Brodiaea,elegans
Asparagaceae,Brodiaea,ida-maia
Asparagaceae,Brodiaea,ixioides
Asparagaceae,Brodiaea,minor
Asparagaceae,Brodiaea,peduncularis
Asparagaceae,Brodiaea,sp.
Asparagaceae,Brodiaea,terrestris
Asparagaceae,Brodiaea,volubilis
Asparagaceae,Brodiaea,× tubergenii
Asparagaceae,Camassia,
Asparagaceae,Camassia,cusickii
Asparagaceae,Camassia,howellii
Asparagaceae,Camassia,hybrid
Asparagaceae,Camassia,leichtlinii
Asparagaceae,Camassia,quamash
Asparagaceae,Camassia,scilloides
Asparagaceae,Camassia,sp.
Asparagaceae,Chionodoxa,forbesii
Asparagaceae,Chionodoxa,luciliae
Asparagaceae,Chionodoxa,sardensis
Asparagaceae,Chlorogalum,pomeridianum
Asparagaceae,Comospermum,yedoense
Asparagaceae,Convallaria,majalis
Asparagaceae,Cordyline,australis
Asparagaceae,Cordyline,banksii
Asparagaceae,Cordyline,indivisa
Asparagaceae,Cordyline,pumilio
Asparagaceae,Danae,racemosa
Asparagaceae,Dasylirion,leiophyllum
Asparagaceae,Dasylirion,longissimum
Asparagaceae,Dasylirion,texanum
Asparagaceae,Dasylirion,wheeleri
Asparagaceae,Dichelostemma,
Asparagaceae,Dichelostemma,capitatum
Asparagaceae,Dichelostemma,congestum
Asparagaceae,Dichelostemma,ida-maia
Asparagaceae,Dichelostemma,multiflorum
Asparagaceae,Dichelostemma,pulchellum
Asparagaceae,Dichelostemma,volubile
Asparagaceae,Dichopogon,strictus
Asparagaceae,Dipcadi,serotinum
Asparagaceae,Disporopsis,longifolia
Asparagaceae,Disporopsis,pernyi
Asparagaceae,Disporopsis,sp.
Asparagaceae,Disporopsis,sp.pw.124
Asparagaceae,Disporopsis,species nova
Asparagaceae,Drimia,anomala
Asparagaceae,Drimia,maritima
Asparagaceae,Echeandia,(Mexican)
Asparagaceae,Echeandia,terniflora
Asparagaceae,Eucomis,
Asparagaceae,Eucomis,autumnalis
Asparagaceae,Eucomis,bicolor
Asparagaceae,Eucomis,comosa
Asparagaceae,Eucomis,montana
Asparagaceae,Eucomis,pallidiflora
Asparagaceae,Eucomis,vandermerwei
Asparagaceae,Eucomis,zambesiaca
Asparagaceae,Eustrephus,latifolius
Asparagaceae,Fessia,greilhuberi
Asparagaceae,Hastingsia,alba
Asparagaceae,Hesperaloe,parviflora
Asparagaceae,Hesperoyucca,whipplei
Asparagaceae,Hosta,
Asparagaceae,Hosta,(COLL.KYUSHU)
Asparagaceae,Hosta,cathayana
Asparagaceae,Hosta,crispula
Asparagaceae,Hosta,fortunei
Asparagaceae,Hosta,glauca
Asparagaceae,Hosta,hypoleuca
Asparagaceae,Hosta,kikutii
Asparagaceae,Hosta,kiyosumiensis
Asparagaceae,Hosta,lancifolia
Asparagaceae,Hosta,minor
Asparagaceae,Hosta,montana
Asparagaceae,Hosta,nakaiana
Asparagaceae,Hosta,plantaginea
Asparagaceae,Hosta,pycnophylla
Asparagaceae,Hosta,rupifraga
Asparagaceae,Hosta,sieboldiana
Asparagaceae,Hosta,sieboldii
Asparagaceae,Hosta,sp.
Asparagaceae,Hosta,tardiflora
Asparagaceae,Hosta,tokudama
Asparagaceae,Hosta,tsushimensis
Asparagaceae,Hosta,undulata
Asparagaceae,Hosta,ventricosa
Asparagaceae,Hosta,venusta
Asparagaceae,Hosta,yingeri
Asparagaceae,Hosta,×
Asparagaceae,Hosta,× tardiana
Asparagaceae,Hyacinthella,leucophaea
Asparagaceae,Hyacinthoides,hispanica
Asparagaceae,Hyacinthoides,nonscripta
Asparagaceae,Hyacinthus,azureus
Asparagaceae,Hyacinthus,orientalis
Asparagaceae,Lachenalia,contaminata
Asparagaceae,Lachenalia,orchioides
Asparagaceae,Lachenalia,pallida
Asparagaceae,Lachenalia,reflexa
Asparagaceae,Lachenalia,rosea
Asparagaceae,Lachenalia,unicolor
Asparagaceae,Lachenalia,unifolia
Asparagaceae,Lachenalia,viridiflora
Asparagaceae,Lachenalia,×
Asparagaceae,Ledebouria,cooperi
Asparagaceae,Leopoldia,caucasica
Asparagaceae,Leucocrinum,montanum
Asparagaceae,Liriope,japonica
Asparagaceae,Liriope,minor
Asparagaceae,Liriope,muscari
Asparagaceae,Liriope,sp
Asparagaceae,Maianthemum,canadense
Asparagaceae,Maianthemum,dilatatum
Asparagaceae,Maianthemum,formosanum
Asparagaceae,Maianthemum,fuscum
Asparagaceae,Maianthemum,henryi
Asparagaceae,Maianthemum,japonicum
Asparagaceae,Maianthemum,oleraceum
Asparagaceae,Maianthemum,purpureum
Asparagaceae,Maianthemum,racemosum
Asparagaceae,Maianthemum,stellatum
Asparagaceae,Maianthemum,stenolobum
Asparagaceae,Maianthemum,tatsienense
Asparagaceae,Maianthemum,trifolium
Asparagaceae,Manfreda,virginica
Asparagaceae,Massonia,depressa
Asparagaceae,Massonia,pustulata
Asparagaceae,Milla,biflora
Asparagaceae,Muscari,
Asparagaceae,Muscari,armeniacum
Asparagaceae,Muscari,aucheri
Asparagaceae,Muscari,azureum
Asparagaceae,Muscari,botryoides
Asparagaceae,Muscari,caucasicum
Asparagaceae,Muscari,comosum
Asparagaceae,Muscari,holzmannii
Asparagaceae,Muscari,latifolium
Asparagaceae,Muscari,macrocarpum
Asparagaceae,Muscari,moschatum
Asparagaceae,Muscari,neglectum
Asparagaceae,Muscari,pallens
Asparagaceae,Muscari,paradoxum
Asparagaceae,Muscari,polyanthum
Asparagaceae,Muscari,sp.
Asparagaceae,Muscari,tubergenianum
Asparagaceae,Muscarimia,muscari
Asparagaceae,Nolina,hibernica
Asparagaceae,Nolina,microcarpa
Asparagaceae,Ophiopogon,jaburan
Asparagaceae,Ophiopogon,japonicus
Asparagaceae,Ophiopogon,planiscapus
Asparagaceae,Ophiopogon,sp.
Asparagaceae,Ophiopogon,umbraticola
Asparagaceae,Ornithogalum,(MT.2038)
Asparagaceae,Ornithogalum,arabicum
Asparagaceae,Ornithogalum,balansae
Asparagaceae,Ornithogalum,candicans
Asparagaceae,Ornithogalum,comosum
Asparagaceae,Ornithogalum,drakensbergense
Asparagaceae,Ornithogalum,fimbriatum
Asparagaceae,Ornithogalum,montanum
Asparagaceae,Ornithogalum,nanum
Asparagaceae,Ornithogalum,nutans
Asparagaceae,Ornithogalum,ponticum
Asparagaceae,Ornithogalum,princeps
Asparagaceae,Ornithogalum,pyramidale
Asparagaceae,Ornithogalum,pyrenaicum
Asparagaceae,Ornithogalum,reverchonii
Asparagaceae,Ornithogalum,saundersiae
Asparagaceae,Ornithogalum,sibthorpii
Asparagaceae,Ornithogalum,sp.
Asparagaceae,Ornithogalum,sphaerocarpum
Asparagaceae,Ornithogalum,tenuifolium
Asparagaceae,Ornithogalum,thyrsoides
Asparagaceae,Ornithogalum,umbellatum
Asparagaceae,Ornithogalum,unifolium
Asparagaceae,Ornithogalum,viridiflorum
Asparagaceae,Paradisea,
Asparagaceae,Paradisea,liliastrum
Asparagaceae,Paradisea,lusitanica
Asparagaceae,Polygonatum,
Asparagaceae,Polygonatum,(CLD.1308)
Asparagaceae,Polygonatum,(CLD.1518)
Asparagaceae,Polygonatum,biflorum
Asparagaceae,Polygonatum,cirrhifolium
Asparagaceae,Polygonatum,curvistylum
Asparagaceae,Polygonatum,cyrtonema
Asparagaceae,Polygonatum,falcatum
Asparagaceae,Polygonatum,geminiflorum
Asparagaceae,Polygonatum,hookeri
Asparagaceae,Polygonatum,involucratum
Asparagaceae,Polygonatum,kingianum
Asparagaceae,Polygonatum,lasianthum
Asparagaceae,Polygonatum,odoratum
Asparagaceae,Polygonatum,oppositifolium
Asparagaceae,Polygonatum,prattii
Asparagaceae,Polygonatum,pubescens
Asparagaceae,Polygonatum,punctatum
Asparagaceae,Polygonatum,sibiricum
Asparagaceae,Polygonatum,sp.
Asparagaceae,Polygonatum,sp.djhc820
Asparagaceae,Polygonatum,stenanthum
Asparagaceae,Polygonatum,verticillatum
Asparagaceae,Polygonatum,zanlanscianense
Asparagaceae,Polygonatum,× hybridum
Asparagaceae,Polyxena,odorata
Asparagaceae,Pseudomuscari,chalusicum
Asparagaceae,Pseudomuscari,coeleste
Asparagaceae,Pseudomuscari,forniculatum
Asparagaceae,Puschkinia,scilloides
Asparagaceae,Reineckea,carnea
Asparagaceae,Rohdea,japonica
Asparagaceae,Rohdea,nepalensis
Asparagaceae,Ruscus,aculeatus
Asparagaceae,Ruscus,colchicus
Asparagaceae,Ruscus,hypoglossum
Asparagaceae,Ruscus,hypophyllum
Asparagaceae,Scilla,
Asparagaceae,Scilla,(GFL.0058)
Asparagaceae,Scilla,(MT.2073)
Asparagaceae,Scilla,(MT.2520)
Asparagaceae,Scilla,adlamii
Asparagaceae,Scilla,autumnalis
Asparagaceae,Scilla,bifolia
Asparagaceae,Scilla,griffithii
Asparagaceae,Scilla,hyacinthoides
Asparagaceae,Scilla,mischtschenkoana
Asparagaceae,Scilla,monophyllos
Asparagaceae,Scilla,nervosa
Asparagaceae,Scilla,peruviana
Asparagaceae,Scilla,pratensis
Asparagaceae,Scilla,puschkinioides
Asparagaceae,Scilla,rosenii
Asparagaceae,Scilla,scilloides
Asparagaceae,Scilla,siberica
Asparagaceae,Scilla,tubergeniana
Asparagaceae,Scilla,verna
Asparagaceae,Speirantha,gardenii
Asparagaceae,Trichopetalum,plumosum
Asparagaceae,Triteleia,bridgesii
Asparagaceae,Triteleia,grandiflora
Asparagaceae,Triteleia,hendersonii
Asparagaceae,Triteleia,hyacinthina
Asparagaceae,Triteleia,ixioides
Asparagaceae,Triteleia,laxa
Asparagaceae,Triteleia,lemmoniae
Asparagaceae,Triteleia,uniflora
Asparagaceae,Triteleia,× tubergenii
Asparagaceae,Whiteheadia,bifolia
Asparagaceae,Yucca,aloifolia
Asparagaceae,Yucca,angustifolia
Asparagaceae,Yucca,baccata
Asparagaceae,Yucca,baileyi
Asparagaceae,Yucca,brevifolia
Asparagaceae,Yucca,constricta
Asparagaceae,Yucca,faxoniana
Asparagaceae,Yucca,filamentosa
Asparagaceae,Yucca,flaccida
Asparagaceae,Yucca,glauca
Asparagaceae,Yucca,gloriosa
Asparagaceae,Yucca,harrimaniae
Asparagaceae,Yucca,intermedia
Asparagaceae,Yucca,linearifolia
Asparagaceae,Yucca,neomexicana
Asparagaceae,Yucca,recurvifolia
Asparagaceae,Yucca,rigida
Asparagaceae,Yucca,rostrata
Asparagaceae,Yucca,rupicola
Asparagaceae,Yucca,schidigera
Asparagaceae,Yucca,schottii
Asparagaceae,Yucca,sp.
Asparagaceae,Yucca,thompsoniana
Asparagaceae,Yucca,treculeana
Asparagaceae,Yucca,whipplei
Asphodelaceae,Aloe,pratensis
Asphodelaceae,Aloe,reitzii
Asphodelaceae,Aloe,saponaria
Asphodelaceae,Aloiampelos,striatula
Asphodelaceae,Aristaloe,aristata
Asphodelaceae,Asphodeline,
Asphodelaceae,Asphodeline,liburnica
Asphodelaceae,Asphodeline,lutea
Asphodelaceae,Asphodeline,taurica
Asphodelaceae,Asphodelus,acaulis
Asphodelaceae,Asphodelus,aestivus
Asphodelaceae,Asphodelus,albus
Asphodelaceae,Asphodelus,ayardii
Asphodelaceae,Asphodelus,fistulosus
Asphodelaceae,Asphodelus,luteus
Asphodelaceae,Bulbine,abyssinica
Asphodelaceae,Bulbine,bulbosa
Asphodelaceae,Bulbine,semibarbata
Asphodelaceae,Bulbine,warshenewskiana
Asphodelaceae,Bulbinella,angustifolia
Asphodelaceae,Bulbinella,hookeri
Asphodelaceae,Bulbinella,nutans
Asphodelaceae,Bulbinella,robusta
Asphodelaceae,Chamaescilla,corymbosa
Asphodelaceae,Dianella,nigra
Asphodelaceae,Dianella,revoluta
Asphodelaceae,Dianella,tasmanica
Asphodelaceae,Eremurus,aitchisonii
Asphodelaceae,Eremurus,altaicus
Asphodelaceae,Eremurus,bungei
Asphodelaceae,Eremurus,comosus
Asphodelaceae,Eremurus,elwesii
Asphodelaceae,Eremurus,fuscus
Asphodelaceae,Eremurus,himalaicus
Asphodelaceae,Eremurus,inderiensis
Asphodelaceae,Eremurus,kopetdaghensis
Asphodelaceae,Eremurus,korshinskyi
Asphodelaceae,Eremurus,lactiflorus
Asphodelaceae,Eremurus,olgae
Asphodelaceae,Eremurus,regelii
Asphodelaceae,Eremurus,robustus
Asphodelaceae,Eremurus,spectabilis
Asphodelaceae,Eremurus,stenophyllus
Asphodelaceae,Eremurus,tauricus
Asphodelaceae,Eremurus,turkestanicus
Asphodelaceae,Eremurus,zenaidae
Asphodelaceae,Eremurus,×
Asphodelaceae,Eremurus,× isabellinus
Asphodelaceae,Hemerocallis,
Asphodelaceae,Hemerocallis,dumortieri
Asphodelaceae,Hemerocallis,flava
Asphodelaceae,Hemerocallis,forrestii
Asphodelaceae,Hemerocallis,fulva
Asphodelaceae,Hemerocallis,koreana
Asphodelaceae,Hemerocallis,lilioasphodelus
Asphodelaceae,Hemerocallis,middendorffii
Asphodelaceae,Hemerocallis,minor
Asphodelaceae,Hemerocallis,sp.
Asphodelaceae,Hemerocallis,thunbergii
Asphodelaceae,Hemerocallis,vespertina
Asphodelaceae,Kniphofia,
Asphodelaceae,Kniphofia,acraea
Asphodelaceae,Kniphofia,albescens
Asphodelaceae,Kniphofia,brachystachya
Asphodelaceae,Kniphofia,bruceae
Asphodelaceae,Kniphofia,buchananii
Asphodelaceae,Kniphofia,caulescens
Asphodelaceae,Kniphofia,citrina
Asphodelaceae,Kniphofia,ensifolia
Asphodelaceae,Kniphofia,galpinii
Asphodelaceae,Kniphofia,hirsuta
Asphodelaceae,Kniphofia,hybrid
Asphodelaceae,Kniphofia,ichopensis
Asphodelaceae,Kniphofia,laxiflora
Asphodelaceae,Kniphofia,linearifolia
Asphodelaceae,Kniphofia,multiflora
Asphodelaceae,Kniphofia,northiae
Asphodelaceae,Kniphofia,parviflora
Asphodelaceae,Kniphofia,pauciflora
Asphodelaceae,Kniphofia,porphyrantha
Asphodelaceae,Kniphofia,pumila
Asphodelaceae,Kniphofia,rooperi
Asphodelaceae,Kniphofia,sarmentosa
Asphodelaceae,Kniphofia,sp.
Asphodelaceae,Kniphofia,thodei
Asphodelaceae,Kniphofia,thomsonii
Asphodelaceae,Kniphofia,triangularis
Asphodelaceae,Kniphofia,typhoides
Asphodelaceae,Kniphofia,uvaria
Asphodelaceae,Phormium,
Asphodelaceae,Phormium,colensoi
Asphodelaceae,Phormium,cookianum
Asphodelaceae,Phormium,tenax
Aspleniaceae,Asplenium,adiantum-nigrum
Aspleniaceae,Asplenium,ceterach
Aspleniaceae,Asplenium,ebenoides
Aspleniaceae,Asplenium,flaccidum
Aspleniaceae,Asplenium,fontanum
Aspleniaceae,Asplenium,rhizophyllum
Aspleniaceae,Asplenium,ruta-muraria
Aspleniaceae,Asplenium,scolopendrium
Aspleniaceae,Asplenium,septentrionale
Aspleniaceae,Asplenium,trichomanes
Aspleniaceae,Asplenium,viride
Aspleniaceae,Camptosorus,rhyzophyllus
Aspleniaceae,Phyllitis,scolopendrium
Asteliaceae,Astelia,alpina
Asteliaceae,Astelia,chathamica
Asteliaceae,Astelia,fragrans
Asteliaceae,Astelia,linearis
Asteliaceae,Astelia,nervosa
Asteliaceae,Milligania,densiflora
Asteliaceae,Milligania,lindoniana
Asteraceae,Acmella,oleracea
Asteraceae,Adenocaulon,bicolor
Asteraceae,Ageratum,houstonianum
Asteraceae,Anaphalioides,bellidioides
Asteraceae,Arctanthemum,arcticum
Asteraceae,Argyrotegium,mackayi
Asteraceae,Argyroxiphium,kauense
Asteraceae,Athrixia,fontana
Asteraceae,Bahia,absinthifolia
Asteraceae,Barnadesia,spinosa
Asteraceae,Berlandiera,lyrata
Asteraceae,Brachyactis,(AAR.80460)
Asteraceae,Brachyglottis,
Asteraceae,Brachyglottis,bellidioides
Asteraceae,Brachyglottis,lagopus
Asteraceae,Brachyglottis,monroi
Asteraceae,Brachyglottis,perdicioides
Asteraceae,Cacalia,delphiniifolia
Asteraceae,Callilepis,leptophylla
Asteraceae,Cardopatium,corymbosum
Asteraceae,Celmisia,(Inshriach Hybrids)
Asteraceae,Celmisia,allanii
Asteraceae,Celmisia,angustifolia
Asteraceae,Celmisia,argentea
Asteraceae,Celmisia,armstrongii
Asteraceae,Celmisia,bonplandii
Asteraceae,Celmisia,brevifolia
Asteraceae,Celmisia,cordatifolia
Asteraceae,Celmisia,coriacea
Asteraceae,Celmisia,densiflora
Asteraceae,Celmisia,discolor
Asteraceae,Celmisia,durietzii
Asteraceae,Celmisia,gracilenta
Asteraceae,Celmisia,graminifolia
Asteraceae,Celmisia,haastii
Asteraceae,Celmisia,hectori
Asteraceae,Celmisia,holosericea
Asteraceae,Celmisia,hookeri
Asteraceae,Celmisia,incana
Asteraceae,Celmisia,longifolia
Asteraceae,Celmisia,lyallii
Asteraceae,Celmisia,mackaui
Asteraceae,Celmisia,monroi
Asteraceae,Celmisia,morganii
Asteraceae,Celmisia,petiolata
Asteraceae,Celmisia,petriei
Asteraceae,Celmisia,prorepens
Asteraceae,Celmisia,ramulosa
Asteraceae,Celmisia,rutlandii
Asteraceae,Celmisia,saxifraga
Asteraceae,Celmisia,semicordata
Asteraceae,Celmisia,sericophylla
Asteraceae,Celmisia,sessiliflora
Asteraceae,Celmisia,sinclairii
Asteraceae,Celmisia,sp.
Asteraceae,Celmisia,spectabilis
Asteraceae,Celmisia,traversii
Asteraceae,Celmisia,verbascifolia
Asteraceae,Celmisia,viscosa
Asteraceae,Celmisia,walkeri
Asteraceae,Celmisia,webbii
Asteraceae,Chiliotrichum,diffusum
Asteraceae,Chrysothamnus,nauseosus
Asteraceae,Conoclinium,coelestinum
Asteraceae,Corethrogyne,californica
Asteraceae,Cremanthodium,
Asteraceae,Cremanthodium,arnicoides
Asteraceae,Cremanthodium,brunneopilosum
Asteraceae,Cremanthodium,campanulatum
Asteraceae,Cremanthodium,decaisnei
Asteraceae,Cremanthodium,delavayi
Asteraceae,Cremanthodium,ellisii
Asteraceae,Cremanthodium,lineare
Asteraceae,Cremanthodium,reniforme
Asteraceae,Cremanthodium,thomsonii
Asteraceae,Crocidium,multicaule
Asteraceae,Dicoma,anomala
Asteraceae,Dicoma,zeyheri
Asteraceae,Didelta,carnosa
Asteraceae,Doellingeria,umbellata
Asteraceae,Dolichoglottis,scorzoneroides
Asteraceae,Dolomiaea,macrocephala
Asteraceae,Dymondia,margaretae
Asteraceae,Enceliopsis,nudicaulis
Asteraceae,Ericameria,greenei
Asteraceae,Ericameria,nauseosa
Asteraceae,Espeletia,atropurpurea
Asteraceae,Espeletia,schultzii
Asteraceae,Eumorphia,prostrata
Asteraceae,Eumorphia,sericea
Asteraceae,Eurybia,conspicua
Asteraceae,Eurybia,divaricata
Asteraceae,Eurybia,macrophylla
Asteraceae,Eurybia,sibirica
Asteraceae,Eurybia,× herveyi
Asteraceae,Euthamia,graminifolia
Asteraceae,Euthamia,occidentalis
Asteraceae,Ewartia,catipes
Asteraceae,Gamolepis,chrysanthemoides
Asteraceae,Garuleum,bipinnatum
Asteraceae,Geropogon,hybridus
Asteraceae,Haastia,pulvinaris
Asteraceae,Haastia,recurva
Asteraceae,Haplocarpha,rueppellii
Asteraceae,Haplocarpha,scaposa
Asteraceae,Heliomeris,multiflora
Asteraceae,Helipterum,anthemoides
Asteraceae,Hertia,cheirifolia
Asteraceae,Heteropappus,altaicus
Asteraceae,Hirpicium,armerioides
Asteraceae,Homogyne,alpina
Asteraceae,Hulsea,algida
Asteraceae,Humea,elegans
Asteraceae,Indet Asteraceae,
Asteraceae,Inulanthera,calva
Asteraceae,Lagenophora,cuneata
Asteraceae,Lagenophora,pumila
Asteraceae,Lagenophora,stipitata
Asteraceae,Leptorhynchos,squamatus
Asteraceae,Leucheria,achilleifolia
Asteraceae,Leucheria,rosea
Asteraceae,Leucheria,thermarum
Asteraceae,Leucochrysum,albicans
Asteraceae,Leucogenes,grandiceps
Asteraceae,Leucogenes,leontopodium
Asteraceae,Luina,hypoleuca
Asteraceae,Metalasia,muricata
Asteraceae,Microglossa,albescens
Asteraceae,Nardophyllum,bryoides
Asteraceae,Nassauvia,glomerulosa
Asteraceae,Nauplius,sericeus
Asteraceae,Oclemena,acuminata
Asteraceae,Othonnopsis,cheirifolia
Asteraceae,Ozothamnus,
Asteraceae,Ozothamnus,ericifolius
Asteraceae,Ozothamnus,hookeri
Asteraceae,Ozothamnus,ledifolius
Asteraceae,Ozothamnus,leptophyllus
Asteraceae,Ozothamnus,rosmarinifolius
Asteraceae,Ozothamnus,sp.
Asteraceae,Pachylaena,atriplicifolia
Asteraceae,Packera,aurea
Asteraceae,Packera,cana
Asteraceae,Paranephelius,ovatus
Asteraceae,Pentanema,ensifolium
Asteraceae,Pentzia,suffruticosa
Asteraceae,Phaenocoma,prolifera
Asteraceae,Pilosella,officinarum
Asteraceae,Plectocephalus,americanus
Asteraceae,Psephellus,dealbatus
Asteraceae,Psephellus,simplicicaulis
Asteraceae,Pteronia,(DBGSA.019-94)
Asteraceae,Pyrethrum,spectabilis
Asteraceae,Rhodanthemum,arundanum
Asteraceae,Rhodanthemum,atlanticum
Asteraceae,Rhodanthemum,hosmariense
Asteraceae,Scorzonera,suberosa
Asteraceae,Sericocarpus,rigidus
Asteraceae,Seriphidium,maritimum
Asteraceae,Silphium,laciniatum
Asteraceae,Silphium,perfoliatum
Asteraceae,Sinosenecio,newcombei
Asteraceae,Smallanthus,sonchifolius
Asteraceae,Soroseris,umbrella
Asteraceae,Stenotus,acaulis
Asteraceae,Stephanomeria,cichoriacea
Asteraceae,Tagetes,lucida
Asteraceae,Tagetes,minuta
Asteraceae,Tagetes,patula
Asteraceae,Tagetes,tenuifolia
Asteraceae,Tephroseris,integrifolia
Asteraceae,Tetraneuris,grandiflora
Asteraceae,Tithonia,rotundifolia
Asteraceae,Tonestus,lyallii
Asteraceae,Vittadinia,condyloides
Asteraceae,Waldheimia,glabra
Asteraceae,Waldheimia,stoliczkae
Asteraceae,Waldheimia,tomentosa
Asteraceae,Werneria,nubigena
Asteraceae,Wyethia,invenusta
Asteraceae,Xerochrysum,bracteatum
Asteraceae,polymnia,canadensis
Asteraceae,× Leucoraoulia,sp.beavercreek
Asteraceae subfam. Asteroideae,Achillea,
Asteraceae subfam. Asteroideae,Achillea,ageratifolia
Asteraceae subfam. Asteroideae,Achillea,ageratum
Asteraceae subfam. Asteroideae,Achillea,alpina
Asteraceae subfam. Asteroideae,Achillea,ambrosiaca
Asteraceae subfam. Asteroideae,Achillea,atrata
Asteraceae subfam. Asteroideae,Achillea,barrelieri
Asteraceae subfam. Asteroideae,Achillea,cartilaginea
Asteraceae subfam. Asteroideae,Achillea,clavennae
Asteraceae subfam. Asteroideae,Achillea,clypeolata
Asteraceae subfam. Asteroideae,Achillea,filipendulina
Asteraceae subfam. Asteroideae,Achillea,holosericea
Asteraceae subfam. Asteroideae,Achillea,millefolium
Asteraceae subfam. Asteroideae,Achillea,nana
Asteraceae subfam. Asteroideae,Achillea,ptarmica
Asteraceae subfam. Asteroideae,Achillea,tomentosa
Asteraceae subfam. Asteroideae,Achillea,umbellata
Asteraceae subfam. Asteroideae,Achillea,wilsoniana
Asteraceae subfam. Asteroideae,Achillea,×
Asteraceae subfam. Asteroideae,Achillea,× jaborneggii
Asteraceae subfam. Asteroideae,Achillea,× kellereri
Asteraceae subfam. Asteroideae,Achillea,× lewisii
Asteraceae subfam. Asteroideae,Adenostyles,alliariae
Asteraceae subfam. Asteroideae,Adenostyles,× intermedia
Asteraceae subfam. Asteroideae,Ageratina,altissima
Asteraceae subfam. Asteroideae,Agoseris,(CJM.730377)
Asteraceae subfam. Asteroideae,Agoseris,aurantiaca
Asteraceae subfam. Asteroideae,Agoseris,glauca
Asteraceae subfam. Asteroideae,Agoseris,grandiflora
Asteraceae subfam. Asteroideae,Agoseris,heterophylla
Asteraceae subfam. Asteroideae,Ajania,scharnhorstii
Asteraceae subfam. Asteroideae,Ajania,tibetica
Asteraceae subfam. Asteroideae,Ambrosia,chamissonis
Asteraceae subfam. Asteroideae,Anacyclus,depressus
Asteraceae subfam. Asteroideae,Anacyclus,pyrethrum
Asteraceae subfam. Asteroideae,Anaphalis,
Asteraceae subfam. Asteroideae,Anaphalis,contorta
Asteraceae subfam. Asteroideae,Anaphalis,margaritacea
Asteraceae subfam. Asteroideae,Anaphalis,nepalensis
Asteraceae subfam. Asteroideae,Anaphalis,sinica
Asteraceae subfam. Asteroideae,Anaphalis,triplinervis
Asteraceae subfam. Asteroideae,Anaphalis,yedoensis
Asteraceae subfam. Asteroideae,Antennaria,alpina
Asteraceae subfam. Asteroideae,Antennaria,argentea
Asteraceae subfam. Asteroideae,Antennaria,chilensis
Asteraceae subfam. Asteroideae,Antennaria,dimorpha
Asteraceae subfam. Asteroideae,Antennaria,dioica
Asteraceae subfam. Asteroideae,Antennaria,howellii
Asteraceae subfam. Asteroideae,Antennaria,lanata
Asteraceae subfam. Asteroideae,Antennaria,luzuloides
Asteraceae subfam. Asteroideae,Antennaria,magellanica
Asteraceae subfam. Asteroideae,Antennaria,media
Asteraceae subfam. Asteroideae,Antennaria,microphylla
Asteraceae subfam. Asteroideae,Antennaria,monocephala
Asteraceae subfam. Asteroideae,Antennaria,neglecta
Asteraceae subfam. Asteroideae,Antennaria,parvifolia
Asteraceae subfam. Asteroideae,Antennaria,plantaginifolia
Asteraceae subfam. Asteroideae,Antennaria,pulcherrima
Asteraceae subfam. Asteroideae,Antennaria,racemosa
Asteraceae subfam. Asteroideae,Antennaria,sp.
Asteraceae subfam. Asteroideae,Antennaria,suffrutescens
Asteraceae subfam. Asteroideae,Antennaria,umbrinella
Asteraceae subfam. Asteroideae,Anthemis,biebersteiniana
Asteraceae subfam. Asteroideae,Anthemis,cappadocica
Asteraceae subfam. Asteroideae,Anthemis,carpatica
Asteraceae subfam. Asteroideae,Anthemis,caucasica
Asteraceae subfam. Asteroideae,Anthemis,cretica
Asteraceae subfam. Asteroideae,Anthemis,marschalliana
Asteraceae subfam. Asteroideae,Anthemis,montana
Asteraceae subfam. Asteroideae,Anthemis,nobilis
Asteraceae subfam. Asteroideae,Anthemis,punctata
Asteraceae subfam. Asteroideae,Anthemis,sancti-johannis
Asteraceae subfam. Asteroideae,Anthemis,tinctoria
Asteraceae subfam. Asteroideae,Arctotis,acaulis
Asteraceae subfam. Asteroideae,Arctotis,adpressa
Asteraceae subfam. Asteroideae,Arctotis,fastuosa
Asteraceae subfam. Asteroideae,Arctotis,stoechadifolia
Asteraceae subfam. Asteroideae,Arnica,amplexicaulis
Asteraceae subfam. Asteroideae,Arnica,angustifolia
Asteraceae subfam. Asteroideae,Arnica,cernua
Asteraceae subfam. Asteroideae,Arnica,chamissonis
Asteraceae subfam. Asteroideae,Arnica,cordifolia
Asteraceae subfam. Asteroideae,Arnica,diversifolia
Asteraceae subfam. Asteroideae,Arnica,fulgens
Asteraceae subfam. Asteroideae,Arnica,gracilis
Asteraceae subfam. Asteroideae,Arnica,latifolia
Asteraceae subfam. Asteroideae,Arnica,lessingii
Asteraceae subfam. Asteroideae,Arnica,mollis
Asteraceae subfam. Asteroideae,Arnica,montana
Asteraceae subfam. Asteroideae,Arnica,parryi
Asteraceae subfam. Asteroideae,Arnica,rydbergii
Asteraceae subfam. Asteroideae,Arnica,sp.
Asteraceae subfam. Asteroideae,Arnica,unalaschcensis
Asteraceae subfam. Asteroideae,Artemisia,
Asteraceae subfam. Asteroideae,Artemisia,abrotanum
Asteraceae subfam. Asteroideae,Artemisia,absinthium
Asteraceae subfam. Asteroideae,Artemisia,afra
Asteraceae subfam. Asteroideae,Artemisia,alaskana
Asteraceae subfam. Asteroideae,Artemisia,alba
Asteraceae subfam. Asteroideae,Artemisia,alcockii
Asteraceae subfam. Asteroideae,Artemisia,annua
Asteraceae subfam. Asteroideae,Artemisia,arborescens
Asteraceae subfam. Asteroideae,Artemisia,atrata
Asteraceae subfam. Asteroideae,Artemisia,biennis
Asteraceae subfam. Asteroideae,Artemisia,borealis
Asteraceae subfam. Asteroideae,Artemisia,campestris
Asteraceae subfam. Asteroideae,Artemisia,cana
Asteraceae subfam. Asteroideae,Artemisia,chamaemelifolia
Asteraceae subfam. Asteroideae,Artemisia,crithmifolia
Asteraceae subfam. Asteroideae,Artemisia,douglasiana
Asteraceae subfam. Asteroideae,Artemisia,dracunculus
Asteraceae subfam. Asteroideae,Artemisia,eriantha
Asteraceae subfam. Asteroideae,Artemisia,frigida
Asteraceae subfam. Asteroideae,Artemisia,genipi
Asteraceae subfam. Asteroideae,Artemisia,glacialis
Asteraceae subfam. Asteroideae,Artemisia,indica
Asteraceae subfam. Asteroideae,Artemisia,kawakamii
Asteraceae subfam. Asteroideae,Artemisia,lactiflora
Asteraceae subfam. Asteroideae,Artemisia,laxa
Asteraceae subfam. Asteroideae,Artemisia,ludoviciana
Asteraceae subfam. Asteroideae,Artemisia,manshurica
Asteraceae subfam. Asteroideae,Artemisia,michauxiana
Asteraceae subfam. Asteroideae,Artemisia,morrisonensis
Asteraceae subfam. Asteroideae,Artemisia,norvegica
Asteraceae subfam. Asteroideae,Artemisia,pamirica
Asteraceae subfam. Asteroideae,Artemisia,papposa
Asteraceae subfam. Asteroideae,Artemisia,pedemontana
Asteraceae subfam. Asteroideae,Artemisia,pontica
Asteraceae subfam. Asteroideae,Artemisia,rigida
Asteraceae subfam. Asteroideae,Artemisia,rutifolia
Asteraceae subfam. Asteroideae,Artemisia,schmidtiana
Asteraceae subfam. Asteroideae,Artemisia,sp.
Asteraceae subfam. Asteroideae,Artemisia,stelleriana
Asteraceae subfam. Asteroideae,Artemisia,suksdorfii
Asteraceae subfam. Asteroideae,Artemisia,tilesii
Asteraceae subfam. Asteroideae,Artemisia,tridentata
Asteraceae subfam. Asteroideae,Artemisia,tripartita
Asteraceae subfam. Asteroideae,Artemisia,umbelliformis
Asteraceae subfam. Asteroideae,Artemisia,vachanica
Asteraceae subfam. Asteroideae,Artemisia,vallesiaca
Asteraceae subfam. Asteroideae,Artemisia,vulgaris
Asteraceae subfam. Asteroideae,Aster,
Asteraceae subfam. Asteroideae,Aster,acris
Asteraceae subfam. Asteroideae,Aster,adscendens
Asteraceae subfam. Asteroideae,Aster,albescens
Asteraceae subfam. Asteroideae,Aster,alpigenus
Asteraceae subfam. Asteroideae,Aster,alpinus
Asteraceae subfam. Asteroideae,Aster,amellus
Asteraceae subfam. Asteroideae,Aster,anandria
Asteraceae subfam. Asteroideae,Aster,asperulus
Asteraceae subfam. Asteroideae,Aster,asteroides
Asteraceae subfam. Asteroideae,Aster,azureus
Asteraceae subfam. Asteroideae,Aster,bracteolatus
Asteraceae subfam. Asteroideae,Aster,campestris
Asteraceae subfam. Asteroideae,Aster,carolinianus
Asteraceae subfam. Asteroideae,Aster,divaricatus
Asteraceae subfam. Asteroideae,Aster,dumosus
Asteraceae subfam. Asteroideae,Aster,ericoides
Asteraceae subfam. Asteroideae,Aster,falcatus
Asteraceae subfam. Asteroideae,Aster,foliaceus
Asteraceae subfam. Asteroideae,Aster,hesperius
Asteraceae subfam. Asteroideae,Aster,himalaicus
Asteraceae subfam. Asteroideae,Aster,incisus
Asteraceae subfam. Asteroideae,Aster,laevis
Asteraceae subfam. Asteroideae,Aster,lateriflorus
Asteraceae subfam. Asteroideae,Aster,mongolicus
Asteraceae subfam. Asteroideae,Aster,natalensis
Asteraceae subfam. Asteroideae,Aster,novae-angliae
Asteraceae subfam. Asteroideae,Aster,novi-belgii
Asteraceae subfam. Asteroideae,Aster,ptarmicoides
Asteraceae subfam. Asteroideae,Aster,pyrenaeus
Asteraceae subfam. Asteroideae,Aster,sativa
Asteraceae subfam. Asteroideae,Aster,sibiricus
Asteraceae subfam. Asteroideae,Aster,souliei
Asteraceae subfam. Asteroideae,Aster,sp.
Asteraceae subfam. Asteroideae,Aster,spathulifolius
Asteraceae subfam. Asteroideae,Aster,spectabilis
Asteraceae subfam. Asteroideae,Aster,stracheyi
Asteraceae subfam. Asteroideae,Aster,tataricus
Asteraceae subfam. Asteroideae,Aster,thomsonii
Asteraceae subfam. Asteroideae,Aster,tibeticus
Asteraceae subfam. Asteroideae,Aster,tongolensis
Asteraceae subfam. Asteroideae,Aster,umbellatus
Asteraceae subfam. Asteroideae,Aster,vahlii
Asteraceae subfam. Asteroideae,Aster,yomena
Asteraceae subfam. Asteroideae,Aster,yunnanensis
Asteraceae subfam. Asteroideae,Aster,× frikartii
Asteraceae subfam. Asteroideae,Baccharis,magellanica
Asteraceae subfam. Asteroideae,Baccharis,pilularis
Asteraceae subfam. Asteroideae,Baccharis,sagittalis
Asteraceae subfam. Asteroideae,Baccharis,sp.
Asteraceae subfam. Asteroideae,Balsamorhiza,careyana
Asteraceae subfam. Asteroideae,Balsamorhiza,deltoidea
Asteraceae subfam. Asteroideae,Balsamorhiza,hookeri
Asteraceae subfam. Asteroideae,Balsamorhiza,incana
Asteraceae subfam. Asteroideae,Balsamorhiza,sagittata
Asteraceae subfam. Asteroideae,Balsamorhiza,sericea
Asteraceae subfam. Asteroideae,Balsamorhiza,serrata
Asteraceae subfam. Asteroideae,Bellis,perennis
Asteraceae subfam. Asteroideae,Bidens,aurea
Asteraceae subfam. Asteroideae,Bidens,cernua
Asteraceae subfam. Asteroideae,Boltonia,asteroides
Asteraceae subfam. Asteroideae,Boltonia,incisa
Asteraceae subfam. Asteroideae,Brachyscome,
Asteraceae subfam. Asteroideae,Brachyscome,decipiens
Asteraceae subfam. Asteroideae,Brachyscome,iberidifolia
Asteraceae subfam. Asteroideae,Brachyscome,tadgellii
Asteraceae subfam. Asteroideae,Brachyscome,tenuiscapa
Asteraceae subfam. Asteroideae,Brickellia,grandiflora
Asteraceae subfam. Asteroideae,Brickellia,greenei
Asteraceae subfam. Asteroideae,Buphthalmum,salicifolium
Asteraceae subfam. Asteroideae,Calendula,arvensis
Asteraceae subfam. Asteroideae,Calendula,officinalis
Asteraceae subfam. Asteroideae,Canadanthus,modestus
Asteraceae subfam. Asteroideae,Carduncellus,mitissimus
Asteraceae subfam. Asteroideae,Carduncellus,pinnatus
Asteraceae subfam. Asteroideae,Carduncellus,rhaponticoides
Asteraceae subfam. Asteroideae,Cassinia,cunninghamii
Asteraceae subfam. Asteroideae,Chaenactis,douglasii
Asteraceae subfam. Asteroideae,Chamaemelum,nobile
Asteraceae subfam. Asteroideae,Chrysanthemum,
Asteraceae subfam. Asteroideae,Chrysanthemum,balsamita
Asteraceae subfam. Asteroideae,Chrysanthemum,frutescens
Asteraceae subfam. Asteroideae,Chrysanthemum,japonense
Asteraceae subfam. Asteroideae,Chrysanthemum,leucanthemum
Asteraceae subfam. Asteroideae,Chrysanthemum,maximum
Asteraceae subfam. Asteroideae,Chrysanthemum,mongolicum
Asteraceae subfam. Asteroideae,Chrysanthemum,pacificum
Asteraceae subfam. Asteroideae,Chrysanthemum,sp.
Asteraceae subfam. Asteroideae,Chrysanthemum,weyrichii
Asteraceae subfam. Asteroideae,Chrysanthemum,yezoense
Asteraceae subfam. Asteroideae,Chrysanthemum,zawadskii
Asteraceae subfam. Asteroideae,Chrysanthemum,×
Asteraceae subfam. Asteroideae,Chrysanthemum,× indicum
Asteraceae subfam. Asteroideae,Chrysanthemum,× rubellum
Asteraceae subfam. Asteroideae,Chrysocoma,ciliata
Asteraceae subfam. Asteroideae,Chrysocoma,sp.
Asteraceae subfam. Asteroideae,Chrysocoma,tenuifolia
Asteraceae subfam. Asteroideae,Chrysogonum,virginianum
Asteraceae subfam. Asteroideae,Cladanthus,scariosus
Asteraceae subfam. Asteroideae,Conyza,canadensis
Asteraceae subfam. Asteroideae,Coreopsis,
Asteraceae subfam. Asteroideae,Coreopsis,auriculata
Asteraceae subfam. Asteroideae,Coreopsis,grandiflora
Asteraceae subfam. Asteroideae,Coreopsis,lanceolata
Asteraceae subfam. Asteroideae,Coreopsis,maritima
Asteraceae subfam. Asteroideae,Coreopsis,palmata
Asteraceae subfam. Asteroideae,Coreopsis,rosea
Asteraceae subfam. Asteroideae,Coreopsis,tinctoria
Asteraceae subfam. Asteroideae,Coreopsis,verticillata
Asteraceae subfam. Asteroideae,Coreopsis,verticillilata
Asteraceae subfam. Asteroideae,Cosmos,atrosanguineus
Asteraceae subfam. Asteroideae,Cosmos,bipinnatus
Asteraceae subfam. Asteroideae,Cosmos,sulphureus
Asteraceae subfam. Asteroideae,Cota,tinctoria
Asteraceae subfam. Asteroideae,Cotula,
Asteraceae subfam. Asteroideae,Cotula,atrata
Asteraceae subfam. Asteroideae,Cotula,australis
Asteraceae subfam. Asteroideae,Cotula,coronopifolia
Asteraceae subfam. Asteroideae,Cotula,dioica
Asteraceae subfam. Asteroideae,Cotula,hispida
Asteraceae subfam. Asteroideae,Cotula,lineariloba
Asteraceae subfam. Asteroideae,Cotula,perpusilla
Asteraceae subfam. Asteroideae,Cotula,potentilliana
Asteraceae subfam. Asteroideae,Cotula,pyrethrifolia
Asteraceae subfam. Asteroideae,Cotula,scariosa
Asteraceae subfam. Asteroideae,Cotula,socialis
Asteraceae subfam. Asteroideae,Cotula,sp.
Asteraceae subfam. Asteroideae,Craspedia,
Asteraceae subfam. Asteroideae,Craspedia,alpina
Asteraceae subfam. Asteroideae,Craspedia,lanata
Asteraceae subfam. Asteroideae,Craspedia,uniflora
Asteraceae subfam. Asteroideae,Dahlia,
Asteraceae subfam. Asteroideae,Dahlia,campanulata
Asteraceae subfam. Asteroideae,Dahlia,coccinea
Asteraceae subfam. Asteroideae,Dahlia,imperialis
Asteraceae subfam. Asteroideae,Dahlia,sherffii
Asteraceae subfam. Asteroideae,Dahlia,sp.
Asteraceae subfam. Asteroideae,Dimorphotheca,barberiae
Asteraceae subfam. Asteroideae,Dimorphotheca,cuneata
Asteraceae subfam. Asteroideae,Dimorphotheca,pluvialis
Asteraceae subfam. Asteroideae,Dimorphotheca,sinuata
Asteraceae subfam. Asteroideae,Doronicum,
Asteraceae subfam. Asteroideae,Doronicum,(NS.0299)
Asteraceae subfam. Asteroideae,Doronicum,cataractarum
Asteraceae subfam. Asteroideae,Doronicum,columnae
Asteraceae subfam. Asteroideae,Doronicum,glaciale
Asteraceae subfam. Asteroideae,Doronicum,grandiflorum
Asteraceae subfam. Asteroideae,Doronicum,oblongifolium
Asteraceae subfam. Asteroideae,Doronicum,orientale
Asteraceae subfam. Asteroideae,Doronicum,×
Asteraceae subfam. Asteroideae,Echinacea,
Asteraceae subfam. Asteroideae,Echinacea,angustifolia
Asteraceae subfam. Asteroideae,Echinacea,pallida
Asteraceae subfam. Asteroideae,Echinacea,paradoxa
Asteraceae subfam. Asteroideae,Echinacea,purpurea
Asteraceae subfam. Asteroideae,Echinacea,tennesseensis
Asteraceae subfam. Asteroideae,Erigeron,
Asteraceae subfam. Asteroideae,Erigeron,acris
Asteraceae subfam. Asteroideae,Erigeron,alpinus
Asteraceae subfam. Asteroideae,Erigeron,annuus
Asteraceae subfam. Asteroideae,Erigeron,aphanactis
Asteraceae subfam. Asteroideae,Erigeron,aurantiacus
Asteraceae subfam. Asteroideae,Erigeron,aureus
Asteraceae subfam. Asteroideae,Erigeron,basalticus
Asteraceae subfam. Asteroideae,Erigeron,bloomeri
Asteraceae subfam. Asteroideae,Erigeron,cabrerae
Asteraceae subfam. Asteroideae,Erigeron,caespitosus
Asteraceae subfam. Asteroideae,Erigeron,chrysopsidis
Asteraceae subfam. Asteroideae,Erigeron,compactus
Asteraceae subfam. Asteroideae,Erigeron,compositus
Asteraceae subfam. Asteroideae,Erigeron,elegantulus
Asteraceae subfam. Asteroideae,Erigeron,filifolius
Asteraceae subfam. Asteroideae,Erigeron,flabellifolius
Asteraceae subfam. Asteroideae,Erigeron,flaccidus
Asteraceae subfam. Asteroideae,Erigeron,flagellaris
Asteraceae subfam. Asteroideae,Erigeron,flettii
Asteraceae subfam. Asteroideae,Erigeron,foliosus
Asteraceae subfam. Asteroideae,Erigeron,glaucus
Asteraceae subfam. Asteroideae,Erigeron,grandiflorus
Asteraceae subfam. Asteroideae,Erigeron,humilis
Asteraceae subfam. Asteroideae,Erigeron,karvinskianus
Asteraceae subfam. Asteroideae,Erigeron,lanatus
Asteraceae subfam. Asteroideae,Erigeron,leiomerus
Asteraceae subfam. Asteroideae,Erigeron,linearis
Asteraceae subfam. Asteroideae,Erigeron,lonchophyllus
Asteraceae subfam. Asteroideae,Erigeron,miyabeanus
Asteraceae subfam. Asteroideae,Erigeron,multiradiatus
Asteraceae subfam. Asteroideae,Erigeron,ochroleucus
Asteraceae subfam. Asteroideae,Erigeron,peregrinus
Asteraceae subfam. Asteroideae,Erigeron,philadelphicus
Asteraceae subfam. Asteroideae,Erigeron,pinnatisectus
Asteraceae subfam. Asteroideae,Erigeron,poliospermus
Asteraceae subfam. Asteroideae,Erigeron,pumilus
Asteraceae subfam. Asteroideae,Erigeron,scopulinus
Asteraceae subfam. Asteroideae,Erigeron,simplex
Asteraceae subfam. Asteroideae,Erigeron,sp.
Asteraceae subfam. Asteroideae,Erigeron,speciosus
Asteraceae subfam. Asteroideae,Erigeron,strigosus
Asteraceae subfam. Asteroideae,Erigeron,subtrinervis
Asteraceae subfam. Asteroideae,Erigeron,tweedyi
Asteraceae subfam. Asteroideae,Erigeron,uniflorus
Asteraceae subfam. Asteroideae,Eriocephalus,africanus
Asteraceae subfam. Asteroideae,Eriophyllum,
Asteraceae subfam. Asteroideae,Eriophyllum,(RLT.6642)
Asteraceae subfam. Asteroideae,Eriophyllum,confertiflorum
Asteraceae subfam. Asteroideae,Eriophyllum,lanatum
Asteraceae subfam. Asteroideae,Eucephalus,engelmannii
Asteraceae subfam. Asteroideae,Eupatorium,chinense
Asteraceae subfam. Asteroideae,Eupatorium,morrisonensis
Asteraceae subfam. Asteroideae,Eupatorium,occidentale
Asteraceae subfam. Asteroideae,Eupatorium,perfoliatum
Asteraceae subfam. Asteroideae,Euryops,abrotanifolius
Asteraceae subfam. Asteroideae,Euryops,acraeus
Asteraceae subfam. Asteroideae,Euryops,decumbens
Asteraceae subfam. Asteroideae,Euryops,othonnoides
Asteraceae subfam. Asteroideae,Euryops,pectinatus
Asteraceae subfam. Asteroideae,Euryops,tysonii
Asteraceae subfam. Asteroideae,Eutrochium,maculatum
Asteraceae subfam. Asteroideae,Eutrochium,purpureum
Asteraceae subfam. Asteroideae,Felicia,(DBGSA.163-94)
Asteraceae subfam. Asteroideae,Felicia,amelloides
Asteraceae subfam. Asteroideae,Felicia,bergeriana
Asteraceae subfam. Asteroideae,Felicia,caespitosa
Asteraceae subfam. Asteroideae,Felicia,drakensbergensis
Asteraceae subfam. Asteroideae,Felicia,filifolia
Asteraceae subfam. Asteroideae,Felicia,muricata
Asteraceae subfam. Asteroideae,Felicia,petiolata
Asteraceae subfam. Asteroideae,Felicia,rosulata
Asteraceae subfam. Asteroideae,Felicia,tenella
Asteraceae subfam. Asteroideae,Felicia,uliginosa
Asteraceae subfam. Asteroideae,Filago,arvensis
Asteraceae subfam. Asteroideae,Gaillardia,aristata
Asteraceae subfam. Asteroideae,Gaillardia,pulchella
Asteraceae subfam. Asteroideae,Gaillardia,× grandiflora
Asteraceae subfam. Asteroideae,Galinsoga,ciliata
Asteraceae subfam. Asteroideae,Gazania,
Asteraceae subfam. Asteroideae,Gazania,krebsiana
Asteraceae subfam. Asteroideae,Gazania,linearis
Asteraceae subfam. Asteroideae,Gazania,sp.
Asteraceae subfam. Asteroideae,Gnaphalium,chilense
Asteraceae subfam. Asteroideae,Gnaphalium,microcephalum
Asteraceae subfam. Asteroideae,Gnaphalium,purpureum
Asteraceae subfam. Asteroideae,Gnaphalium,sp.
Asteraceae subfam. Asteroideae,Gnaphalium,sylvaticum
Asteraceae subfam. Asteroideae,Gnaphalium,uliginosum
Asteraceae subfam. Asteroideae,Gnaphalium,viscosum
Asteraceae subfam. Asteroideae,Grindelia,chiloensis
Asteraceae subfam. Asteroideae,Grindelia,hirsutula
Asteraceae subfam. Asteroideae,Grindelia,integrifolia
Asteraceae subfam. Asteroideae,Grindelia,nana
Asteraceae subfam. Asteroideae,Grindelia,squarrosa
Asteraceae subfam. Asteroideae,Haplopappus,acaulis
Asteraceae subfam. Asteroideae,Haplopappus,carthamoides
Asteraceae subfam. Asteroideae,Haplopappus,glutinosus
Asteraceae subfam. Asteroideae,Haplopappus,macrocephalus
Asteraceae subfam. Asteroideae,Helenium,
Asteraceae subfam. Asteroideae,Helenium,autumnale
Asteraceae subfam. Asteroideae,Helianthella,quinquenervis
Asteraceae subfam. Asteroideae,Helianthella,uniflora
Asteraceae subfam. Asteroideae,Helianthus,angustifolius
Asteraceae subfam. Asteroideae,Helianthus,annuus
Asteraceae subfam. Asteroideae,Helianthus,divaricatus
Asteraceae subfam. Asteroideae,Helianthus,maximiliani
Asteraceae subfam. Asteroideae,Helianthus,maximilianii
Asteraceae subfam. Asteroideae,Helichrysum,
Asteraceae subfam. Asteroideae,Helichrysum,adenocarpum
Asteraceae subfam. Asteroideae,Helichrysum,adenophorum
Asteraceae subfam. Asteroideae,Helichrysum,albirosulatum
Asteraceae subfam. Asteroideae,Helichrysum,albobrunneum
Asteraceae subfam. Asteroideae,Helichrysum,angustifolium
Asteraceae subfam. Asteroideae,Helichrysum,arenarium
Asteraceae subfam. Asteroideae,Helichrysum,argyrophyllum
Asteraceae subfam. Asteroideae,Helichrysum,aureum
Asteraceae subfam. Asteroideae,Helichrysum,basalticum
Asteraceae subfam. Asteroideae,Helichrysum,bellidioides
Asteraceae subfam. Asteroideae,Helichrysum,bracteatum
Asteraceae subfam. Asteroideae,Helichrysum,chionophilum
Asteraceae subfam. Asteroideae,Helichrysum,confertifolium
Asteraceae subfam. Asteroideae,Helichrysum,cooperi
Asteraceae subfam. Asteroideae,Helichrysum,coralloides
Asteraceae subfam. Asteroideae,Helichrysum,corsicum
Asteraceae subfam. Asteroideae,Helichrysum,corsicus
Asteraceae subfam. Asteroideae,Helichrysum,dealbeatum
Asteraceae subfam. Asteroideae,Helichrysum,frigidum
Asteraceae subfam. Asteroideae,Helichrysum,italicum
Asteraceae subfam. Asteroideae,Helichrysum,lanatum
Asteraceae subfam. Asteroideae,Helichrysum,leucopsideum
Asteraceae subfam. Asteroideae,Helichrysum,lineatum
Asteraceae subfam. Asteroideae,Helichrysum,marginatum
Asteraceae subfam. Asteroideae,Helichrysum,meyeri-johannis
Asteraceae subfam. Asteroideae,Helichrysum,microphyllum
Asteraceae subfam. Asteroideae,Helichrysum,milfordiae
Asteraceae subfam. Asteroideae,Helichrysum,milliganii
Asteraceae subfam. Asteroideae,Helichrysum,montanum
Asteraceae subfam. Asteroideae,Helichrysum,mussaea
Asteraceae subfam. Asteroideae,Helichrysum,nanum
Asteraceae subfam. Asteroideae,Helichrysum,obcordatum
Asteraceae subfam. Asteroideae,Helichrysum,orientale
Asteraceae subfam. Asteroideae,Helichrysum,petiolare
Asteraceae subfam. Asteroideae,Helichrysum,plicatum
Asteraceae subfam. Asteroideae,Helichrysum,retortoides
Asteraceae subfam. Asteroideae,Helichrysum,sanguineum
Asteraceae subfam. Asteroideae,Helichrysum,scopuforme
Asteraceae subfam. Asteroideae,Helichrysum,scorpioides
Asteraceae subfam. Asteroideae,Helichrysum,selago
Asteraceae subfam. Asteroideae,Helichrysum,sessilioides
Asteraceae subfam. Asteroideae,Helichrysum,sp.
Asteraceae subfam. Asteroideae,Helichrysum,splendidum
Asteraceae subfam. Asteroideae,Helichrysum,thianschanicum
Asteraceae subfam. Asteroideae,Helichrysum,trilineatum
Asteraceae subfam. Asteroideae,Helichrysum,vestitum
Asteraceae subfam. Asteroideae,Helichrysum,virgineum
Asteraceae subfam. Asteroideae,Helichrysum,witbergense
Asteraceae subfam. Asteroideae,Heliopsis,
Asteraceae subfam. Asteroideae,Heliopsis,helianthoides
Asteraceae subfam. Asteroideae,Heliopsis,×
Asteraceae subfam. Asteroideae,Heterotheca,villosa
Asteraceae subfam. Asteroideae,Hymenoxys,acaulis
Asteraceae subfam. Asteroideae,Hymenoxys,grandiflora
Asteraceae subfam. Asteroideae,Inula,
Asteraceae subfam. Asteroideae,Inula,grandis
Asteraceae subfam. Asteroideae,Inula,helenium
Asteraceae subfam. Asteroideae,Inula,hookeri
Asteraceae subfam. Asteroideae,Inula,macrophylla
Asteraceae subfam. Asteroideae,Inula,magnifica
Asteraceae subfam. Asteroideae,Inula,orientalis
Asteraceae subfam. Asteroideae,Inula,racemosa
Asteraceae subfam. Asteroideae,Inula,rhizocephala
Asteraceae subfam. Asteroideae,Inula,royleana
Asteraceae subfam. Asteroideae,Inula,sp.
Asteraceae subfam. Asteroideae,Inula,verbascifolia
Asteraceae subfam. Asteroideae,Ionactis,linariifolia
Asteraceae subfam. Asteroideae,Ionactis,stenomeres
Asteraceae subfam. Asteroideae,Ismelia,carinata
Asteraceae subfam. Asteroideae,Iva,xanthiifolia
Asteraceae subfam. Asteroideae,Lasiospermum,bipinnatum
Asteraceae subfam. Asteroideae,Leontopodium,alpinum
Asteraceae subfam. Asteroideae,Leontopodium,discolor
Asteraceae subfam. Asteroideae,Leontopodium,himalayanum
Asteraceae subfam. Asteroideae,Leontopodium,monocephalum
Asteraceae subfam. Asteroideae,Leontopodium,ochroleucum
Asteraceae subfam. Asteroideae,Leontopodium,palibinianum
Asteraceae subfam. Asteroideae,Leontopodium,stracheyi
Asteraceae subfam. Asteroideae,Leontopodium,wilsonii
Asteraceae subfam. Asteroideae,Leptinella,squalida
Asteraceae subfam. Asteroideae,Leucanthemopsis,alpina
Asteraceae subfam. Asteroideae,Leucanthemopsis,pectinata
Asteraceae subfam. Asteroideae,Leucanthemopsis,radicans
Asteraceae subfam. Asteroideae,Leucanthemum,
Asteraceae subfam. Asteroideae,Leucanthemum,catananche
Asteraceae subfam. Asteroideae,Leucanthemum,vulgare
Asteraceae subfam. Asteroideae,Leucanthemum,× superbum
Asteraceae subfam. Asteroideae,Liatris,ligulistylis
Asteraceae subfam. Asteroideae,Liatris,novae-angliae
Asteraceae subfam. Asteroideae,Liatris,pilosa
Asteraceae subfam. Asteroideae,Liatris,punctata
Asteraceae subfam. Asteroideae,Liatris,pycnostachya
Asteraceae subfam. Asteroideae,Liatris,scariosa
Asteraceae subfam. Asteroideae,Liatris,spicata
Asteraceae subfam. Asteroideae,Ligularia,(CLD.0218)
Asteraceae subfam. Asteroideae,Ligularia,(CLD.0317)
Asteraceae subfam. Asteroideae,Ligularia,(CLD.1509)
Asteraceae subfam. Asteroideae,Ligularia,alatipes
Asteraceae subfam. Asteroideae,Ligularia,amplexicaulis
Asteraceae subfam. Asteroideae,Ligularia,dentata
Asteraceae subfam. Asteroideae,Ligularia,fischeri
Asteraceae subfam. Asteroideae,Ligularia,hodgsonii
Asteraceae subfam. Asteroideae,Ligularia,hybrid
Asteraceae subfam. Asteroideae,Ligularia,przewalskii
Asteraceae subfam. Asteroideae,Ligularia,sibirica
Asteraceae subfam. Asteroideae,Ligularia,sp.
Asteraceae subfam. Asteroideae,Ligularia,splendens
Asteraceae subfam. Asteroideae,Ligularia,stenocephala
Asteraceae subfam. Asteroideae,Ligularia,thyrsoidea
Asteraceae subfam. Asteroideae,Ligularia,tongolensis
Asteraceae subfam. Asteroideae,Ligularia,tsangchanensis
Asteraceae subfam. Asteroideae,Ligularia,tussilaginea
Asteraceae subfam. Asteroideae,Ligularia,veitchiana
Asteraceae subfam. Asteroideae,Ligularia,vellerea
Asteraceae subfam. Asteroideae,Ligularia,wilsoniana
Asteraceae subfam. Asteroideae,Ligularia,yoshizoeana
Asteraceae subfam. Asteroideae,Ligularia,×
Asteraceae subfam. Asteroideae,Ligularia,× palmatiloba
Asteraceae subfam. Asteroideae,Machaeranthera,pattersonii
Asteraceae subfam. Asteroideae,Machaeranthera,tanacetifolia
Asteraceae subfam. Asteroideae,Madia,glomerata
Asteraceae subfam. Asteroideae,Madia,madioides
Asteraceae subfam. Asteroideae,Madia,minima
Asteraceae subfam. Asteroideae,Madia,sativa
Asteraceae subfam. Asteroideae,Matricaria,chamomilla
Asteraceae subfam. Asteroideae,Matricaria,discoidea
Asteraceae subfam. Asteroideae,Matricaria,perforata
Asteraceae subfam. Asteroideae,Mutisia,coccinea
Asteraceae subfam. Asteroideae,Mutisia,decurrens
Asteraceae subfam. Asteroideae,Mutisia,ilicifolia
Asteraceae subfam. Asteroideae,Mutisia,oligodon
Asteraceae subfam. Asteroideae,Mutisia,spinosa
Asteraceae subfam. Asteroideae,Mutisia,subulata
Asteraceae subfam. Asteroideae,Mutisia,×
Asteraceae subfam. Asteroideae,Mycelis,muralis
Asteraceae subfam. Asteroideae,Nipponanthemum,nipponicum
Asteraceae subfam. Asteroideae,Olearia,
Asteraceae subfam. Asteroideae,Olearia,frostii
Asteraceae subfam. Asteroideae,Olearia,ilicifolia
Asteraceae subfam. Asteroideae,Olearia,insignis
Asteraceae subfam. Asteroideae,Olearia,ledifolia
Asteraceae subfam. Asteroideae,Olearia,lirata
Asteraceae subfam. Asteroideae,Olearia,macrodonta
Asteraceae subfam. Asteroideae,Olearia,nummulariifolia
Asteraceae subfam. Asteroideae,Olearia,phlogopappa
Asteraceae subfam. Asteroideae,Olearia,stellulata
Asteraceae subfam. Asteroideae,Olearia,traversii
Asteraceae subfam. Asteroideae,Olearia,virgata
Asteraceae subfam. Asteroideae,Olearia,viscosa
Asteraceae subfam. Asteroideae,Olearia,× capillaris
Asteraceae subfam. Asteroideae,Olearia,× haastii
Asteraceae subfam. Asteroideae,Olearia,× mollis
Asteraceae subfam. Asteroideae,Olearia,× scilloniensis
Asteraceae subfam. Asteroideae,Osteospermum,
Asteraceae subfam. Asteroideae,Osteospermum,calendulaceum
Asteraceae subfam. Asteroideae,Osteospermum,ecklonis
Asteraceae subfam. Asteroideae,Osteospermum,jucundum
Asteraceae subfam. Asteroideae,Osteospermum,sp.
Asteraceae subfam. Asteroideae,Othonna,capensis
Asteraceae subfam. Asteroideae,Pachystegia,insignis
Asteraceae subfam. Asteroideae,Pachystegia,rufa
Asteraceae subfam. Asteroideae,Petasites,albus
Asteraceae subfam. Asteroideae,Petasites,frigidus
Asteraceae subfam. Asteroideae,Petasites,hybridus
Asteraceae subfam. Asteroideae,Petasites,japonicus
Asteraceae subfam. Asteroideae,Petasites,sagittatus
Asteraceae subfam. Asteroideae,Prenanthes,alata
Asteraceae subfam. Asteroideae,Prenanthes,purpurea
Asteraceae subfam. Asteroideae,Prenanthes,sp.
Asteraceae subfam. Asteroideae,Prenanthes,trifoliolata
Asteraceae subfam. Asteroideae,Psilostrophe,bakeri
Asteraceae subfam. Asteroideae,Psilostrophe,tagetina
Asteraceae subfam. Asteroideae,Raoulia,australis
Asteraceae subfam. Asteroideae,Raoulia,bryoides
Asteraceae subfam. Asteroideae,Raoulia,glabra
Asteraceae subfam. Asteroideae,Raoulia,grandiflora
Asteraceae subfam. Asteroideae,Raoulia,haastii
Asteraceae subfam. Asteroideae,Raoulia,hectorii
Asteraceae subfam. Asteroideae,Raoulia,hookeri
Asteraceae subfam. Asteroideae,Raoulia,lutescens
Asteraceae subfam. Asteroideae,Raoulia,monroi
Asteraceae subfam. Asteroideae,Raoulia,petriensis
Asteraceae subfam. Asteroideae,Raoulia,sp.
Asteraceae subfam. Asteroideae,Raoulia,subsericea
Asteraceae subfam. Asteroideae,Raoulia,tenuicaulis
Asteraceae subfam. Asteroideae,Raoulia,×
Asteraceae subfam. Asteroideae,Raoulia,× (PNDS.1142)
Asteraceae subfam. Asteroideae,Raoulia,× petrimia
Asteraceae subfam. Asteroideae,Ratibida,columnifera
Asteraceae subfam. Asteroideae,Rudbeckia,
Asteraceae subfam. Asteroideae,Rudbeckia,alpicola
Asteraceae subfam. Asteroideae,Rudbeckia,fulgida
Asteraceae subfam. Asteroideae,Rudbeckia,glaucescens
Asteraceae subfam. Asteroideae,Rudbeckia,hirta
Asteraceae subfam. Asteroideae,Rudbeckia,laciniata
Asteraceae subfam. Asteroideae,Rudbeckia,occidentalis
Asteraceae subfam. Asteroideae,Rudbeckia,subtomentosa
Asteraceae subfam. Asteroideae,Santolina,chamaecyparissus
Asteraceae subfam. Asteroideae,Santolina,etrusca
Asteraceae subfam. Asteroideae,Santolina,pinnata
Asteraceae subfam. Asteroideae,Santolina,rosmarinifolia
Asteraceae subfam. Asteroideae,Senecio,(P&W.6204)
Asteraceae subfam. Asteroideae,Senecio,(P&W.6546)
Asteraceae subfam. Asteroideae,Senecio,(P&W.6553)
Asteraceae subfam. Asteroideae,Senecio,(P&W.6565)
Asteraceae subfam. Asteroideae,Senecio,abrotanifolius
Asteraceae subfam. Asteroideae,Senecio,acanthifolius
Asteraceae subfam. Asteroideae,Senecio,barbatus
Asteraceae subfam. Asteroideae,Senecio,bellidioides
Asteraceae subfam. Asteroideae,Senecio,bidwillii
Asteraceae subfam. Asteroideae,Senecio,canescens
Asteraceae subfam. Asteroideae,Senecio,cannabifolius
Asteraceae subfam. Asteroideae,Senecio,canus
Asteraceae subfam. Asteroideae,Senecio,cineraria
Asteraceae subfam. Asteroideae,Senecio,cunninghamii
Asteraceae subfam. Asteroideae,Senecio,discifolius
Asteraceae subfam. Asteroideae,Senecio,elmeri
Asteraceae subfam. Asteroideae,Senecio,eremophilus
Asteraceae subfam. Asteroideae,Senecio,fremontii
Asteraceae subfam. Asteroideae,Senecio,gilliesii
Asteraceae subfam. Asteroideae,Senecio,indecorus
Asteraceae subfam. Asteroideae,Senecio,integerrimus
Asteraceae subfam. Asteroideae,Senecio,jacobaea
Asteraceae subfam. Asteroideae,Senecio,kawakamii
Asteraceae subfam. Asteroideae,Senecio,lagopus
Asteraceae subfam. Asteroideae,Senecio,lugens
Asteraceae subfam. Asteroideae,Senecio,macrocephalus
Asteraceae subfam. Asteroideae,Senecio,macrospermus
Asteraceae subfam. Asteroideae,Senecio,modestus
Asteraceae subfam. Asteroideae,Senecio,moresbiensis
Asteraceae subfam. Asteroideae,Senecio,nemorensis
Asteraceae subfam. Asteroideae,Senecio,nevadensis
Asteraceae subfam. Asteroideae,Senecio,newcombei
Asteraceae subfam. Asteroideae,Senecio,othonnae
Asteraceae subfam. Asteroideae,Senecio,pauciflorus
Asteraceae subfam. Asteroideae,Senecio,pauperculus
Asteraceae subfam. Asteroideae,Senecio,poeppigii
Asteraceae subfam. Asteroideae,Senecio,polyodon
Asteraceae subfam. Asteroideae,Senecio,pseudaureus
Asteraceae subfam. Asteroideae,Senecio,radicans
Asteraceae subfam. Asteroideae,Senecio,reinoldii
Asteraceae subfam. Asteroideae,Senecio,revolutus
Asteraceae subfam. Asteroideae,Senecio,scandens
Asteraceae subfam. Asteroideae,Senecio,seminiveus
Asteraceae subfam. Asteroideae,Senecio,sheldonensis
Asteraceae subfam. Asteroideae,Senecio,speciosus
Asteraceae subfam. Asteroideae,Senecio,sylvaticus
Asteraceae subfam. Asteroideae,Senecio,tamoides
Asteraceae subfam. Asteroideae,Senecio,triangularis
Asteraceae subfam. Asteroideae,Senecio,×
Asteraceae subfam. Asteroideae,Solidago,
Asteraceae subfam. Asteroideae,Solidago,bicolor
Asteraceae subfam. Asteroideae,Solidago,caesia
Asteraceae subfam. Asteroideae,Solidago,canadensis
Asteraceae subfam. Asteroideae,Solidago,flexicaulis
Asteraceae subfam. Asteroideae,Solidago,hispida
Asteraceae subfam. Asteroideae,Solidago,minuta
Asteraceae subfam. Asteroideae,Solidago,minutissima
Asteraceae subfam. Asteroideae,Solidago,missouriensis
Asteraceae subfam. Asteroideae,Solidago,multiradiata
Asteraceae subfam. Asteroideae,Solidago,nemoralis
Asteraceae subfam. Asteroideae,Solidago,simplex
Asteraceae subfam. Asteroideae,Solidago,spathulata
Asteraceae subfam. Asteroideae,Solidago,sphacelata
Asteraceae subfam. Asteroideae,Solidago,virgaurea
Asteraceae subfam. Asteroideae,Solidago,×
Asteraceae subfam. Asteroideae,Steirodiscus,tagetes
Asteraceae subfam. Asteroideae,Stevia,rebaudiana
Asteraceae subfam. Asteroideae,Symphyotrichum,
Asteraceae subfam. Asteroideae,Symphyotrichum,boreale
Asteraceae subfam. Asteroideae,Symphyotrichum,chilense
Asteraceae subfam. Asteroideae,Symphyotrichum,ciliatum
Asteraceae subfam. Asteroideae,Symphyotrichum,ciliolatum
Asteraceae subfam. Asteroideae,Symphyotrichum,cordifolium
Asteraceae subfam. Asteroideae,Symphyotrichum,ericoides
Asteraceae subfam. Asteroideae,Symphyotrichum,foliaceum
Asteraceae subfam. Asteroideae,Symphyotrichum,laeve
Asteraceae subfam. Asteroideae,Symphyotrichum,lateriflorum
Asteraceae subfam. Asteroideae,Symphyotrichum,novae-angliae
Asteraceae subfam. Asteroideae,Symphyotrichum,novi-belgii
Asteraceae subfam. Asteroideae,Symphyotrichum,oblongifolium
Asteraceae subfam. Asteroideae,Symphyotrichum,puniceum
Asteraceae subfam. Asteroideae,Symphyotrichum,spathulatum
Asteraceae subfam. Asteroideae,Symphyotrichum,subspicatum
Asteraceae subfam. Asteroideae,Syneilesis,aconitifolia
Asteraceae subfam. Asteroideae,Syneilesis,palmata
Asteraceae subfam. Asteroideae,Syneilesis,sp.
Asteraceae subfam. Asteroideae,Tanacetum,(H&M.1918)
Asteraceae subfam. Asteroideae,Tanacetum,balsamita
Asteraceae subfam. Asteroideae,Tanacetum,bipinnatum
Asteraceae subfam. Asteroideae,Tanacetum,coccineum
Asteraceae subfam. Asteroideae,Tanacetum,corymbosum
Asteraceae subfam. Asteroideae,Tanacetum,gossypinum
Asteraceae subfam. Asteroideae,Tanacetum,griffithii
Asteraceae subfam. Asteroideae,Tanacetum,haradjanii
Asteraceae subfam. Asteroideae,Tanacetum,macrophyllum
Asteraceae subfam. Asteroideae,Tanacetum,niveum
Asteraceae subfam. Asteroideae,Tanacetum,parthenium
Asteraceae subfam. Asteroideae,Tanacetum,sp.jurasek
Asteraceae subfam. Asteroideae,Tanacetum,tatsienense
Asteraceae subfam. Asteroideae,Tanacetum,tatsiense
Asteraceae subfam. Asteroideae,Tanacetum,uralense
Asteraceae subfam. Asteroideae,Tanacetum,vulgare
Asteraceae subfam. Asteroideae,Telekia,speciosa
Asteraceae subfam. Asteroideae,Townsendia,condensata
Asteraceae subfam. Asteroideae,Townsendia,eximia
Asteraceae subfam. Asteroideae,Townsendia,exscapa
Asteraceae subfam. Asteroideae,Townsendia,florifer
Asteraceae subfam. Asteroideae,Townsendia,florifera
Asteraceae subfam. Asteroideae,Townsendia,grandiflora
Asteraceae subfam. Asteroideae,Townsendia,hookeri
Asteraceae subfam. Asteroideae,Townsendia,incana
Asteraceae subfam. Asteroideae,Townsendia,leptotes
Asteraceae subfam. Asteroideae,Townsendia,montana
Asteraceae subfam. Asteroideae,Townsendia,parryi
Asteraceae subfam. Asteroideae,Townsendia,rothrockii
Asteraceae subfam. Asteroideae,Townsendia,scapigera
Asteraceae subfam. Asteroideae,Townsendia,uniflora
Asteraceae subfam. Asteroideae,Tripteris,sp.
Asteraceae subfam. Asteroideae,Tussilago,farfara
Asteraceae subfam. Asteroideae,Ursinia,alpina
Asteraceae subfam. Asteroideae,Ursinia,speciosa
Asteraceae subfam. Asteroideae,Zinnia,elegans
Asteraceae subfam. Asteroideae,Zinnia,grandiflora
Asteraceae subfam. Asteroideae,Zinnia,haageana
Asteraceae subfam. Asteroideae,Zinnia,peruviana
Asteraceae subfam. Asteroideae,× Solidaster,luteus
Asteraceae subfam. Carduoideae,Arctium,lappa
Asteraceae subfam. Carduoideae,Arctium,minus
Asteraceae subfam. Carduoideae,Carlina,acanthifolia
Asteraceae subfam. Carduoideae,Carlina,acaulis
Asteraceae subfam. Carduoideae,Carlina,vulgaris
Asteraceae subfam. Carduoideae,Carthamus,tinctorius
Asteraceae subfam. Carduoideae,Centaurea,
Asteraceae subfam. Carduoideae,Centaurea,(KH.0048)
Asteraceae subfam. Carduoideae,Centaurea,achaia
Asteraceae subfam. Carduoideae,Centaurea,africana
Asteraceae subfam. Carduoideae,Centaurea,cheiranthifolia
Asteraceae subfam. Carduoideae,Centaurea,chilensis
Asteraceae subfam. Carduoideae,Centaurea,clementei
Asteraceae subfam. Carduoideae,Centaurea,cyanus
Asteraceae subfam. Carduoideae,Centaurea,daghestanica
Asteraceae subfam. Carduoideae,Centaurea,diluta
Asteraceae subfam. Carduoideae,Centaurea,gymnocarpa
Asteraceae subfam. Carduoideae,Centaurea,hypoleuca
Asteraceae subfam. Carduoideae,Centaurea,jacea
Asteraceae subfam. Carduoideae,Centaurea,macrocephala
Asteraceae subfam. Carduoideae,Centaurea,maculosa
Asteraceae subfam. Carduoideae,Centaurea,montana
Asteraceae subfam. Carduoideae,Centaurea,nervosa
Asteraceae subfam. Carduoideae,Centaurea,nigrofimbria
Asteraceae subfam. Carduoideae,Centaurea,orientalis
Asteraceae subfam. Carduoideae,Centaurea,pindicola
Asteraceae subfam. Carduoideae,Centaurea,pulcherrima
Asteraceae subfam. Carduoideae,Centaurea,spinosa
Asteraceae subfam. Carduoideae,Centaurea,uniflora
Asteraceae subfam. Carduoideae,Centaurea,woronowii
Asteraceae subfam. Carduoideae,Cirsium,(RLT.6639)
Asteraceae subfam. Carduoideae,Cirsium,arvense
Asteraceae subfam. Carduoideae,Cirsium,erisithales
Asteraceae subfam. Carduoideae,Cirsium,hookerianum
Asteraceae subfam. Carduoideae,Cnicus,benedictus
Asteraceae subfam. Carduoideae,Cousinia,alpina
Asteraceae subfam. Carduoideae,Cynara,(KH.0042)
Asteraceae subfam. Carduoideae,Cynara,cardunculus
Asteraceae subfam. Carduoideae,Cynara,humilis
Asteraceae subfam. Carduoideae,Echinops,
Asteraceae subfam. Carduoideae,Echinops,(M&W.5899)
Asteraceae subfam. Carduoideae,Echinops,humilis
Asteraceae subfam. Carduoideae,Echinops,ritro
Asteraceae subfam. Carduoideae,Echinops,setifer
Asteraceae subfam. Carduoideae,Echinops,spinosissimus
Asteraceae subfam. Carduoideae,Jurinea,(RS.)
Asteraceae subfam. Carduoideae,Jurinea,mollis
Asteraceae subfam. Carduoideae,Jurinea,sp.args.0057
Asteraceae subfam. Carduoideae,Leuzea,centaureoides
Asteraceae subfam. Carduoideae,Leuzea,conifera
Asteraceae subfam. Carduoideae,Onopordum,acanthium
Asteraceae subfam. Carduoideae,Saussurea,alpina
Asteraceae subfam. Carduoideae,Saussurea,discolor
Asteraceae subfam. Carduoideae,Saussurea,gossipiphora
Asteraceae subfam. Carduoideae,Saussurea,iodostegia
Asteraceae subfam. Carduoideae,Saussurea,pectinata
Asteraceae subfam. Carduoideae,Saussurea,pricei
Asteraceae subfam. Carduoideae,Serratula,coronata
Asteraceae subfam. Carduoideae,Serratula,tinctoria
Asteraceae subfam. Carduoideae,Silybum,marianum
Asteraceae subfam. Cichorioideae,Berkheya,cirsiifolia
Asteraceae subfam. Cichorioideae,Berkheya,multijuga
Asteraceae subfam. Cichorioideae,Berkheya,purpurea
Asteraceae subfam. Cichorioideae,Berkheya,rhapontica
Asteraceae subfam. Cichorioideae,Catananche,caerulea
Asteraceae subfam. Cichorioideae,Cichorium,endivia
Asteraceae subfam. Cichorioideae,Cichorium,intybus
Asteraceae subfam. Cichorioideae,Cichorium,spinosum
Asteraceae subfam. Cichorioideae,Crepis,atrabarba
Asteraceae subfam. Cichorioideae,Crepis,elegans
Asteraceae subfam. Cichorioideae,Crepis,hokkaidoensis
Asteraceae subfam. Cichorioideae,Crepis,incana
Asteraceae subfam. Cichorioideae,Crepis,nana
Asteraceae subfam. Cichorioideae,Crepis,occidentalis
Asteraceae subfam. Cichorioideae,Crepis,pygmaea
Asteraceae subfam. Cichorioideae,Crepis,terglouensis
Asteraceae subfam. Cichorioideae,Crepis,triasii
Asteraceae subfam. Cichorioideae,Hieracium,albiflorum
Asteraceae subfam. Cichorioideae,Hieracium,aurantiacum
Asteraceae subfam. Cichorioideae,Hieracium,gracile
Asteraceae subfam. Cichorioideae,Hieracium,lowndsii
Asteraceae subfam. Cichorioideae,Hieracium,pannosum
Asteraceae subfam. Cichorioideae,Hieracium,scouleri
Asteraceae subfam. Cichorioideae,Hieracium,tomentosum
Asteraceae subfam. Cichorioideae,Hieracium,villosum
Asteraceae subfam. Cichorioideae,Hypochaeris,crepidioides
Asteraceae subfam. Cichorioideae,Hypochaeris,montana
Asteraceae subfam. Cichorioideae,Hypochaeris,radicata
Asteraceae subfam. Cichorioideae,Hypochaeris,sp.(5627)
Asteraceae subfam. Cichorioideae,Hypochaeris,taraxacoides
Asteraceae subfam. Cichorioideae,Lactuca,biennis
Asteraceae subfam. Cichorioideae,Lactuca,graciliflora
Asteraceae subfam. Cichorioideae,Lactuca,perennis
Asteraceae subfam. Cichorioideae,Lactuca,sativa
Asteraceae subfam. Cichorioideae,Lactuca,serriola
Asteraceae subfam. Cichorioideae,Lactuca,tatarica
Asteraceae subfam. Cichorioideae,Lactuca,tenerrima
Asteraceae subfam. Cichorioideae,Lapsana,communis
Asteraceae subfam. Cichorioideae,Leontodon,crispus
Asteraceae subfam. Cichorioideae,Microseris,borealis
Asteraceae subfam. Cichorioideae,Microseris,nutans
Asteraceae subfam. Cichorioideae,Sonchus,asper
Asteraceae subfam. Cichorioideae,Stokesia,
Asteraceae subfam. Cichorioideae,Stokesia,cyanea
Asteraceae subfam. Cichorioideae,Stokesia,laevis
Asteraceae subfam. Cichorioideae,Taraxacum,(aff.v.alba)
Asteraceae subfam. Cichorioideae,Taraxacum,albidum
Asteraceae subfam. Cichorioideae,Taraxacum,carneocoloratum
Asteraceae subfam. Cichorioideae,Taraxacum,ceratophorum
Asteraceae subfam. Cichorioideae,Taraxacum,laevigatum
Asteraceae subfam. Cichorioideae,Taraxacum,lilacinum
Asteraceae subfam. Cichorioideae,Taraxacum,luridum
Asteraceae subfam. Cichorioideae,Taraxacum,officinale
Asteraceae subfam. Cichorioideae,Tragopogon,dubius
Asteraceae subfam. Cichorioideae,Tragopogon,parvifolius
Asteraceae subfam. Cichorioideae,Tragopogon,porrifolius
Asteraceae subfam. Cichorioideae,Vernonia,angustifolia
Asteraceae subfam. Cichorioideae,Vernonia,gigantea
Asteraceae subfam. Cichorioideae,Vernonia,noveboracensis
Asteraceae subfam. Mutisioideae,Gerbera,nivea
Asteraceae subfam. Mutisioideae,Gerbera,piloselloides
Asteraceae subfam. Mutisioideae,Leibnitzia,anandria
Asteraceae subfam. Mutisioideae,Leibnitzia,nepalensis
Asteraceae subfam. Mutisioideae,Perezia,(W.0009)
Asteraceae subfam. Mutisioideae,Perezia,(W.0060)
Asteraceae subfam. Mutisioideae,Perezia,linearis
Asteraceae subfam. Mutisioideae,Perezia,recurvata
Asteraceae subfam. Mutisioideae,Perezia,sessiliflora
Atherospermataceae,Atherosperma,moschatum
Athyriaceae,Athyrium,distentifolium
Athyriaceae,Athyrium,filix-femina
Athyriaceae,Athyrium,niponicum
Athyriaceae,Athyrium,otophorum
Athyriaceae,Athyrium,pycnocarpon
Athyriaceae,Athyrium,thelypterioides
Athyriaceae,Deparia,acrostichoides
Athyriaceae,Deparia,conilii
Athyriaceae,Diplazium,pycnocarpon
Aulacomniaceae,Aulacomnium,androgynum
Balsaminaceae,Impatiens,arguta
Balsaminaceae,Impatiens,glandulifera
Balsaminaceae,Impatiens,noli-tangere
Balsaminaceae,Impatiens,omeiana
Balsaminaceae,Impatiens,oncidioides
Balsaminaceae,Impatiens,parviflora
Balsaminaceae,Impatiens,sp.
Balsaminaceae,Impatiens,textori
Balsaminaceae,Impatiens,tinctoria
Bartramiaceae,Philonotis,Fontana
Basellaceae,Basella,alba
Begoniaceae,Begonia,
Begoniaceae,Begonia,acetosella
Begoniaceae,Begonia,chitoensis
Begoniaceae,Begonia,dux
Begoniaceae,Begonia,emeiensis
Begoniaceae,Begonia,flaviflora
Begoniaceae,Begonia,formosana
Begoniaceae,Begonia,grandis
Begoniaceae,Begonia,hemsleyana
Begoniaceae,Begonia,lorentzonii
Begoniaceae,Begonia,markiana
Begoniaceae,Begonia,palmata
Begoniaceae,Begonia,sinensis
Begoniaceae,Begonia,sp.
Begoniaceae,Begonia,sutherlandii
Begoniaceae,Begonia,taliensis
Berberidaceae,Achlys,triphylla
Berberidaceae,Alloberberis,nevinii
Berberidaceae,Alloberberis,trifoliolata
Berberidaceae,Berberis,
Berberidaceae,Berberis,actinacantha
Berberidaceae,Berberis,angulosa
Berberidaceae,Berberis,aquifolium
Berberidaceae,Berberis,aristata
Berberidaceae,Berberis,bergmanniae
Berberidaceae,Berberis,buxifolia
Berberidaceae,Berberis,chingii
Berberidaceae,Berberis,chrysosphaera
Berberidaceae,Berberis,coxii
Berberidaceae,Berberis,darwinii
Berberidaceae,Berberis,duclouxiana
Berberidaceae,Berberis,dumicola
Berberidaceae,Berberis,empetrifolia
Berberidaceae,Berberis,fremontii
Berberidaceae,Berberis,gagnepainii
Berberidaceae,Berberis,gyalaica
Berberidaceae,Berberis,ilicifolia
Berberidaceae,Berberis,insignis
Berberidaceae,Berberis,julianae
Berberidaceae,Berberis,kawakamii
Berberidaceae,Berberis,lycium
Berberidaceae,Berberis,manipurana
Berberidaceae,Berberis,morrisonensis
Berberidaceae,Berberis,ovalifolia
Berberidaceae,Berberis,polyantha
Berberidaceae,Berberis,praecipua
Berberidaceae,Berberis,pruinosa
Berberidaceae,Berberis,sanguinea
Berberidaceae,Berberis,sp.
Berberidaceae,Berberis,thunbergii
Berberidaceae,Berberis,triacanthophora
Berberidaceae,Berberis,verruculosa
Berberidaceae,Berberis,vulgaris
Berberidaceae,Berberis,wilsoniae
Berberidaceae,Berberis,× bristolensis
Berberidaceae,Berberis,× stenophylla
Berberidaceae,Bongardia,chrysogonum
Berberidaceae,Caulophyllum,thalictroides
Berberidaceae,Diphylleia,cymosa
Berberidaceae,Diphylleia,sp.
Berberidaceae,Epimedium,
Berberidaceae,Epimedium,acuminatum
Berberidaceae,Epimedium,baieali-guizhouense
Berberidaceae,Epimedium,borealiguizhouense
Berberidaceae,Epimedium,brachyrrhizum
Berberidaceae,Epimedium,brevicornu
Berberidaceae,Epimedium,chlorandrum
Berberidaceae,Epimedium,dali
Berberidaceae,Epimedium,davidii
Berberidaceae,Epimedium,dewuense
Berberidaceae,Epimedium,diphyllum
Berberidaceae,Epimedium,dolichostemon
Berberidaceae,Epimedium,ecalcaratum
Berberidaceae,Epimedium,epsteinii
Berberidaceae,Epimedium,fangii
Berberidaceae,Epimedium,fargesii
Berberidaceae,Epimedium,flavum
Berberidaceae,Epimedium,franchetii
Berberidaceae,Epimedium,grandiflorum
Berberidaceae,Epimedium,hunanense
Berberidaceae,Epimedium,hybrid
Berberidaceae,Epimedium,ilicifolium
Berberidaceae,Epimedium,koreanum
Berberidaceae,Epimedium,latisepalum
Berberidaceae,Epimedium,leptorrhizum
Berberidaceae,Epimedium,lishihchenii
Berberidaceae,Epimedium,mikinorii
Berberidaceae,Epimedium,myrianthum
Berberidaceae,Epimedium,ogisui
Berberidaceae,Epimedium,pauciflorum
Berberidaceae,Epimedium,perralderianum
Berberidaceae,Epimedium,pinnatum
Berberidaceae,Epimedium,platypetalum
Berberidaceae,Epimedium,pseudowushanense
Berberidaceae,Epimedium,pubescens
Berberidaceae,Epimedium,pubigerum
Berberidaceae,Epimedium,rhizomatosum
Berberidaceae,Epimedium,sagittatum
Berberidaceae,Epimedium,sempervirens
Berberidaceae,Epimedium,sp.
Berberidaceae,Epimedium,species nova
Berberidaceae,Epimedium,stellulatum
Berberidaceae,Epimedium,sutchuenense
Berberidaceae,Epimedium,truncatum
Berberidaceae,Epimedium,wushanense
Berberidaceae,Epimedium,zhushanense
Berberidaceae,Epimedium,× omeiense
Berberidaceae,Epimedium,× perralchicum
Berberidaceae,Epimedium,× rubrum
Berberidaceae,Epimedium,× warleyense
Berberidaceae,Epimedium,× youngianum
Berberidaceae,Gymnospermium,albertii
Berberidaceae,Gymnospermium,altaicum
Berberidaceae,Gymnospermium,odessanum
Berberidaceae,Jeffersonia,diphylla
Berberidaceae,Jeffersonia,dubia
Berberidaceae,Leontice,albertii
Berberidaceae,Mahonia,aquifolium
Berberidaceae,Mahonia,bealei
Berberidaceae,Mahonia,eurybracteata
Berberidaceae,Mahonia,fortunei
Berberidaceae,Mahonia,gracilipes
Berberidaceae,Mahonia,japonica
Berberidaceae,Mahonia,napaulensis
Berberidaceae,Mahonia,nervosa
Berberidaceae,Mahonia,piperiana
Berberidaceae,Mahonia,repens
Berberidaceae,Mahonia,× media
Berberidaceae,Nandina,domestica
Berberidaceae,Podophyllum,
Berberidaceae,Podophyllum,aurantiocaule
Berberidaceae,Podophyllum,delavayi
Berberidaceae,Podophyllum,peltatum
Berberidaceae,Podophyllum,pleianthum
Berberidaceae,Podophyllum,versipelle
Berberidaceae,Ranzania,japonica
Berberidaceae,Sinopodophyllum,hexandrum
Berberidaceae,Vancouveria,chrysantha
Berberidaceae,Vancouveria,hexandra
Berberidaceae,Vancouveria,planipetala
Berberidopsidaceae,Berberidopsis,corallina
Betulaceae,Alnus,firma
Betulaceae,Alnus,glutinosa
Betulaceae,Alnus,henryi
Betulaceae,Alnus,hirsuta
Betulaceae,Alnus,incana
Betulaceae,Alnus,lanata
Betulaceae,Alnus,nepalensis
Betulaceae,Alnus,pendula
Betulaceae,Alnus,rhombifolia
Betulaceae,Alnus,rubra
Betulaceae,Alnus,subcordata
Betulaceae,Alnus,viridis
Betulaceae,Alnus,× mayrii
Betulaceae,Betula,albosinensis
Betulaceae,Betula,alleghaniensis
Betulaceae,Betula,apoiensis
Betulaceae,Betula,austrosinensis
Betulaceae,Betula,calcicola
Betulaceae,Betula,chichibuensis
Betulaceae,Betula,costata
Betulaceae,Betula,delavayi
Betulaceae,Betula,ermanii
Betulaceae,Betula,fargesii
Betulaceae,Betula,glandulosa
Betulaceae,Betula,globispica
Betulaceae,Betula,grossa
Betulaceae,Betula,humilis
Betulaceae,Betula,kweichowensis
Betulaceae,Betula,lenta
Betulaceae,Betula,maximowicziana
Betulaceae,Betula,michauxii
Betulaceae,Betula,nana
Betulaceae,Betula,nigra
Betulaceae,Betula,occidentalis
Betulaceae,Betula,ovczinnikovii
Betulaceae,Betula,papyrifera
Betulaceae,Betula,pendula
Betulaceae,Betula,platyphylla
Betulaceae,Betula,populifolia
Betulaceae,Betula,potaninii
Betulaceae,Betula,pubescens
Betulaceae,Betula,pumila
Betulaceae,Betula,rotundifolia
Betulaceae,Betula,schmidtii
Betulaceae,Betula,sp.
Betulaceae,Betula,tianschanica
Betulaceae,Betula,utilis
Betulaceae,Betula,×
Betulaceae,Carpinus,betulus
Betulaceae,Carpinus,caroliniana
Betulaceae,Carpinus,cordata
Betulaceae,Carpinus,coreana
Betulaceae,Carpinus,fangiana
Betulaceae,Carpinus,fargesiana
Betulaceae,Carpinus,henryana
Betulaceae,Carpinus,japonica
Betulaceae,Carpinus,kawakamii
Betulaceae,Carpinus,laxiflora
Betulaceae,Carpinus,londoniana
Betulaceae,Carpinus,orientalis
Betulaceae,Carpinus,polyneura
Betulaceae,Carpinus,pubescens
Betulaceae,Carpinus,rankanensis
Betulaceae,Carpinus,shensiensis
Betulaceae,Carpinus,sp.
Betulaceae,Carpinus,tschonoskii
Betulaceae,Carpinus,turczaninovii
Betulaceae,Carpinus,viminea
Betulaceae,Corylus,americana
Betulaceae,Corylus,avellana
Betulaceae,Corylus,chinensis
Betulaceae,Corylus,colurna
Betulaceae,Corylus,cornuta
Betulaceae,Corylus,fargesii
Betulaceae,Corylus,ferox
Betulaceae,Corylus,jacquemontii
Betulaceae,Ostrya,carpinifolia
Betulaceae,Ostrya,japonica
Betulaceae,Ostrya,virginiana
Betulaceae,Ostryopsis,nobilis
Biebersteiniaceae,Biebersteinia,odora
Bignoniaceae,Argylia,(P&W.6486)
Bignoniaceae,Argylia,adscendens
Bignoniaceae,Argylia,australis
Bignoniaceae,Argylia,bustillosii
Bignoniaceae,Argylia,robusta
Bignoniaceae,Argylia,uspallatensis
Bignoniaceae,Bignonia,capreolata
Bignoniaceae,Campsis,grandiflora
Bignoniaceae,Campsis,radicans
Bignoniaceae,Campsis,× tagliabuana
Bignoniaceae,Catalpa,bungei
Bignoniaceae,Catalpa,fargesii
Bignoniaceae,Catalpa,ovata
Bignoniaceae,Catalpa,speciosa
Bignoniaceae,Chilopsis,linearis
Bignoniaceae,Eccremocarpus,scaber
Bignoniaceae,Incarvillea,(SICH.1361)
Bignoniaceae,Incarvillea,arguta
Bignoniaceae,Incarvillea,compacta
Bignoniaceae,Incarvillea,delavayi
Bignoniaceae,Incarvillea,diffusa
Bignoniaceae,Incarvillea,forrestii
Bignoniaceae,Incarvillea,grandiflora
Bignoniaceae,Incarvillea,lutea
Bignoniaceae,Incarvillea,mairei
Bignoniaceae,Incarvillea,nana
Bignoniaceae,Incarvillea,olgae
Bignoniaceae,Incarvillea,sinensis
Bignoniaceae,Incarvillea,younghusbandii
Bignoniaceae,Incarvillea,zhongdianensis
Bignoniaceae,Pandorea,pandorana
Bignoniaceae,Tecoma,capensis
Bignoniaceae,× Chitalpa,tashkentensis
Blandfordiaceae,Blandfordia,marginata
Blandfordiaceae,Blandfordia,punicea
Blechnaceae,Blechnum,chilense
Blechnaceae,Blechnum,cycadifolium
Blechnaceae,Blechnum,fluviatile
Blechnaceae,Blechnum,microphyllum
Blechnaceae,Blechnum,nipponicum
Blechnaceae,Blechnum,penna-marina
Blechnaceae,Struthiopteris,spicant
Blechnaceae,Woodwardia,areolata
Blechnaceae,Woodwardia,fimbriata
Blechnaceae,Woodwardia,orientalis
Blechnaceae,Woodwardia,prolifera
Blechnaceae,Woodwardia,unigemmata
Blechnaceae,Woodwardia,virginica
Boraginaceae,Amsinckia,menziesii
Boraginaceae,Anchusa,(from Kyrghystan)
Boraginaceae,Anchusa,azurea
Boraginaceae,Anchusa,caespitosa
Boraginaceae,Anchusa,capensis
Boraginaceae,Anchusa,leptophylla
Boraginaceae,Anchusa,officinalis
Boraginaceae,Anchusa,undulata
Boraginaceae,Arnebia,pulchra
Boraginaceae,Borago,officinalis
Boraginaceae,Borago,pygmaea
Boraginaceae,Brunnera,macrophylla
Boraginaceae,Buglossoides,purpureocaeruleum
Boraginaceae,Cerinthe,major
Boraginaceae,Cryptantha,johnstonii
Boraginaceae,Cynoglossum,amabile
Boraginaceae,Cynoglossum,nervosum
Boraginaceae,Cynoglossum,officinale
Boraginaceae,Decalepidanthus,primuloides
Boraginaceae,Echium,amoenum
Boraginaceae,Echium,candicans
Boraginaceae,Echium,lusitanicum
Boraginaceae,Echium,pininana
Boraginaceae,Echium,simplex
Boraginaceae,Echium,virescens
Boraginaceae,Echium,vulgare
Boraginaceae,Echium,wildpretii
Boraginaceae,Eriodictyon,angustifolium
Boraginaceae,Eriodictyon,californicum
Boraginaceae,Eriodictyon,crassifolium
Boraginaceae,Eritrichium,canum
Boraginaceae,Eritrichium,howardii
Boraginaceae,Eritrichium,nanum
Boraginaceae,Eritrichium,rupestre
Boraginaceae,Eritrichium,sibiricum
Boraginaceae,Eritrichium,strictum
Boraginaceae,Eritrichium,tianshanicum
Boraginaceae,Glandora,diffusa
Boraginaceae,Glandora,oleifolia
Boraginaceae,Hackelia,deflexa
Boraginaceae,Hackelia,nipponica
Boraginaceae,Indet Boraginaceae,
Boraginaceae,Lappula,redowskii
Boraginaceae,Lasiarrhenum,strigosum
Boraginaceae,Lindelofia,anchusoides
Boraginaceae,Lindelofia,longiflora
Boraginaceae,Lithodora,zahnii
Boraginaceae,Lithospermum,arvense
Boraginaceae,Lithospermum,incisum
Boraginaceae,Lithospermum,officinale
Boraginaceae,Lithospermum,ruderale
Boraginaceae,Mattiastrum,racemosum
Boraginaceae,Mertensia,alpina
Boraginaceae,Mertensia,coventryana
Boraginaceae,Mertensia,echioides
Boraginaceae,Mertensia,longiflora
Boraginaceae,Mertensia,macdougalii
Boraginaceae,Mertensia,maritima
Boraginaceae,Mertensia,oblongifolia
Boraginaceae,Mertensia,paniculata
Boraginaceae,Mertensia,pterocarpa
Boraginaceae,Mertensia,simplicissima
Boraginaceae,Mertensia,viridis
Boraginaceae,Moltkia,petraea
Boraginaceae,Moltkia,suffruticosa
Boraginaceae,Moltkia,× intermedia
Boraginaceae,Myosotidium,hortensia
Boraginaceae,Myosotis,afropalustris
Boraginaceae,Myosotis,alpestris
Boraginaceae,Myosotis,arvensis
Boraginaceae,Myosotis,australis
Boraginaceae,Myosotis,discolor
Boraginaceae,Myosotis,eximia
Boraginaceae,Myosotis,explanata
Boraginaceae,Myosotis,laxa
Boraginaceae,Myosotis,olympica
Boraginaceae,Myosotis,petiolata
Boraginaceae,Myosotis,rakiura
Boraginaceae,Myosotis,scorpioides
Boraginaceae,Myosotis,sylvatica
Boraginaceae,Myosotis,traversii
Boraginaceae,Nama,rothrockii
Boraginaceae,Nonea,echioides
Boraginaceae,Omphalodes,cappadocica
Boraginaceae,Omphalodes,luciliae
Boraginaceae,Omphalodes,nitida
Boraginaceae,Omphalodes,verna
Boraginaceae,Onosma,albo-pilosum
Boraginaceae,Onosma,alborosea
Boraginaceae,Onosma,alboroseum
Boraginaceae,Onosma,atrocyaneum
Boraginaceae,Onosma,aucheriana
Boraginaceae,Onosma,azurea
Boraginaceae,Onosma,confertum
Boraginaceae,Onosma,dichroantha
Boraginaceae,Onosma,echioides
Boraginaceae,Onosma,montana
Boraginaceae,Onosma,nana
Boraginaceae,Onosma,polyphylla
Boraginaceae,Onosma,rigida
Boraginaceae,Onosma,sericea
Boraginaceae,Onosma,sp.
Boraginaceae,Onosma,stellulatum
Boraginaceae,Onosma,taurica
Boraginaceae,Pentaglottis,sempervirens
Boraginaceae,Plagiobothrys,scouleri
Boraginaceae,Pontechium,maculatum
Boraginaceae,Pulmonaria,
Boraginaceae,Pulmonaria,angustifolia
Boraginaceae,Pulmonaria,longifolia
Boraginaceae,Pulmonaria,officinalis
Boraginaceae,Pulmonaria,rubra
Boraginaceae,Pulmonaria,saccharata
Boraginaceae,Symphytum,
Boraginaceae,Symphytum,asperum
Boraginaceae,Symphytum,caucasicum
Boraginaceae,Symphytum,grandiflorum
Boraginaceae,Symphytum,ibericum
Boraginaceae,Symphytum,officinale
Boraginaceae,Symphytum,tuberosum
Boraginaceae,Symphytum,× uplandicum
Boraginaceae,Trachystemon,orientalis
Boraginaceae,Trichodesma,zeylanicum
Boraginaceae,Trigonotis,cavaleriei
Boraginaceae,Turricula,parryi
Brachytheciaceae,Brachythecium,albicans
Brachytheciaceae,Brachythecium,asperrimum
Brachytheciaceae,Brachythecium,frigidum
Brachytheciaceae,Claopodium,crispifolium
Brachytheciaceae,Homalothecium,fulgescens
Brachytheciaceae,Homalothecium,nuttallii
Brachytheciaceae,Pseudoscleropodium,purum
Brassicaceae,Aethionema,armenum
Brassicaceae,Aethionema,capitatum
Brassicaceae,Aethionema,coridifolium
Brassicaceae,Aethionema,grandiflorum
Brassicaceae,Aethionema,saxatile
Brassicaceae,Aethionema,schistosum
Brassicaceae,Aethionema,sp.
Brassicaceae,Aethionema,stylosum
Brassicaceae,Aethionema,thomasianum
Brassicaceae,Alliaria,petiolata
Brassicaceae,Alyssoides,utriculata
Brassicaceae,Alyssum,
Brassicaceae,Alyssum,argenteum
Brassicaceae,Alyssum,armenum
Brassicaceae,Alyssum,borzaeanum
Brassicaceae,Alyssum,condensatum
Brassicaceae,Alyssum,cuneifolium
Brassicaceae,Alyssum,handelii
Brassicaceae,Alyssum,lenense
Brassicaceae,Alyssum,moellendorfianum
Brassicaceae,Alyssum,montanum
Brassicaceae,Alyssum,murale
Brassicaceae,Alyssum,pateri
Brassicaceae,Alyssum,propinquum
Brassicaceae,Alyssum,pulvinare
Brassicaceae,Alyssum,repens
Brassicaceae,Alyssum,saxatile
Brassicaceae,Alyssum,serpyllifolium
Brassicaceae,Alyssum,spinosum
Brassicaceae,Alyssum,stribrnyi
Brassicaceae,Alyssum,tortuosum
Brassicaceae,Alyssum,wulfenianum
Brassicaceae,Arabidopsis,thaliana
Brassicaceae,Arabis,
Brassicaceae,Arabis,alpina
Brassicaceae,Arabis,androsacea
Brassicaceae,Arabis,aubrietioides
Brassicaceae,Arabis,blepharophylla
Brassicaceae,Arabis,breweri
Brassicaceae,Arabis,bryoides
Brassicaceae,Arabis,caerulea
Brassicaceae,Arabis,carduchorum
Brassicaceae,Arabis,caucasica
Brassicaceae,Arabis,cusickii
Brassicaceae,Arabis,ferdinandi-coburgi
Brassicaceae,Arabis,glabra
Brassicaceae,Arabis,hirsuta
Brassicaceae,Arabis,holboellii
Brassicaceae,Arabis,koehleri
Brassicaceae,Arabis,lyallii
Brassicaceae,Arabis,lyrata
Brassicaceae,Arabis,muralis
Brassicaceae,Arabis,nuttallii
Brassicaceae,Arabis,procurrens
Brassicaceae,Arabis,pumila
Brassicaceae,Arabis,purpurascens
Brassicaceae,Arabis,soyeri
Brassicaceae,Arabis,sp.
Brassicaceae,Arabis,subpinnatifida
Brassicaceae,Arabis,vileybiana
Brassicaceae,Arabis,× kellereri
Brassicaceae,Armoracia,rusticana
Brassicaceae,Aubrieta,
Brassicaceae,Aubrieta,aureafolia
Brassicaceae,Aubrieta,canescens
Brassicaceae,Aubrieta,cultorum
Brassicaceae,Aubrieta,deltoidea
Brassicaceae,Aubrieta,erubescens
Brassicaceae,Aubrieta,olympica
Brassicaceae,Aubrieta,parviflora
Brassicaceae,Aubrieta,pinardii
Brassicaceae,Aubrieta,× cultorum
Brassicaceae,Aurinia,saxatilis
Brassicaceae,Barbarea,verna
Brassicaceae,Bornmuellera,baldaccii
Brassicaceae,Brassica,balearica
Brassicaceae,Brassica,carinata
Brassicaceae,Brassica,cretica
Brassicaceae,Brassica,juncea
Brassicaceae,Brassica,napus
Brassicaceae,Brassica,oleracea
Brassicaceae,Brassica,oleraceae
Brassicaceae,Brassica,rapa
Brassicaceae,Braya,rosea
Brassicaceae,Cakile,edentula
Brassicaceae,Camelina,microcarpa
Brassicaceae,Capsella,bursa-pastoris
Brassicaceae,Cardamine,angulata
Brassicaceae,Cardamine,concatenata
Brassicaceae,Cardamine,cordifolia
Brassicaceae,Cardamine,diphylla
Brassicaceae,Cardamine,enneaphyllos
Brassicaceae,Cardamine,flexuosa
Brassicaceae,Cardamine,heptaphylla
Brassicaceae,Cardamine,integrifolia
Brassicaceae,Cardamine,kitaibelii
Brassicaceae,Cardamine,nuttallii
Brassicaceae,Cardamine,nymanii
Brassicaceae,Cardamine,pentaphyllos
Brassicaceae,Cardamine,pratensis
Brassicaceae,Cardamine,raphanifolia
Brassicaceae,Cardamine,sp.
Brassicaceae,Cardamine,trifolia
Brassicaceae,Chorispora,bungeana
Brassicaceae,Chorispora,macropoda
Brassicaceae,Chorispora,tenella
Brassicaceae,Coronopus,didymus
Brassicaceae,Crambe,cordifolia
Brassicaceae,Crambe,hispanica
Brassicaceae,Crambe,kotschyana
Brassicaceae,Crambe,maritima
Brassicaceae,Descurainia,bourgeauana
Brassicaceae,Descurainia,lemsii
Brassicaceae,Descurainia,richardsonii
Brassicaceae,Diplotaxis,erucoides
Brassicaceae,Diplotaxis,tenuifolia
Brassicaceae,Draba,
Brassicaceae,Draba,acaulis
Brassicaceae,Draba,aizoides
Brassicaceae,Draba,alpina
Brassicaceae,Draba,arabisans
Brassicaceae,Draba,araratica
Brassicaceae,Draba,athoa
Brassicaceae,Draba,aurea
Brassicaceae,Draba,borealis
Brassicaceae,Draba,bruniifolia
Brassicaceae,Draba,bryoides
Brassicaceae,Draba,cana
Brassicaceae,Draba,cappadocica
Brassicaceae,Draba,cryptantha
Brassicaceae,Draba,cusickii
Brassicaceae,Draba,cuspidata
Brassicaceae,Draba,darwasica
Brassicaceae,Draba,dedeana
Brassicaceae,Draba,densifolia
Brassicaceae,Draba,glabella
Brassicaceae,Draba,hispanica
Brassicaceae,Draba,howellii
Brassicaceae,Draba,hyperborea
Brassicaceae,Draba,incana
Brassicaceae,Draba,incerta
Brassicaceae,Draba,korabensis
Brassicaceae,Draba,kotschyi
Brassicaceae,Draba,lactea
Brassicaceae,Draba,lasiocarpa
Brassicaceae,Draba,lindenii
Brassicaceae,Draba,longisiliqua
Brassicaceae,Draba,magellanica
Brassicaceae,Draba,mollissima
Brassicaceae,Draba,nemorosa
Brassicaceae,Draba,olgae
Brassicaceae,Draba,oligosperma
Brassicaceae,Draba,oreadum
Brassicaceae,Draba,paysonii
Brassicaceae,Draba,polytricha
Brassicaceae,Draba,praealta
Brassicaceae,Draba,rigida
Brassicaceae,Draba,rosularis
Brassicaceae,Draba,ruaxes
Brassicaceae,Draba,sakuraii
Brassicaceae,Draba,sauteri
Brassicaceae,Draba,sibirica
Brassicaceae,Draba,sp.
Brassicaceae,Draba,stenoloba
Brassicaceae,Draba,subcapitata
Brassicaceae,Draba,tibetica
Brassicaceae,Draba,ventosa
Brassicaceae,Draba,× salomonii
Brassicaceae,Eruca,vesicaria
Brassicaceae,Erysimum,
Brassicaceae,Erysimum,alpinum
Brassicaceae,Erysimum,altaicum
Brassicaceae,Erysimum,amoenum
Brassicaceae,Erysimum,arenicola
Brassicaceae,Erysimum,capitatum
Brassicaceae,Erysimum,cheiranthoides
Brassicaceae,Erysimum,cheiri
Brassicaceae,Erysimum,concinnum
Brassicaceae,Erysimum,helveticum
Brassicaceae,Erysimum,hieraciifolium
Brassicaceae,Erysimum,kotschyanum
Brassicaceae,Erysimum,pulchellum
Brassicaceae,Erysimum,pullchellum
Brassicaceae,Erysimum,sp.
Brassicaceae,Erysimum,suffrutescens
Brassicaceae,Erysimum,wheeleri
Brassicaceae,Erysimum,wilczekianum
Brassicaceae,Erysimum,× marshallii
Brassicaceae,Eutrema,japonicum
Brassicaceae,Fibigia,clypeata
Brassicaceae,Heliophila,crithmifolia
Brassicaceae,Hesperis,matronalis
Brassicaceae,Hesperis,tristis
Brassicaceae,Hornungia,alpina
Brassicaceae,Hutchinsia,alpina
Brassicaceae,Hymenolobus,procumbens
Brassicaceae,Iberis,candolleana
Brassicaceae,Iberis,gibraltarica
Brassicaceae,Iberis,procumbens
Brassicaceae,Iberis,saxatilis
Brassicaceae,Iberis,sempervirens
Brassicaceae,Iberis,taurica
Brassicaceae,Indet Brassicaceae,
Brassicaceae,Ionopsidium,acaule
Brassicaceae,Isatis,tinctoria
Brassicaceae,Kernera,saxatilis
Brassicaceae,Lepidium,campestre
Brassicaceae,Lepidium,densiflorum
Brassicaceae,Lepidium,heterophyllum
Brassicaceae,Lepidium,nanum
Brassicaceae,Lepidium,ostleri
Brassicaceae,Lepidium,ramosissimum
Brassicaceae,Lobularia,maritima
Brassicaceae,Lunaria,annua
Brassicaceae,Lunaria,rediviva
Brassicaceae,Macropodium,pterospermum
Brassicaceae,Matthiola,montana
Brassicaceae,Matthiola,perennis
Brassicaceae,Megacarpaea,delavayi
Brassicaceae,Morisia,monanthos
Brassicaceae,Nasturtium,officinale
Brassicaceae,Noccaea,bellidifolia
Brassicaceae,Noccaea,corymbosum
Brassicaceae,Noccaea,iberidea
Brassicaceae,Noccaea,montana
Brassicaceae,Noccaea,oppositifolia
Brassicaceae,Noccaea,rotundifolia
Brassicaceae,Noccaea,vesicaria
Brassicaceae,Notothlaspi,rosulatum
Brassicaceae,Pachyphragma,macrophyllum
Brassicaceae,Parrya,menziesii
Brassicaceae,Parrya,schugnana
Brassicaceae,Petrocallis,pyrenaica
Brassicaceae,Phoenicaulis,cheiranthoides
Brassicaceae,Physaria,alpestris
Brassicaceae,Physaria,arctica
Brassicaceae,Physaria,chambersii
Brassicaceae,Physaria,didymocarpa
Brassicaceae,Physaria,douglasii
Brassicaceae,Physaria,ludoviciana
Brassicaceae,Physaria,occidentalis
Brassicaceae,Physaria,reediana
Brassicaceae,Ptilotrichum,lapeyrousianum
Brassicaceae,Ptilotrichum,pyrenaicum
Brassicaceae,Ptilotrichum,spinosum
Brassicaceae,Raphanus,sativus
Brassicaceae,Rorippa,crystallina
Brassicaceae,Rorippa,palustris
Brassicaceae,Schivereckia,bornmuelleri
Brassicaceae,Schoenocrambe,linifolia
Brassicaceae,Sisymbrium,officinale
Brassicaceae,Smelowskia,calycina
Brassicaceae,Smelowskia,ovalis
Brassicaceae,Stanleya,elata
Brassicaceae,Stanleya,pinnata
Brassicaceae,Streptanthus,barbatus
Brassicaceae,Tchihatchewia,isatidea
Brassicaceae,Thlaspi,arvense
Brassicaceae,Thlaspi,kovatsii
Brassicaceae,Thlaspi,montanum
Brassicaceae,Thlaspi,rotundifolium
Brassicaceae,Thlaspi,zaffranii
Brassicaceae,Turritis,glabra
Brassicaceae,Vella,spinosa
Brassicaceae,Xerodraba,mendocinensis
Brassicaceae,Xerodraba,patagonica
Bromeliaceae,Fascicularia,bicolor
Bromeliaceae,Hechtia,texensis
Bromeliaceae,Ochagavia,litoralis
Bromeliaceae,Puya,alpestris
Bromeliaceae,Puya,berteroniana
Bromeliaceae,Puya,chilensis
Bromeliaceae,Puya,coerulea
Bromeliaceae,Puya,mirabilis
Bromeliaceae,Puya,raimondii
Bromeliaceae,Puya,venusta
Bruniaceae,Berzelia,abrotanoides
Bruniaceae,Berzelia,lanuginosa
Bryaceae,Bryum,argenteum
Bryaceae,Bryum,capillare
Bryaceae,Bryum,pallescens
Butomaceae,Butomus,umbellatus
Buxaceae,Buxus,bodinieri
Buxaceae,Buxus,microphylla
Buxaceae,Buxus,rugulosa
Buxaceae,Buxus,sempervirens
Buxaceae,Buxus,sinica
Buxaceae,Pachysandra,procumbens
Buxaceae,Pachysandra,stylosa
Buxaceae,Pachysandra,terminalis
Buxaceae,Sarcococca,confusa
Buxaceae,Sarcococca,hookeriana
Buxaceae,Sarcococca,orientalis
Buxaceae,Sarcococca,ruscifolia
Cactaceae,Acanthocalycium,klimpelianum
Cactaceae,Acanthocalycium,spiniflorum
Cactaceae,Astrophytum,myriostigma
Cactaceae,Austrocactus,spiniflorus
Cactaceae,Coryphantha,macromeris
Cactaceae,Coryphantha,robustispina
Cactaceae,Coryphantha,vivipara
Cactaceae,Cumulopuntia,pentlandii
Cactaceae,Cylindropuntia,imbricata
Cactaceae,Cylindropuntia,kleiniae
Cactaceae,Cylindropuntia,whipplei
Cactaceae,Denmoza,rhodacantha
Cactaceae,Echinocactus,polycephalus
Cactaceae,Echinocereus,baileyi
Cactaceae,Echinocereus,coccineus
Cactaceae,Echinocereus,laui
Cactaceae,Echinocereus,reichenbachii
Cactaceae,Echinocereus,stramineus
Cactaceae,Echinocereus,triglochidiatus
Cactaceae,Echinocereus,viridiflorus
Cactaceae,Echinopsis,aurea
Cactaceae,Echinopsis,bruchii
Cactaceae,Echinopsis,huascha
Cactaceae,Echinopsis,leucantha
Cactaceae,Eriosyce,curvispina
Cactaceae,Eriosyce,subgibbosa
Cactaceae,Escobaria,missouriensis
Cactaceae,Escobaria,organensis
Cactaceae,Escobaria,sneedii
Cactaceae,Escobaria,vivipara
Cactaceae,Ferocactus,hamatacanthus
Cactaceae,Ferocactus,pilosus
Cactaceae,Ferocactus,viridescens
Cactaceae,Grusonia,invicta
Cactaceae,Grusonia,pulchella
Cactaceae,Gymnocalycium,baldianum
Cactaceae,Gymnocalycium,bruchii
Cactaceae,Gymnocalycium,schickendantzii
Cactaceae,Maihuenia,(P&W.6468)
Cactaceae,Maihuenia,patagonica
Cactaceae,Maihuenia,poeppigii
Cactaceae,Maihueniopsis,darwinii
Cactaceae,Maihueniopsis,glomerata
Cactaceae,Maihueniopsis,ovata
Cactaceae,Mammillaria,boelderliana
Cactaceae,Mammillaria,grahamii
Cactaceae,Mammillaria,heyderi
Cactaceae,Mammillaria,mammillaris
Cactaceae,Mammillaria,marksiana
Cactaceae,Mammillaria,sheldonii
Cactaceae,Mammillaria,wrightii
Cactaceae,Matucana,haynei
Cactaceae,Opuntia,
Cactaceae,Opuntia,articulata
Cactaceae,Opuntia,aurea
Cactaceae,Opuntia,basilaris
Cactaceae,Opuntia,camachoi
Cactaceae,Opuntia,clavata
Cactaceae,Opuntia,cymochila
Cactaceae,Opuntia,erinacea
Cactaceae,Opuntia,fragilis
Cactaceae,Opuntia,galapageia
Cactaceae,Opuntia,humifusa
Cactaceae,Opuntia,macrocentra
Cactaceae,Opuntia,macrorhiza
Cactaceae,Opuntia,pentlandii
Cactaceae,Opuntia,phaeacantha
Cactaceae,Opuntia,polyacantha
Cactaceae,Opuntia,pusilla
Cactaceae,Opuntia,ramosissima
Cactaceae,Opuntia,rhodantha
Cactaceae,Opuntia,sp.
Cactaceae,Opuntia,sp.montreal
Cactaceae,Opuntia,× columbiana
Cactaceae,Parodia,mammulosa
Cactaceae,Pediocactus,knowltonii
Cactaceae,Pediocactus,simpsonii
Cactaceae,Pterocactus,fischeri
Cactaceae,Rebutia,flavistyla
Cactaceae,Rebutia,minuscula
Cactaceae,Rebutia,sp.
Cactaceae,Sclerocactus,brevispinus
Cactaceae,Sclerocactus,parviflorus
Cactaceae,Tephrocactus,articulatus
Cactaceae,Tunilla,corrugata
Calceolariaceae,Calceolaria,
Calceolariaceae,Calceolaria,alba
Calceolariaceae,Calceolaria,arachnoidea
Calceolariaceae,Calceolaria,biflora
Calceolariaceae,Calceolaria,cavanillesii
Calceolariaceae,Calceolaria,chelidonioides
Calceolariaceae,Calceolaria,corymbosa
Calceolariaceae,Calceolaria,darwinii
Calceolariaceae,Calceolaria,fibrigiana
Calceolariaceae,Calceolaria,fothergillii
Calceolariaceae,Calceolaria,integrifolia
Calceolariaceae,Calceolaria,lanceolata
Calceolariaceae,Calceolaria,montana
Calceolariaceae,Calceolaria,picta
Calceolariaceae,Calceolaria,polyrhiza
Calceolariaceae,Calceolaria,tenella
Calceolariaceae,Calceolaria,valdiviana
Calceolariaceae,Calceolaria,×
Calceolariaceae,Jovellana,repens
Calceolariaceae,Jovellana,sinclairii
Calceolariaceae,Jovellana,violacea
Calycanthaceae,Calycanthus,chinensis
Calycanthaceae,Calycanthus,floridus
Calycanthaceae,Calycanthus,occidentalis
Calycanthaceae,Calycanthus,× raulstonii
Calycanthaceae,Chimonanthus,nitens
Calycanthaceae,Chimonanthus,praecox
Calycanthaceae,Chimonanthus,salicifolius
Calycanthaceae,Chimonanthus,yunnanensis
Calycanthaceae,Chimonanthus,zhejiangensis
Calyceraceae,Nastanthus,agglomeratus
Calyceraceae,Nastanthus,patagonicus
Calypogeiaceae,Calypogeia,azurea
Campanulaceae,Campanulastrum,americanum
Campanulaceae,Cyananthus,(EMAK.0667)
Campanulaceae,Cyananthus,(KEKE.0614)
Campanulaceae,Cyananthus,delavayi
Campanulaceae,Cyananthus,incanus
Campanulaceae,Cyananthus,lobatus
Campanulaceae,Cyananthus,macrocalyx
Campanulaceae,Hypsela,reniformis
Campanulaceae,Petromarula,pinnata
Campanulaceae,Physoplexis,comosa
Campanulaceae,Roella,ciliata
Campanulaceae,Solenopsis,axillaris
Campanulaceae,Solenopsis,bivonae
Campanulaceae subfam. Campanuloideae,Adenophora,(SICH.1304)
Campanulaceae subfam. Campanuloideae,Adenophora,forrestii
Campanulaceae subfam. Campanuloideae,Adenophora,himalayana
Campanulaceae subfam. Campanuloideae,Adenophora,khasiana
Campanulaceae subfam. Campanuloideae,Adenophora,koreana
Campanulaceae subfam. Campanuloideae,Adenophora,kurilensis
Campanulaceae subfam. Campanuloideae,Adenophora,liliifolia
Campanulaceae subfam. Campanuloideae,Adenophora,morrisonensis
Campanulaceae subfam. Campanuloideae,Adenophora,nikoensis
Campanulaceae subfam. Campanuloideae,Adenophora,pereskiifolia
Campanulaceae subfam. Campanuloideae,Adenophora,remotiflora
Campanulaceae subfam. Campanuloideae,Adenophora,sp.
Campanulaceae subfam. Campanuloideae,Adenophora,stricta
Campanulaceae subfam. Campanuloideae,Adenophora,takedae
Campanulaceae subfam. Campanuloideae,Adenophora,taquetii
Campanulaceae subfam. Campanuloideae,Adenophora,triphylla
Campanulaceae subfam. Campanuloideae,Asyneuma,(M.1223)
Campanulaceae subfam. Campanuloideae,Asyneuma,campanuloides
Campanulaceae subfam. Campanuloideae,Asyneuma,canescens
Campanulaceae subfam. Campanuloideae,Asyneuma,filipes
Campanulaceae subfam. Campanuloideae,Asyneuma,limonifolium
Campanulaceae subfam. Campanuloideae,Campanula,
Campanulaceae subfam. Campanuloideae,Campanula,alliariifolia
Campanulaceae subfam. Campanuloideae,Campanula,allionii
Campanulaceae subfam. Campanuloideae,Campanula,anomala
Campanulaceae subfam. Campanuloideae,Campanula,ardonensis
Campanulaceae subfam. Campanuloideae,Campanula,argyrotricha
Campanulaceae subfam. Campanuloideae,Campanula,armena
Campanulaceae subfam. Campanuloideae,Campanula,arvatica
Campanulaceae subfam. Campanuloideae,Campanula,aucheri
Campanulaceae subfam. Campanuloideae,Campanula,aurita
Campanulaceae subfam. Campanuloideae,Campanula,autraniana
Campanulaceae subfam. Campanuloideae,Campanula,barbata
Campanulaceae subfam. Campanuloideae,Campanula,bellidifolia
Campanulaceae subfam. Campanuloideae,Campanula,betulifolia
Campanulaceae subfam. Campanuloideae,Campanula,bluemelii
Campanulaceae subfam. Campanuloideae,Campanula,caespitosa
Campanulaceae subfam. Campanuloideae,Campanula,carpatica
Campanulaceae subfam. Campanuloideae,Campanula,cashmeriana
Campanulaceae subfam. Campanuloideae,Campanula,cenisia
Campanulaceae subfam. Campanuloideae,Campanula,cespitosa
Campanulaceae subfam. Campanuloideae,Campanula,chamissonis
Campanulaceae subfam. Campanuloideae,Campanula,ciliata
Campanulaceae subfam. Campanuloideae,Campanula,cochleariifolia
Campanulaceae subfam. Campanuloideae,Campanula,collina
Campanulaceae subfam. Campanuloideae,Campanula,dasyantha
Campanulaceae subfam. Campanuloideae,Campanula,ephesia
Campanulaceae subfam. Campanuloideae,Campanula,excisa
Campanulaceae subfam. Campanuloideae,Campanula,finitima
Campanulaceae subfam. Campanuloideae,Campanula,formanekiana
Campanulaceae subfam. Campanuloideae,Campanula,fragilis
Campanulaceae subfam. Campanuloideae,Campanula,garganica
Campanulaceae subfam. Campanuloideae,Campanula,glomerata
Campanulaceae subfam. Campanuloideae,Campanula,hakkiarica
Campanulaceae subfam. Campanuloideae,Campanula,hawkinsiana
Campanulaceae subfam. Campanuloideae,Campanula,hofmannii
Campanulaceae subfam. Campanuloideae,Campanula,incanescens
Campanulaceae subfam. Campanuloideae,Campanula,incurva
Campanulaceae subfam. Campanuloideae,Campanula,isophylla
Campanulaceae subfam. Campanuloideae,Campanula,khasiana
Campanulaceae subfam. Campanuloideae,Campanula,kolenatiana
Campanulaceae subfam. Campanuloideae,Campanula,laciniata
Campanulaceae subfam. Campanuloideae,Campanula,lactiflora
Campanulaceae subfam. Campanuloideae,Campanula,lanata
Campanulaceae subfam. Campanuloideae,Campanula,lasiocarpa
Campanulaceae subfam. Campanuloideae,Campanula,latifolia
Campanulaceae subfam. Campanuloideae,Campanula,mairei
Campanulaceae subfam. Campanuloideae,Campanula,makaschvilii
Campanulaceae subfam. Campanuloideae,Campanula,medium
Campanulaceae subfam. Campanuloideae,Campanula,nitida
Campanulaceae subfam. Campanuloideae,Campanula,ochroleuca
Campanulaceae subfam. Campanuloideae,Campanula,oreadum
Campanulaceae subfam. Campanuloideae,Campanula,patula
Campanulaceae subfam. Campanuloideae,Campanula,pendula
Campanulaceae subfam. Campanuloideae,Campanula,persicifolia
Campanulaceae subfam. Campanuloideae,Campanula,petrophila
Campanulaceae subfam. Campanuloideae,Campanula,pilosa
Campanulaceae subfam. Campanuloideae,Campanula,piperi
Campanulaceae subfam. Campanuloideae,Campanula,portenschlagiana
Campanulaceae subfam. Campanuloideae,Campanula,poscharskyana
Campanulaceae subfam. Campanuloideae,Campanula,primulifolia
Campanulaceae subfam. Campanuloideae,Campanula,pulla
Campanulaceae subfam. Campanuloideae,Campanula,punctata
Campanulaceae subfam. Campanuloideae,Campanula,pyramidalis
Campanulaceae subfam. Campanuloideae,Campanula,raddeana
Campanulaceae subfam. Campanuloideae,Campanula,raineri
Campanulaceae subfam. Campanuloideae,Campanula,rapunculoides
Campanulaceae subfam. Campanuloideae,Campanula,recta
Campanulaceae subfam. Campanuloideae,Campanula,rigidipila
Campanulaceae subfam. Campanuloideae,Campanula,rotundifolia
Campanulaceae subfam. Campanuloideae,Campanula,rupicola
Campanulaceae subfam. Campanuloideae,Campanula,ruprechtii
Campanulaceae subfam. Campanuloideae,Campanula,sarmatica
Campanulaceae subfam. Campanuloideae,Campanula,sartorii
Campanulaceae subfam. Campanuloideae,Campanula,saxifraga
Campanulaceae subfam. Campanuloideae,Campanula,scabrella
Campanulaceae subfam. Campanuloideae,Campanula,scheuchzeri
Campanulaceae subfam. Campanuloideae,Campanula,scouleri
Campanulaceae subfam. Campanuloideae,Campanula,secundiflora
Campanulaceae subfam. Campanuloideae,Campanula,seraglio
Campanulaceae subfam. Campanuloideae,Campanula,shetleri
Campanulaceae subfam. Campanuloideae,Campanula,sp.
Campanulaceae subfam. Campanuloideae,Campanula,speciosa
Campanulaceae subfam. Campanuloideae,Campanula,spruneriana
Campanulaceae subfam. Campanuloideae,Campanula,stenocodon
Campanulaceae subfam. Campanuloideae,Campanula,takesimana
Campanulaceae subfam. Campanuloideae,Campanula,thyrsoides
Campanulaceae subfam. Campanuloideae,Campanula,tommasiniana
Campanulaceae subfam. Campanuloideae,Campanula,trachelium
Campanulaceae subfam. Campanuloideae,Campanula,trautvetteri
Campanulaceae subfam. Campanuloideae,Campanula,tridentata
Campanulaceae subfam. Campanuloideae,Campanula,troegerae
Campanulaceae subfam. Campanuloideae,Campanula,versicolor
Campanulaceae subfam. Campanuloideae,Campanula,vidalii
Campanulaceae subfam. Campanuloideae,Campanula,waldsteiniana
Campanulaceae subfam. Campanuloideae,Campanula,wanneri
Campanulaceae subfam. Campanuloideae,Campanula,warleyensis
Campanulaceae subfam. Campanuloideae,Campanula,wilkommii
Campanulaceae subfam. Campanuloideae,Campanula,zangezura
Campanulaceae subfam. Campanuloideae,Campanula,zoysii
Campanulaceae subfam. Campanuloideae,Campanula,× haylodgensis
Campanulaceae subfam. Campanuloideae,Campanula,× pulloides
Campanulaceae subfam. Campanuloideae,Campanula,× tymonsii
Campanulaceae subfam. Campanuloideae,Codonopsis,affinis
Campanulaceae subfam. Campanuloideae,Codonopsis,bulleyana
Campanulaceae subfam. Campanuloideae,Codonopsis,cardiophylla
Campanulaceae subfam. Campanuloideae,Codonopsis,carnophylla
Campanulaceae subfam. Campanuloideae,Codonopsis,clematidea
Campanulaceae subfam. Campanuloideae,Codonopsis,convolvulacea
Campanulaceae subfam. Campanuloideae,Codonopsis,lanceolata
Campanulaceae subfam. Campanuloideae,Codonopsis,levicalyx
Campanulaceae subfam. Campanuloideae,Codonopsis,meleagris
Campanulaceae subfam. Campanuloideae,Codonopsis,ovata
Campanulaceae subfam. Campanuloideae,Codonopsis,pilosula
Campanulaceae subfam. Campanuloideae,Codonopsis,rotundifolia
Campanulaceae subfam. Campanuloideae,Codonopsis,tubulosa
Campanulaceae subfam. Campanuloideae,Codonopsis,ussuriensis
Campanulaceae subfam. Campanuloideae,Codonopsis,viridis
Campanulaceae subfam. Campanuloideae,Edraianthus,caudatus
Campanulaceae subfam. Campanuloideae,Edraianthus,dalmaticus
Campanulaceae subfam. Campanuloideae,Edraianthus,graminifolius
Campanulaceae subfam. Campanuloideae,Edraianthus,parnassicus
Campanulaceae subfam. Campanuloideae,Edraianthus,pumilio
Campanulaceae subfam. Campanuloideae,Edraianthus,serbicus
Campanulaceae subfam. Campanuloideae,Edraianthus,serpyllifolius
Campanulaceae subfam. Campanuloideae,Edraianthus,tenuifolius
Campanulaceae subfam. Campanuloideae,Edraianthus,wettsteinii
Campanulaceae subfam. Campanuloideae,Jasione,crispa
Campanulaceae subfam. Campanuloideae,Jasione,heldreichii
Campanulaceae subfam. Campanuloideae,Jasione,jankae
Campanulaceae subfam. Campanuloideae,Jasione,laevis
Campanulaceae subfam. Campanuloideae,Jasione,perennis
Campanulaceae subfam. Campanuloideae,Legousia,perfoliata
Campanulaceae subfam. Campanuloideae,Michauxia,campanuloides
Campanulaceae subfam. Campanuloideae,Michauxia,laevigata
Campanulaceae subfam. Campanuloideae,Michauxia,tchihatcheffii
Campanulaceae subfam. Campanuloideae,Ostrowskia,magnifica
Campanulaceae subfam. Campanuloideae,Phyteuma,
Campanulaceae subfam. Campanuloideae,Phyteuma,betonicifolium
Campanulaceae subfam. Campanuloideae,Phyteuma,charmelii
Campanulaceae subfam. Campanuloideae,Phyteuma,comosum
Campanulaceae subfam. Campanuloideae,Phyteuma,globulariifolium
Campanulaceae subfam. Campanuloideae,Phyteuma,hemisphaericum
Campanulaceae subfam. Campanuloideae,Phyteuma,humile
Campanulaceae subfam. Campanuloideae,Phyteuma,nigrum
Campanulaceae subfam. Campanuloideae,Phyteuma,orbiculare
Campanulaceae subfam. Campanuloideae,Phyteuma,ovatum
Campanulaceae subfam. Campanuloideae,Phyteuma,pseudorbiculare
Campanulaceae subfam. Campanuloideae,Phyteuma,scheuchzeri
Campanulaceae subfam. Campanuloideae,Phyteuma,sibirica
Campanulaceae subfam. Campanuloideae,Phyteuma,sieberi
Campanulaceae subfam. Campanuloideae,Phyteuma,tetramerum
Campanulaceae subfam. Campanuloideae,Phyteuma,zahlbruckneri
Campanulaceae subfam. Campanuloideae,Platycodon,grandiflorus
Campanulaceae subfam. Campanuloideae,Trachelium,jacquinii
Campanulaceae subfam. Campanuloideae,Wahlenbergia,akaroa
Campanulaceae subfam. Campanuloideae,Wahlenbergia,albomarginata
Campanulaceae subfam. Campanuloideae,Wahlenbergia,cartilaginea
Campanulaceae subfam. Campanuloideae,Wahlenbergia,congesta
Campanulaceae subfam. Campanuloideae,Wahlenbergia,gloriosa
Campanulaceae subfam. Campanuloideae,Wahlenbergia,gracilis
Campanulaceae subfam. Campanuloideae,Wahlenbergia,hybrid
Campanulaceae subfam. Campanuloideae,Wahlenbergia,lobelioides
Campanulaceae subfam. Campanuloideae,Wahlenbergia,matthewsii
Campanulaceae subfam. Campanuloideae,Wahlenbergia,pulvillus-gigantis
Campanulaceae subfam. Campanuloideae,Wahlenbergia,rivularis
Campanulaceae subfam. Campanuloideae,Wahlenbergia,saxicola
Campanulaceae subfam. Campanuloideae,Wahlenbergia,serpyllifolia
Campanulaceae subfam. Campanuloideae,Wahlenbergia,stricta
Campanulaceae subfam. Campanuloideae,Wahlenbergia,tasmanica
Campanulaceae subfam. Campanuloideae,Wahlenbergia,undulata
Campanulaceae subfam. Lobelioideae,Isotoma,axillaris
Campanulaceae subfam. Lobelioideae,Lobelia,
Campanulaceae subfam. Lobelioideae,Lobelia,aberdarica
Campanulaceae subfam. Lobelioideae,Lobelia,anatina
Campanulaceae subfam. Lobelioideae,Lobelia,angulata
Campanulaceae subfam. Lobelioideae,Lobelia,benthamii
Campanulaceae subfam. Lobelioideae,Lobelia,bridgesii
Campanulaceae subfam. Lobelioideae,Lobelia,cardinalis
Campanulaceae subfam. Lobelioideae,Lobelia,coronopifolia
Campanulaceae subfam. Lobelioideae,Lobelia,deckenii
Campanulaceae subfam. Lobelioideae,Lobelia,excelsa
Campanulaceae subfam. Lobelioideae,Lobelia,giberroa
Campanulaceae subfam. Lobelioideae,Lobelia,inflata
Campanulaceae subfam. Lobelioideae,Lobelia,irrigua
Campanulaceae subfam. Lobelioideae,Lobelia,kalmii
Campanulaceae subfam. Lobelioideae,Lobelia,keniensis
Campanulaceae subfam. Lobelioideae,Lobelia,linnaeoides
Campanulaceae subfam. Lobelioideae,Lobelia,macrodon
Campanulaceae subfam. Lobelioideae,Lobelia,montana
Campanulaceae subfam. Lobelioideae,Lobelia,nummularia
Campanulaceae subfam. Lobelioideae,Lobelia,pedunculata
Campanulaceae subfam. Lobelioideae,Lobelia,polyphylla
Campanulaceae subfam. Lobelioideae,Lobelia,roughii
Campanulaceae subfam. Lobelioideae,Lobelia,sessilifolia
Campanulaceae subfam. Lobelioideae,Lobelia,siphilitica
Campanulaceae subfam. Lobelioideae,Lobelia,sp.gillam
Campanulaceae subfam. Lobelioideae,Lobelia,tupa
Campanulaceae subfam. Lobelioideae,Lobelia,valida
Campanulaceae subfam. Lobelioideae,Lobelia,zeylanica
Campanulaceae subfam. Lobelioideae,Lobelia,× gerardii
Campanulaceae subfam. Lobelioideae,Lobelia,× speciosa
Cannabaceae,Celtis,africana
Cannabaceae,Celtis,australis
Cannabaceae,Celtis,biondii
Cannabaceae,Celtis,caucasica
Cannabaceae,Celtis,choseniana
Cannabaceae,Celtis,jessoensis
Cannabaceae,Celtis,julianae
Cannabaceae,Celtis,koraiensis
Cannabaceae,Celtis,laevigata
Cannabaceae,Celtis,occidentalis
Cannabaceae,Celtis,sinensis
Cannabaceae,Celtis,tenuifolia
Cannabaceae,Humulus,lupulus
Cannabaceae,Pteroceltis,tatarinowii
Cannaceae,Canna,flaccida
Cannaceae,Canna,indica
Cannaceae,Canna,iridiflora
Capparaceae,Capparis,ovata
Capparaceae,Capparis,spinosa
Capparaceae,Cleome,sp.
Caprifoliaceae,Abelia,
Caprifoliaceae,Abelia,serrata
Caprifoliaceae,Abelia,triflora
Caprifoliaceae,Abelia,× grandiflora
Caprifoliaceae,Acanthocalyx,alba
Caprifoliaceae,Centranthus,ruber
Caprifoliaceae,Cephalaria,alpina
Caprifoliaceae,Cephalaria,gigantea
Caprifoliaceae,Cephalaria,tatarica
Caprifoliaceae,Cephalaria,transsylvanica
Caprifoliaceae,Diabelia,spathulata
Caprifoliaceae,Diervilla,lonicera
Caprifoliaceae,Diervilla,rivularis
Caprifoliaceae,Diervilla,sessilifolia
Caprifoliaceae,Dipelta,floribunda
Caprifoliaceae,Dipelta,yunnanensis
Caprifoliaceae,Dipsacus,fullonum
Caprifoliaceae,Dipsacus,sp.
Caprifoliaceae,Heptacodium,miconioides
Caprifoliaceae,Indet Caprifoliaceae,
Caprifoliaceae,Knautia,macedonica
Caprifoliaceae,Kolkwitzia,amabilis
Caprifoliaceae,Leycesteria,crocothyrsos
Caprifoliaceae,Leycesteria,formosa
Caprifoliaceae,Leycesteria,gracilis
Caprifoliaceae,Leycesteria,×
Caprifoliaceae,Linnaea,borealis
Caprifoliaceae,Lomelosia,hymettia
Caprifoliaceae,Lomelosia,stellata
Caprifoliaceae,Lonicera,
Caprifoliaceae,Lonicera,acuminata
Caprifoliaceae,Lonicera,affinis
Caprifoliaceae,Lonicera,alpigena
Caprifoliaceae,Lonicera,arborea
Caprifoliaceae,Lonicera,caerulea
Caprifoliaceae,Lonicera,canadensis
Caprifoliaceae,Lonicera,chrysantha
Caprifoliaceae,Lonicera,ciliosa
Caprifoliaceae,Lonicera,conjugialis
Caprifoliaceae,Lonicera,crassifolia
Caprifoliaceae,Lonicera,cyanocarpa
Caprifoliaceae,Lonicera,dioica
Caprifoliaceae,Lonicera,etrusca
Caprifoliaceae,Lonicera,ferdinandi
Caprifoliaceae,Lonicera,ferruginea
Caprifoliaceae,Lonicera,floribunda
Caprifoliaceae,Lonicera,fragrantissima
Caprifoliaceae,Lonicera,heterotricha
Caprifoliaceae,Lonicera,hispidula
Caprifoliaceae,Lonicera,interrupta
Caprifoliaceae,Lonicera,involucrata
Caprifoliaceae,Lonicera,japonica
Caprifoliaceae,Lonicera,jarmilae
Caprifoliaceae,Lonicera,lanceolata
Caprifoliaceae,Lonicera,ligustrina
Caprifoliaceae,Lonicera,maackii
Caprifoliaceae,Lonicera,macrantha
Caprifoliaceae,Lonicera,maximowiczii
Caprifoliaceae,Lonicera,microphylla
Caprifoliaceae,Lonicera,modesta
Caprifoliaceae,Lonicera,myrtillus
Caprifoliaceae,Lonicera,nitida
Caprifoliaceae,Lonicera,olgae
Caprifoliaceae,Lonicera,periclymenum
Caprifoliaceae,Lonicera,pyrenaica
Caprifoliaceae,Lonicera,quinquelocularis
Caprifoliaceae,Lonicera,rupicola
Caprifoliaceae,Lonicera,semenovii
Caprifoliaceae,Lonicera,sempervirens
Caprifoliaceae,Lonicera,setifera
Caprifoliaceae,Lonicera,simulatrix
Caprifoliaceae,Lonicera,sp.
Caprifoliaceae,Lonicera,spinosa
Caprifoliaceae,Lonicera,standishii
Caprifoliaceae,Lonicera,tatarica
Caprifoliaceae,Lonicera,tragophylla
Caprifoliaceae,Lonicera,trichosantha
Caprifoliaceae,Lonicera,utahensis
Caprifoliaceae,Lonicera,zeravshanica
Caprifoliaceae,Lonicera,× bella
Caprifoliaceae,Lonicera,× brownii
Caprifoliaceae,Lonicera,× purpusii
Caprifoliaceae,Lonicera,× tellmanniana
Caprifoliaceae,Morina,(BLM.0614)
Caprifoliaceae,Morina,chlorantha
Caprifoliaceae,Morina,coulteriana
Caprifoliaceae,Morina,kokanica
Caprifoliaceae,Morina,longifolia
Caprifoliaceae,Morina,nepalensis
Caprifoliaceae,Morina,persica
Caprifoliaceae,Patrinia,scabiosifolia
Caprifoliaceae,Patrinia,triloba
Caprifoliaceae,Pterocephalus,hookeri
Caprifoliaceae,Pterocephalus,lasiospermus
Caprifoliaceae,Pterocephalus,parnassi
Caprifoliaceae,Pterocephalus,perennis
Caprifoliaceae,Scabiosa,
Caprifoliaceae,Scabiosa,africana
Caprifoliaceae,Scabiosa,atropurpurea
Caprifoliaceae,Scabiosa,caucasica
Caprifoliaceae,Scabiosa,columbaria
Caprifoliaceae,Scabiosa,drakensbergensis
Caprifoliaceae,Scabiosa,japonica
Caprifoliaceae,Scabiosa,lucida
Caprifoliaceae,Scabiosa,ochroleuca
Caprifoliaceae,Scabiosa,silenifolia
Caprifoliaceae,Succisa,pinnatifida
Caprifoliaceae,Succisa,pratensis
Caprifoliaceae,Symphoricarpos,albus
Caprifoliaceae,Symphoricarpos,hesperius
Caprifoliaceae,Symphoricarpos,mollis
Caprifoliaceae,Symphoricarpos,occidentalis
Caprifoliaceae,Symphoricarpos,orbiculatus
Caprifoliaceae,Symphoricarpos,oreophilus
Caprifoliaceae,Symphoricarpos,rotundifolius
Caprifoliaceae,Symphoricarpos,× chenaultii
Caprifoliaceae,Symphoricarpos,× doorenbosii
Caprifoliaceae,Triosteum,aurantiacum
Caprifoliaceae,Triosteum,himalayanum
Caprifoliaceae,Triosteum,pinnatifidum
Caprifoliaceae,Valeriana,
Caprifoliaceae,Valeriana,arizonica
Caprifoliaceae,Valeriana,columbiana
Caprifoliaceae,Valeriana,congesta
Caprifoliaceae,Valeriana,congesta (white fm.)
Caprifoliaceae,Valeriana,dioica
Caprifoliaceae,Valeriana,edulis
Caprifoliaceae,Valeriana,macrocera
Caprifoliaceae,Valeriana,montana
Caprifoliaceae,Valeriana,officinalis
Caprifoliaceae,Valeriana,phu
Caprifoliaceae,Valeriana,rubra
Caprifoliaceae,Valeriana,saliunca
Caprifoliaceae,Valeriana,scouleri
Caprifoliaceae,Valeriana,sitchensis
Caprifoliaceae,Valeriana,sp.36862
Caprifoliaceae,Valeriana,supina
Caprifoliaceae,Valerianella,locusta
Caprifoliaceae,Weigela,
Caprifoliaceae,Weigela,coraeensis
Caprifoliaceae,Weigela,floribunda
Caprifoliaceae,Weigela,florida
Caprifoliaceae,Weigela,hortensis
Caprifoliaceae,Weigela,japonica
Caprifoliaceae,Weigela,middendorffiana
Caprifoliaceae,Weigela,praecox
Caprifoliaceae,Weigela,sp.
Caprifoliaceae,Weigela,subsessilis
Caryophyllaceae,Arenaria,(F&W.7870)
Caryophyllaceae,Arenaria,(M.79085)
Caryophyllaceae,Arenaria,capillaris
Caryophyllaceae,Arenaria,congesta
Caryophyllaceae,Arenaria,dyris
Caryophyllaceae,Arenaria,euodonta
Caryophyllaceae,Arenaria,festucoides
Caryophyllaceae,Arenaria,grandiflora
Caryophyllaceae,Arenaria,montana
Caryophyllaceae,Arenaria,nevadensis
Caryophyllaceae,Arenaria,pseudacanthelimon
Caryophyllaceae,Arenaria,purpurascens
Caryophyllaceae,Arenaria,roseiflora
Caryophyllaceae,Arenaria,serpyllifolia
Caryophyllaceae,Arenaria,tetraquetra
Caryophyllaceae,Atocion,rupestre
Caryophyllaceae,Cerastium,(H.0013)
Caryophyllaceae,Cerastium,alpinum
Caryophyllaceae,Cerastium,arvense
Caryophyllaceae,Cerastium,beeringianum
Caryophyllaceae,Cerastium,fontanum
Caryophyllaceae,Cerastium,glaciale
Caryophyllaceae,Cerastium,glomeratum
Caryophyllaceae,Cerastium,nutans
Caryophyllaceae,Cerastium,purpurascens
Caryophyllaceae,Cerastium,tomentosum
Caryophyllaceae,Cerastium,uniflorum
Caryophyllaceae,Cherleria,laricifolia
Caryophyllaceae,Cherleria,marcescens
Caryophyllaceae,Colobanthus,acicularis
Caryophyllaceae,Colobanthus,canaliculatus
Caryophyllaceae,Dianthus,
Caryophyllaceae,Dianthus,acicularis
Caryophyllaceae,Dianthus,alpestris
Caryophyllaceae,Dianthus,alpinus
Caryophyllaceae,Dianthus,amurensis
Caryophyllaceae,Dianthus,anatolicus
Caryophyllaceae,Dianthus,arenarius
Caryophyllaceae,Dianthus,armeria
Caryophyllaceae,Dianthus,arpadianus
Caryophyllaceae,Dianthus,baldshuanicus
Caryophyllaceae,Dianthus,barbatus
Caryophyllaceae,Dianthus,basuticus
Caryophyllaceae,Dianthus,brevicaulis
Caryophyllaceae,Dianthus,caesius
Caryophyllaceae,Dianthus,callizonus
Caryophyllaceae,Dianthus,capitatus
Caryophyllaceae,Dianthus,carmelitarum
Caryophyllaceae,Dianthus,caryophyllus
Caryophyllaceae,Dianthus,chinensis
Caryophyllaceae,Dianthus,crinitus
Caryophyllaceae,Dianthus,cruentus
Caryophyllaceae,Dianthus,darvazicus
Caryophyllaceae,Dianthus,deltoides
Caryophyllaceae,Dianthus,ferrugineus
Caryophyllaceae,Dianthus,freynii
Caryophyllaceae,Dianthus,giganteus
Caryophyllaceae,Dianthus,glacialis
Caryophyllaceae,Dianthus,gracilis
Caryophyllaceae,Dianthus,gratianopolitanus
Caryophyllaceae,Dianthus,haematocalyx
Caryophyllaceae,Dianthus,knappii
Caryophyllaceae,Dianthus,laingsburgensis
Caryophyllaceae,Dianthus,laricifolius
Caryophyllaceae,Dianthus,longicalyx
Caryophyllaceae,Dianthus,microlepis
Caryophyllaceae,Dianthus,myrtinervius
Caryophyllaceae,Dianthus,nardiformis
Caryophyllaceae,Dianthus,neglectus
Caryophyllaceae,Dianthus,nitidus
Caryophyllaceae,Dianthus,orientalis
Caryophyllaceae,Dianthus,pamiralaicus
Caryophyllaceae,Dianthus,pavonius
Caryophyllaceae,Dianthus,petraeus
Caryophyllaceae,Dianthus,pinifolius
Caryophyllaceae,Dianthus,plumarius
Caryophyllaceae,Dianthus,pontederae
Caryophyllaceae,Dianthus,pyrenaicus
Caryophyllaceae,Dianthus,regis-stephanii
Caryophyllaceae,Dianthus,scardicus
Caryophyllaceae,Dianthus,shinanensis
Caryophyllaceae,Dianthus,simulans
Caryophyllaceae,Dianthus,sp.
Caryophyllaceae,Dianthus,squarrosus
Caryophyllaceae,Dianthus,sternbergii
Caryophyllaceae,Dianthus,subacaulis
Caryophyllaceae,Dianthus,suendermannii
Caryophyllaceae,Dianthus,superbus
Caryophyllaceae,Dianthus,sylvestris
Caryophyllaceae,Dianthus,uralensis
Caryophyllaceae,Dianthus,viscidus
Caryophyllaceae,Dianthus,webbianus
Caryophyllaceae,Dianthus,winteri
Caryophyllaceae,Dianthus,zonatus
Caryophyllaceae,Dianthus,× allwoodii
Caryophyllaceae,Dianthus,× arvernensis
Caryophyllaceae,Drypis,spinosa
Caryophyllaceae,Eremogone,capillaris
Caryophyllaceae,Eremogone,congesta
Caryophyllaceae,Eremogone,gypsophiloides
Caryophyllaceae,Eremogone,hookeri
Caryophyllaceae,Gypsophila,aretioides
Caryophyllaceae,Gypsophila,briquetiana
Caryophyllaceae,Gypsophila,capituliflora
Caryophyllaceae,Gypsophila,cerastioides
Caryophyllaceae,Gypsophila,elegans
Caryophyllaceae,Gypsophila,franzii
Caryophyllaceae,Gypsophila,nana
Caryophyllaceae,Gypsophila,paniculata
Caryophyllaceae,Gypsophila,patrinii
Caryophyllaceae,Gypsophila,petraea
Caryophyllaceae,Gypsophila,repens
Caryophyllaceae,Gypsophila,rupestris
Caryophyllaceae,Gypsophila,sambukii
Caryophyllaceae,Gypsophila,scorzonerifolia
Caryophyllaceae,Gypsophila,tenuifolia
Caryophyllaceae,Gypsophila,×
Caryophyllaceae,Herniaria,alpina
Caryophyllaceae,Herniaria,glabra
Caryophyllaceae,Honckenya,peploides
Caryophyllaceae,Indet Caryophyllaceae,
Caryophyllaceae,Lychnis,alpina
Caryophyllaceae,Lychnis,chalcedonica
Caryophyllaceae,Lychnis,cognata
Caryophyllaceae,Lychnis,coronaria
Caryophyllaceae,Lychnis,flos-cuculi
Caryophyllaceae,Lychnis,miqueliana
Caryophyllaceae,Lychnis,sieboldii
Caryophyllaceae,Lychnis,sp.
Caryophyllaceae,Lychnis,viscaria
Caryophyllaceae,Lychnis,yunnanensis
Caryophyllaceae,Lychnis,× arkwrightii
Caryophyllaceae,Minuartia,aizoides
Caryophyllaceae,Minuartia,austriaca
Caryophyllaceae,Minuartia,biflora
Caryophyllaceae,Minuartia,circassica
Caryophyllaceae,Minuartia,hondoensis
Caryophyllaceae,Minuartia,imbricata
Caryophyllaceae,Minuartia,laricifolia
Caryophyllaceae,Minuartia,lineata
Caryophyllaceae,Minuartia,nuttallii
Caryophyllaceae,Minuartia,obtusiloba
Caryophyllaceae,Minuartia,rossii
Caryophyllaceae,Minuartia,rubella
Caryophyllaceae,Minuartia,stellata
Caryophyllaceae,Minuartia,verna
Caryophyllaceae,Moehringia,lateriflora
Caryophyllaceae,Moehringia,macrophylla
Caryophyllaceae,Myosoton,aquaticum
Caryophyllaceae,Paronychia,(M&W.5842)
Caryophyllaceae,Paronychia,capitata
Caryophyllaceae,Paronychia,cephalotes
Caryophyllaceae,Paronychia,kapela
Caryophyllaceae,Paronychia,kurdica
Caryophyllaceae,Paronychia,pulvinata
Caryophyllaceae,Petrocoptis,glaucifolia
Caryophyllaceae,Petrocoptis,hispanica
Caryophyllaceae,Petrocoptis,pyrenaica
Caryophyllaceae,Petrorhagia,prolifera
Caryophyllaceae,Petrorhagia,saxifraga
Caryophyllaceae,Pycnophyllum,molle
Caryophyllaceae,Sabulina,basaltica
Caryophyllaceae,Sagina,apetala
Caryophyllaceae,Sagina,boydii
Caryophyllaceae,Sagina,glabra
Caryophyllaceae,Sagina,procumbens
Caryophyllaceae,Saponaria,
Caryophyllaceae,Saponaria,bellidifolia
Caryophyllaceae,Saponaria,bodeana
Caryophyllaceae,Saponaria,caespitosa
Caryophyllaceae,Saponaria,cypria
Caryophyllaceae,Saponaria,lutea
Caryophyllaceae,Saponaria,ocymoides
Caryophyllaceae,Saponaria,officinalis
Caryophyllaceae,Saponaria,pulvinaris
Caryophyllaceae,Saponaria,pumila
Caryophyllaceae,Saponaria,pumilio
Caryophyllaceae,Saponaria,sicula
Caryophyllaceae,Saponaria,sp.
Caryophyllaceae,Saponaria,×
Caryophyllaceae,Saponaria,× cypria
Caryophyllaceae,Scleranthus,annuus
Caryophyllaceae,Scleranthus,bicolor
Caryophyllaceae,Scleranthus,biflorus
Caryophyllaceae,Scleranthus,brockiei
Caryophyllaceae,Scleranthus,uniflorus
Caryophyllaceae,Silene,
Caryophyllaceae,Silene,(AGS/ES.0484)
Caryophyllaceae,Silene,(M.0136)
Caryophyllaceae,Silene,(M.1254)
Caryophyllaceae,Silene,(P&W.6317)
Caryophyllaceae,Silene,(W.0049)
Caryophyllaceae,Silene,acaulis
Caryophyllaceae,Silene,alpestris
Caryophyllaceae,Silene,andicola
Caryophyllaceae,Silene,antirrhina
Caryophyllaceae,Silene,araratica
Caryophyllaceae,Silene,argaea
Caryophyllaceae,Silene,bellidioides
Caryophyllaceae,Silene,californica
Caryophyllaceae,Silene,caroliniana
Caryophyllaceae,Silene,caucasica
Caryophyllaceae,Silene,cordifolia
Caryophyllaceae,Silene,delavayi
Caryophyllaceae,Silene,dinarica
Caryophyllaceae,Silene,dioica
Caryophyllaceae,Silene,douglasii
Caryophyllaceae,Silene,drummondii
Caryophyllaceae,Silene,elisabethae
Caryophyllaceae,Silene,fabaria
Caryophyllaceae,Silene,fabarioides
Caryophyllaceae,Silene,fenzlii
Caryophyllaceae,Silene,flavescens
Caryophyllaceae,Silene,foliosa
Caryophyllaceae,Silene,gallica
Caryophyllaceae,Silene,glauca
Caryophyllaceae,Silene,glaucescens
Caryophyllaceae,Silene,graminifolia
Caryophyllaceae,Silene,hifacensis
Caryophyllaceae,Silene,hookeri
Caryophyllaceae,Silene,involucrata
Caryophyllaceae,Silene,keiskei
Caryophyllaceae,Silene,kitaibelii
Caryophyllaceae,Silene,laciniata
Caryophyllaceae,Silene,lychnidea
Caryophyllaceae,Silene,menziesii
Caryophyllaceae,Silene,mexicana
Caryophyllaceae,Silene,nigrescens
Caryophyllaceae,Silene,noctiflora
Caryophyllaceae,Silene,orphanidis
Caryophyllaceae,Silene,pamirensis
Caryophyllaceae,Silene,parryi
Caryophyllaceae,Silene,petersonii
Caryophyllaceae,Silene,pindicola
Caryophyllaceae,Silene,plankii
Caryophyllaceae,Silene,polypetala
Caryophyllaceae,Silene,pumilio
Caryophyllaceae,Silene,pusilla
Caryophyllaceae,Silene,regia
Caryophyllaceae,Silene,repens
Caryophyllaceae,Silene,saxifraga
Caryophyllaceae,Silene,schafta
Caryophyllaceae,Silene,scouleri
Caryophyllaceae,Silene,sieboldii
Caryophyllaceae,Silene,sp.
Caryophyllaceae,Silene,suecica
Caryophyllaceae,Silene,suksdorfii
Caryophyllaceae,Silene,thessalonica
Caryophyllaceae,Silene,undulata
Caryophyllaceae,Silene,uniflora
Caryophyllaceae,Silene,uralensis
Caryophyllaceae,Silene,vallesia
Caryophyllaceae,Silene,virginica
Caryophyllaceae,Silene,vulgaris
Caryophyllaceae,Silene,wahlbergella
Caryophyllaceae,Silene,wallichiana
Caryophyllaceae,Silene,zawadskii
Caryophyllaceae,Silene,×
Caryophyllaceae,Spergula,arvensis
Caryophyllaceae,Spergularia,rubra
Caryophyllaceae,Stellaria,calycantha
Caryophyllaceae,Stellaria,crassifolia
Caryophyllaceae,Stellaria,crispa
Caryophyllaceae,Stellaria,longipes
Caryophyllaceae,Stellaria,media
Caryophyllaceae,Stellaria,roughii
Caryophyllaceae,Telephium,imperati
Caryophyllaceae,Viscaria,alpina
Caryophyllaceae,Viscaria,asterias
Caryophyllaceae,Viscaria,vulgaris
Casuarinaceae,Allocasuarina,littoralis
Casuarinaceae,Allocasuarina,nana
Casuarinaceae,Casuarina,nana
Casuarinaceae,Casuarina,paludosa
Celastraceae,Celastrus,angulatus
Celastraceae,Celastrus,gemmatus
Celastraceae,Celastrus,glaucophyllus
Celastraceae,Celastrus,hindsii
Celastraceae,Celastrus,orbiculatus
Celastraceae,Celastrus,punctatus
Celastraceae,Celastrus,scandens
Celastraceae,Celastrus,sp.
Celastraceae,Celastrus,stylosus
Celastraceae,Euonymus,
Celastraceae,Euonymus,alatus
Celastraceae,Euonymus,americanus
Celastraceae,Euonymus,atropurpureus
Celastraceae,Euonymus,carnosus
Celastraceae,Euonymus,clivicola
Celastraceae,Euonymus,echinatus
Celastraceae,Euonymus,europaeus
Celastraceae,Euonymus,fortunei
Celastraceae,Euonymus,hamiltonianus
Celastraceae,Euonymus,japonicus
Celastraceae,Euonymus,myrianthus
Celastraceae,Euonymus,nanus
Celastraceae,Euonymus,obovatus
Celastraceae,Euonymus,occidentalis
Celastraceae,Euonymus,oxyphyllus
Celastraceae,Euonymus,planipes
Celastraceae,Euonymus,radicans
Celastraceae,Euonymus,sachalinensis
Celastraceae,Euonymus,sp.
Celastraceae,Euonymus,spraguei
Celastraceae,Euonymus,verrucosus
Celastraceae,Euonymus,yakushimensis
Celastraceae,Maytenus,boaria
Celastraceae,Maytenus,disticha
Celastraceae,Maytenus,magellanica
Celastraceae,Parnassia,californica
Celastraceae,Parnassia,fimbriata
Celastraceae,Parnassia,grandifolia
Celastraceae,Parnassia,kotzebuei
Celastraceae,Parnassia,laxmannii
Celastraceae,Parnassia,palustris
Celastraceae,Parnassia,parviflora
Celastraceae,Parnassia,sp.
Celastraceae,Paxistima,canbyi
Celastraceae,Paxistima,myrsinites
Celastraceae,Tripterygium,regelii
Celastraceae,Tripterygium,wilfordii
Cephalotaxaceae,Cephalotaxus,fortunei
Cephalotaxaceae,Cephalotaxus,harringtonia
Cephalotaxaceae,Cephalotaxus,sinensis
Ceratophyllaceae,Ceratophyllum,demersum
Cercidiphyllaceae,Cercidiphyllum,japonicum
Cercidiphyllaceae,Cercidiphyllum,magnificum
Chloranthaceae,Chloranthus,japonicus
Chloranthaceae,Chloranthus,sessilifolius
Chloranthaceae,Chloranthus,sp.
Chloranthaceae,Chloranthus,spicatus
Cistaceae,Cistus,
Cistaceae,Cistus,albidus
Cistaceae,Cistus,creticus
Cistaceae,Cistus,crispus
Cistaceae,Cistus,incanus
Cistaceae,Cistus,inflatus
Cistaceae,Cistus,ladanifer
Cistaceae,Cistus,laurifolius
Cistaceae,Cistus,libanotis
Cistaceae,Cistus,monspeliensis
Cistaceae,Cistus,osbeckiifolius
Cistaceae,Cistus,palhinhae
Cistaceae,Cistus,parviflorus
Cistaceae,Cistus,populifolius
Cistaceae,Cistus,salviifolius
Cistaceae,Cistus,symphytifolius
Cistaceae,Cistus,villosus
Cistaceae,Cistus,× aguilarii
Cistaceae,Cistus,× argenteus
Cistaceae,Cistus,× corbariensis
Cistaceae,Cistus,× dansereaui
Cistaceae,Cistus,× laxus
Cistaceae,Cistus,× platysepalus
Cistaceae,Cistus,× pulverulentus
Cistaceae,Cistus,× purpureus
Cistaceae,Cistus,× skanbergii
Cistaceae,Fumana,ericoides
Cistaceae,Fumana,procumbens
Cistaceae,Halimiocistus,× wintonensis
Cistaceae,Halimium,
Cistaceae,Halimium,atriplicifolium
Cistaceae,Halimium,halimifolium
Cistaceae,Halimium,lasianthum
Cistaceae,Halimium,ocymoides
Cistaceae,Halimium,umbellatum
Cistaceae,Helianthemum,
Cistaceae,Helianthemum,alpestre
Cistaceae,Helianthemum,apenninum
Cistaceae,Helianthemum,argenteum
Cistaceae,Helianthemum,canadense
Cistaceae,Helianthemum,canum
Cistaceae,Helianthemum,croceum
Cistaceae,Helianthemum,glaucum
Cistaceae,Helianthemum,hybrid
Cistaceae,Helianthemum,lippii
Cistaceae,Helianthemum,lunulatum
Cistaceae,Helianthemum,nummularium
Cistaceae,Helianthemum,oblongatum
Cistaceae,Helianthemum,oelandicum
Cistaceae,Helianthemum,pilosum
Cistaceae,Helianthemum,rupifragum
Cistaceae,Helianthemum,vineale
Cistaceae,Hudsonia,tomentosa
Cistaceae,Tuberaria,lignosa
Cistaceae,× Halimiocistus,
Cistaceae,× Halimiocistus,sahucii
Cistaceae,× Halimiocistus,wintonensis
Clethraceae,Clethra,acuminata
Clethraceae,Clethra,alnifolia
Clethraceae,Clethra,barbinervis
Clethraceae,Clethra,delavayi
Clethraceae,Clethra,esquirolii
Clethraceae,Clethra,fabri
Clethraceae,Clethra,fargesii
Clethraceae,Clethra,petelotii
Clethraceae,Clethra,sp.
Clusiaceae,Clusia,sp.
Colchicaceae,Baeometra,uniflora
Colchicaceae,Burchardia,umbellata
Colchicaceae,Colchicum,
Colchicaceae,Colchicum,alpinum
Colchicaceae,Colchicum,atticum
Colchicaceae,Colchicum,autumnale
Colchicaceae,Colchicum,baytopiorum
Colchicaceae,Colchicum,bivonae
Colchicaceae,Colchicum,bornmuelleri
Colchicaceae,Colchicum,byzantinum
Colchicaceae,Colchicum,cilicicum
Colchicaceae,Colchicum,confusum
Colchicaceae,Colchicum,corsicum
Colchicaceae,Colchicum,cupanii
Colchicaceae,Colchicum,doerfleri
Colchicaceae,Colchicum,fominii
Colchicaceae,Colchicum,haussknechtii
Colchicaceae,Colchicum,hungaricum
Colchicaceae,Colchicum,kesselringii
Colchicaceae,Colchicum,kotschyi
Colchicaceae,Colchicum,laetum
Colchicaceae,Colchicum,latifolium
Colchicaceae,Colchicum,lusitanum
Colchicaceae,Colchicum,luteum
Colchicaceae,Colchicum,macrophyllum
Colchicaceae,Colchicum,micranthum
Colchicaceae,Colchicum,montanum
Colchicaceae,Colchicum,parnassicum
Colchicaceae,Colchicum,raddeanum
Colchicaceae,Colchicum,robustum
Colchicaceae,Colchicum,soboliferum
Colchicaceae,Colchicum,sp.
Colchicaceae,Colchicum,speciosum
Colchicaceae,Colchicum,szovitsii
Colchicaceae,Colchicum,trigynum
Colchicaceae,Colchicum,turcicum
Colchicaceae,Colchicum,umbrosum
Colchicaceae,Colchicum,wendelboi
Colchicaceae,Colchicum,× agrippinum
Colchicaceae,Disporum,bodinieri
Colchicaceae,Disporum,cantoniense
Colchicaceae,Disporum,flavum
Colchicaceae,Disporum,longistylum
Colchicaceae,Disporum,maculatum
Colchicaceae,Disporum,megalanthum
Colchicaceae,Disporum,nantauense
Colchicaceae,Disporum,nantouense
Colchicaceae,Disporum,sessile
Colchicaceae,Disporum,smilacinum
Colchicaceae,Disporum,sp.
Colchicaceae,Disporum,taiwanense
Colchicaceae,Disporum,trachycarpum
Colchicaceae,Disporum,uniflorum
Colchicaceae,Disporum,viridescens
Colchicaceae,Gloriosa,modesta
Colchicaceae,Gloriosa,superba
Colchicaceae,Sandersonia,aurantiaca
Colchicaceae,Uvularia,grandiflora
Colchicaceae,Uvularia,perfoliata
Colchicaceae,Uvularia,sessilifolia
Colchicaceae,Wurmbea,sp.
Colchicaceae,Wurmbea,stricta
Columelliaceae,Desfontainia,spinosa
Commelinaceae,Commelina,coelestis
Commelinaceae,Commelina,communis
Commelinaceae,Commelina,tuberosa
Commelinaceae,Pollia,japonica
Commelinaceae,Tradescantia,hirsuticaulis
Commelinaceae,Tradescantia,longipes
Commelinaceae,Tradescantia,ohiensis
Commelinaceae,Tradescantia,sp.
Commelinaceae,Tradescantia,virginiana
Commelinaceae,Tradescantia,× andersoniana
Commelinaceae,Weldenia,candida
Convolvulaceae,Calystegia,hederacea
Convolvulaceae,Calystegia,macrostegia
Convolvulaceae,Calystegia,malacophylla
Convolvulaceae,Calystegia,sepium
Convolvulaceae,Calystegia,silvatica
Convolvulaceae,Calystegia,soldanella
Convolvulaceae,Calystegia,tuguriorum
Convolvulaceae,Convolvulus,althaeoides
Convolvulaceae,Convolvulus,armatus
Convolvulaceae,Convolvulus,arvensis
Convolvulaceae,Convolvulus,assyricus
Convolvulaceae,Convolvulus,boissieri
Convolvulaceae,Convolvulus,campanulatus
Convolvulaceae,Convolvulus,cantabrica
Convolvulaceae,Convolvulus,cneorum
Convolvulaceae,Convolvulus,dissectus
Convolvulaceae,Convolvulus,erubescens
Convolvulaceae,Convolvulus,lineatus
Convolvulaceae,Convolvulus,sabatius
Convolvulaceae,Dichondra,argentea
Convolvulaceae,Evolvulus,nuttallianus
Convolvulaceae,Ipomoea,leptophylla
Convolvulaceae,Ipomoea,lindheimeri
Convolvulaceae,Ipomoea,tricolor
Coriariaceae,Coriaria,
Coriariaceae,Coriaria,japonica
Coriariaceae,Coriaria,nepalensis
Coriariaceae,Coriaria,ruscifolia
Coriariaceae,Coriaria,terminalis
Cornaceae,Alangium,chinense
Cornaceae,Alangium,platanifolium
Cornaceae,Alangium,sp.
Cornaceae,Cornus,
Cornaceae,Cornus,alba
Cornaceae,Cornus,alternifolia
Cornaceae,Cornus,asperifolia
Cornaceae,Cornus,bretschneideri
Cornaceae,Cornus,canadensis
Cornaceae,Cornus,capitata
Cornaceae,Cornus,chinensis
Cornaceae,Cornus,controversa
Cornaceae,Cornus,drummondii
Cornaceae,Cornus,elliptica
Cornaceae,Cornus,florida
Cornaceae,Cornus,foemina
Cornaceae,Cornus,hemsleyi
Cornaceae,Cornus,hongkongensis
Cornaceae,Cornus,kousa
Cornaceae,Cornus,macrophylla
Cornaceae,Cornus,mas
Cornaceae,Cornus,nuttallii
Cornaceae,Cornus,obliqua
Cornaceae,Cornus,quinquenervis
Cornaceae,Cornus,racemosa
Cornaceae,Cornus,rugosa
Cornaceae,Cornus,sanguinea
Cornaceae,Cornus,schindleri
Cornaceae,Cornus,sericea
Cornaceae,Cornus,sessilis
Cornaceae,Cornus,sp.
Cornaceae,Cornus,suecica
Cornaceae,Cornus,unalaschkensis
Cornaceae,Cornus,walteri
Cornaceae,Cornus,wardiana
Crassulaceae,Aeonium,
Crassulaceae,Aeonium,smithii
Crassulaceae,Aeonium,spathulatum
Crassulaceae,Chiastophyllum,oppositifolium
Crassulaceae,Cotyledon,orbiculata
Crassulaceae,Crassula,alba
Crassulaceae,Crassula,coccinea
Crassulaceae,Crassula,falcata
Crassulaceae,Crassula,milfordae
Crassulaceae,Crassula,sarcocaulis
Crassulaceae,Crassula,setulosa
Crassulaceae,Crassula,sp.
Crassulaceae,Crassula,tetragona
Crassulaceae,Dudleya,
Crassulaceae,Dudleya,caespitosa
Crassulaceae,Dudleya,calcicola
Crassulaceae,Dudleya,cymosa
Crassulaceae,Dudleya,farinosa
Crassulaceae,Dudleya,pulverulenta
Crassulaceae,Echeveria,strictiflora
Crassulaceae,Graptopetalum,paraguayense
Crassulaceae,Hylotelephium,
Crassulaceae,Hylotelephium,anacampseros
Crassulaceae,Hylotelephium,caucasicum
Crassulaceae,Hylotelephium,cauticola
Crassulaceae,Hylotelephium,cyaneum
Crassulaceae,Hylotelephium,erythrostictum
Crassulaceae,Hylotelephium,ewersii
Crassulaceae,Hylotelephium,maximum
Crassulaceae,Hylotelephium,populifolium
Crassulaceae,Hylotelephium,sieboldii
Crassulaceae,Hylotelephium,spectabile
Crassulaceae,Hylotelephium,tatarinowii
Crassulaceae,Hylotelephium,telephium
Crassulaceae,Hylotelephium,triphyllum
Crassulaceae,Hylotelephium,ussuriense
Crassulaceae,Hylotelephium,viride
Crassulaceae,Jovibarba,
Crassulaceae,Jovibarba,globifera
Crassulaceae,Jovibarba,heuffelii
Crassulaceae,Jovibarba,sp.
Crassulaceae,Orostachys,aggregata
Crassulaceae,Orostachys,boehmeri
Crassulaceae,Orostachys,fimbriata
Crassulaceae,Orostachys,iwarenge
Crassulaceae,Orostachys,limuloides
Crassulaceae,Orostachys,malacophylla
Crassulaceae,Orostachys,minuta
Crassulaceae,Orostachys,spinosa
Crassulaceae,Phedimus,floriferus
Crassulaceae,Phedimus,kamtschaticus
Crassulaceae,Phedimus,obtusifolius
Crassulaceae,Phedimus,selskianus
Crassulaceae,Phedimus,spurius
Crassulaceae,Phedimus,stoloniferus
Crassulaceae,Prometheum,muratdaghense
Crassulaceae,Pseudosedum,condensatum
Crassulaceae,Rhodiola,(EMAK.0516)
Crassulaceae,Rhodiola,algida
Crassulaceae,Rhodiola,atropurpurea
Crassulaceae,Rhodiola,atuntsuensis
Crassulaceae,Rhodiola,bupleuroides
Crassulaceae,Rhodiola,heterodonta
Crassulaceae,Rhodiola,himalayensis
Crassulaceae,Rhodiola,ishidae
Crassulaceae,Rhodiola,kirilowii
Crassulaceae,Rhodiola,macrocarpa
Crassulaceae,Rhodiola,pachyclados
Crassulaceae,Rhodiola,pamiroalaica
Crassulaceae,Rhodiola,primuloides
Crassulaceae,Rhodiola,quadrifida
Crassulaceae,Rhodiola,recticaulis
Crassulaceae,Rhodiola,rhodantha
Crassulaceae,Rhodiola,rosea
Crassulaceae,Rhodiola,semenovii
Crassulaceae,Rhodiola,semenowii
Crassulaceae,Rhodiola,sp.
Crassulaceae,Rhodiola,sp.args0701
Crassulaceae,Rhodiola,tangutica
Crassulaceae,Rhodiola,wallichiana
Crassulaceae,Rhodiola,yunnanensis
Crassulaceae,Rosularia,chrysantha
Crassulaceae,Rosularia,globulariafolia
Crassulaceae,Rosularia,muratdaghensis
Crassulaceae,Rosularia,sempervivum
Crassulaceae,Rosularia,serpentinica
Crassulaceae,Rosularia,serrata
Crassulaceae,Rosularia,turkestanica
Crassulaceae,Sedum,
Crassulaceae,Sedum,aizoon
Crassulaceae,Sedum,album
Crassulaceae,Sedum,anglicum
Crassulaceae,Sedum,borschii
Crassulaceae,Sedum,brevifolium
Crassulaceae,Sedum,breviscapum
Crassulaceae,Sedum,cauticolum
Crassulaceae,Sedum,coeruleum
Crassulaceae,Sedum,dasyphyllum
Crassulaceae,Sedum,divergens
Crassulaceae,Sedum,forsterianum
Crassulaceae,Sedum,himalense
Crassulaceae,Sedum,hispanicum
Crassulaceae,Sedum,humifusum
Crassulaceae,Sedum,hybridum
Crassulaceae,Sedum,integrifolium
Crassulaceae,Sedum,japonicum
Crassulaceae,Sedum,kamtschaticum
Crassulaceae,Sedum,kiersteadiae
Crassulaceae,Sedum,lanceolatum
Crassulaceae,Sedum,laxum
Crassulaceae,Sedum,lineare
Crassulaceae,Sedum,lydium
Crassulaceae,Sedum,makinoi
Crassulaceae,Sedum,moranii
Crassulaceae,Sedum,multiceps
Crassulaceae,Sedum,nevii
Crassulaceae,Sedum,niveum
Crassulaceae,Sedum,obtusatum
Crassulaceae,Sedum,ochroleucum
Crassulaceae,Sedum,oreganum
Crassulaceae,Sedum,oregonense
Crassulaceae,Sedum,palmeri
Crassulaceae,Sedum,pilosum
Crassulaceae,Sedum,pluricaule
Crassulaceae,Sedum,reflexum
Crassulaceae,Sedum,rhodanthum
Crassulaceae,Sedum,rosea
Crassulaceae,Sedum,rupicola
Crassulaceae,Sedum,sediforme
Crassulaceae,Sedum,sempervivoides
Crassulaceae,Sedum,sexangulare
Crassulaceae,Sedum,sichotense
Crassulaceae,Sedum,sieboldii
Crassulaceae,Sedum,sp.
Crassulaceae,Sedum,spathulifolium
Crassulaceae,Sedum,spectabile
Crassulaceae,Sedum,spurium
Crassulaceae,Sedum,stelliforme
Crassulaceae,Sedum,stenopetalum
Crassulaceae,Sedum,stoloniferum
Crassulaceae,Sedum,telephium
Crassulaceae,Sedum,tenellum
Crassulaceae,Sedum,ternatum
Crassulaceae,Sedum,tetractinum
Crassulaceae,Sedum,tymphaeum
Crassulaceae,Sedum,valens
Crassulaceae,Sedum,woodwardii
Crassulaceae,Sedum,× cauticolum
Crassulaceae,Sempervivum,
Crassulaceae,Sempervivum,allionii
Crassulaceae,Sempervivum,ameliae
Crassulaceae,Sempervivum,apenninum
Crassulaceae,Sempervivum,arachnoideum
Crassulaceae,Sempervivum,atlanticum
Crassulaceae,Sempervivum,borissovae
Crassulaceae,Sempervivum,calcareum
Crassulaceae,Sempervivum,cantabricum
Crassulaceae,Sempervivum,caucasicum
Crassulaceae,Sempervivum,ciliosum
Crassulaceae,Sempervivum,degenianum
Crassulaceae,Sempervivum,dzhavachischvilii
Crassulaceae,Sempervivum,erythraeum
Crassulaceae,Sempervivum,giuseppii
Crassulaceae,Sempervivum,grandiflorum
Crassulaceae,Sempervivum,hillebrandtii
Crassulaceae,Sempervivum,ingwersenii
Crassulaceae,Sempervivum,kindingeri
Crassulaceae,Sempervivum,kosaninii
Crassulaceae,Sempervivum,leucanthum
Crassulaceae,Sempervivum,macedonicum
Crassulaceae,Sempervivum,marmoreum
Crassulaceae,Sempervivum,minutum
Crassulaceae,Sempervivum,montanum
Crassulaceae,Sempervivum,nevadense
Crassulaceae,Sempervivum,octopetalum
Crassulaceae,Sempervivum,octopodes
Crassulaceae,Sempervivum,ornatum
Crassulaceae,Sempervivum,ossetiense
Crassulaceae,Sempervivum,pittonii
Crassulaceae,Sempervivum,pumilum
Crassulaceae,Sempervivum,reginae-amaliae
Crassulaceae,Sempervivum,smrzianum
Crassulaceae,Sempervivum,sosnowskyi
Crassulaceae,Sempervivum,sp.
Crassulaceae,Sempervivum,tectorum
Crassulaceae,Sempervivum,thompsonianum
Crassulaceae,Sempervivum,triste
Crassulaceae,Sempervivum,violaceum
Crassulaceae,Sempervivum,wulfenii
Crassulaceae,Sempervivum,zeleborii
Crassulaceae,Sempervivum,× barbulatum
Crassulaceae,Sempervivum,× funckii
Crassulaceae,Sempervivum,× morelianum
Crassulaceae,Sempervivum,× piliferum
Crassulaceae,Sempervivum,× rupicola
Crassulaceae,Sempervivum,× stenopetalum
Crassulaceae,Sempervivum,× versicolor
Crassulaceae,Umbilicus,oppositifolius
Crassulaceae,Umbilicus,rupestris
Cucurbitaceae,Bryonia,cretica
Cucurbitaceae,Citrullus,lanatus
Cucurbitaceae,Cucumis,melo
Cucurbitaceae,Cucumis,sativus
Cucurbitaceae,Cucurbita,ecuadorensis
Cucurbitaceae,Cucurbita,maxima
Cucurbitaceae,Cucurbita,moschata
Cucurbitaceae,Cucurbita,pepo
Cucurbitaceae,Cyclanthera,brachybotrys
Cucurbitaceae,Gynostemma,pentaphyllum
Cucurbitaceae,Luffa,acutangula
Cucurbitaceae,Marah,oregana
Cucurbitaceae,Melothria,scabra
Cucurbitaceae,Momordica,charantia
Cucurbitaceae,Trichosanthes,cucumeroides
Cunoniaceae,Bauera,rubioides
Cunoniaceae,Ceratopetalum,gummiferum
Cunoniaceae,Eucryphia,cordifolia
Cunoniaceae,Eucryphia,glutinosa
Cunoniaceae,Eucryphia,milliganii
Cunoniaceae,Eucryphia,× intermedia
Cunoniaceae,Eucryphia,× nymansensis
Cunoniaceae,Weinmannia,racemosa
Cupressaceae,Athrotaxis,cupressoides
Cupressaceae,Athrotaxis,selaginoides
Cupressaceae,Austrocedrus,chilensis
Cupressaceae,Callitris,columellaris
Cupressaceae,Callitris,endlicheri
Cupressaceae,Callitris,oblonga
Cupressaceae,Callitris,rhomboidea
Cupressaceae,Callitropsis,nootkatensis
Cupressaceae,Calocedrus,decurrens
Cupressaceae,Calocedrus,macrolepis
Cupressaceae,Chamaecyparis,
Cupressaceae,Chamaecyparis,formosensis
Cupressaceae,Chamaecyparis,lawsoniana
Cupressaceae,Chamaecyparis,obtusa
Cupressaceae,Chamaecyparis,pisifera
Cupressaceae,Chamaecyparis,thyoides
Cupressaceae,Cryptomeria,japonica
Cupressaceae,Cunninghamia,lanceolata
Cupressaceae,Cupressus,arizonica
Cupressaceae,Cupressus,chengiana
Cupressaceae,Cupressus,funebris
Cupressaceae,Cupressus,gigantea
Cupressaceae,Cupressus,goveniana
Cupressaceae,Cupressus,macrocarpa
Cupressaceae,Cupressus,nootkatensis
Cupressaceae,Cupressus,sempervirens
Cupressaceae,Cupressus,torulosa
Cupressaceae,Diselma,archeri
Cupressaceae,Fitzroya,cupressoides
Cupressaceae,Fokienia,hodginsii
Cupressaceae,Glyptostrobus,pensilis
Cupressaceae,Hesperocyparis,abramsiana
Cupressaceae,Hesperocyparis,arizonica
Cupressaceae,Hesperocyparis,bakeri
Cupressaceae,Hesperocyparis,macnabiana
Cupressaceae,Hesperocyparis,nevadensis
Cupressaceae,Hesperocyparis,sargentii
Cupressaceae,Juniperus,
Cupressaceae,Juniperus,ashei
Cupressaceae,Juniperus,californica
Cupressaceae,Juniperus,cedrus
Cupressaceae,Juniperus,chinensis
Cupressaceae,Juniperus,communis
Cupressaceae,Juniperus,conferta
Cupressaceae,Juniperus,davurica
Cupressaceae,Juniperus,deltoides
Cupressaceae,Juniperus,deppeana
Cupressaceae,Juniperus,excelsa
Cupressaceae,Juniperus,grandis
Cupressaceae,Juniperus,horizontalis
Cupressaceae,Juniperus,indica
Cupressaceae,Juniperus,maritima
Cupressaceae,Juniperus,occidentalis
Cupressaceae,Juniperus,osteosperma
Cupressaceae,Juniperus,oxycedrus
Cupressaceae,Juniperus,phoenicea
Cupressaceae,Juniperus,pingii
Cupressaceae,Juniperus,procumbens
Cupressaceae,Juniperus,recurva
Cupressaceae,Juniperus,rigida
Cupressaceae,Juniperus,sabina
Cupressaceae,Juniperus,scopulorum
Cupressaceae,Juniperus,semiglobosa
Cupressaceae,Juniperus,squamata
Cupressaceae,Juniperus,thurifera
Cupressaceae,Juniperus,virginiana
Cupressaceae,Metasequoia,glyptostroboides
Cupressaceae,Microbiota,decussata
Cupressaceae,Pilgerodendron,uviferum
Cupressaceae,Platycladus,orientalis
Cupressaceae,Sequoia,sempervirens
Cupressaceae,Taiwania,cryptomerioides
Cupressaceae,Taxodium,distichum
Cupressaceae,Thuja,koraiensis
Cupressaceae,Thuja,occidentalis
Cupressaceae,Thuja,plicata
Cupressaceae,Thujopsis,dolabrata
Cupressaceae,Widdringtonia,cedarbergensis
Cupressaceae,Widdringtonia,nodiflora
Cupressaceae,Widdringtonia,schwarzii
Cupressaceae,Xanthocyparis,vietnamensis
Cupressaceae,× Cupressocyparis,leylandii
Cupressaceae,× Hesperotropsis,leylandii
Cyperaceae,Bolboschoenus,maritimus
Cyperaceae,Carex,
Cyperaceae,Carex,adelostoma
Cyperaceae,Carex,alba
Cyperaceae,Carex,albula
Cyperaceae,Carex,amplifolia
Cyperaceae,Carex,angustior
Cyperaceae,Carex,anthoxanthea
Cyperaceae,Carex,appalachica
Cyperaceae,Carex,appressa
Cyperaceae,Carex,aquatilis
Cyperaceae,Carex,arenaria
Cyperaceae,Carex,atrata
Cyperaceae,Carex,aurea
Cyperaceae,Carex,austroalpina
Cyperaceae,Carex,baldensis
Cyperaceae,Carex,banksii
Cyperaceae,Carex,bebbii
Cyperaceae,Carex,berggrenii
Cyperaceae,Carex,bicolor
Cyperaceae,Carex,bigelowii
Cyperaceae,Carex,boottiana
Cyperaceae,Carex,brunnescens
Cyperaceae,Carex,buchananii
Cyperaceae,Carex,canescens
Cyperaceae,Carex,capillaris
Cyperaceae,Carex,capitata
Cyperaceae,Carex,caryophyllea
Cyperaceae,Carex,comans
Cyperaceae,Carex,concinna
Cyperaceae,Carex,conica
Cyperaceae,Carex,curvula
Cyperaceae,Carex,dallii
Cyperaceae,Carex,diandra
Cyperaceae,Carex,digitata
Cyperaceae,Carex,dioica
Cyperaceae,Carex,dipsacea
Cyperaceae,Carex,disperma
Cyperaceae,Carex,divulsa
Cyperaceae,Carex,echinata
Cyperaceae,Carex,egmontiana
Cyperaceae,Carex,elata
Cyperaceae,Carex,firma
Cyperaceae,Carex,flacca
Cyperaceae,Carex,flagellifera
Cyperaceae,Carex,flava
Cyperaceae,Carex,foenea
Cyperaceae,Carex,frigida
Cyperaceae,Carex,geyeri
Cyperaceae,Carex,glacialis
Cyperaceae,Carex,glareosa
Cyperaceae,Carex,globosus
Cyperaceae,Carex,grayi
Cyperaceae,Carex,hoodii
Cyperaceae,Carex,hostiana
Cyperaceae,Carex,interior
Cyperaceae,Carex,laeviculmis
Cyperaceae,Carex,laxiflora
Cyperaceae,Carex,lenticularis
Cyperaceae,Carex,leporina
Cyperaceae,Carex,limosa
Cyperaceae,Carex,livida
Cyperaceae,Carex,loliacea
Cyperaceae,Carex,lupulina
Cyperaceae,Carex,lyngbyei
Cyperaceae,Carex,macloviana
Cyperaceae,Carex,macrocephala
Cyperaceae,Carex,macrochaeta
Cyperaceae,Carex,mertensii
Cyperaceae,Carex,microglochin
Cyperaceae,Carex,montana
Cyperaceae,Carex,morrowii
Cyperaceae,Carex,nardina
Cyperaceae,Carex,nigricans
Cyperaceae,Carex,obnupta
Cyperaceae,Carex,oederi
Cyperaceae,Carex,omiana
Cyperaceae,Carex,oshimensis
Cyperaceae,Carex,oxymeris
Cyperaceae,Carex,pallescens
Cyperaceae,Carex,paniculata
Cyperaceae,Carex,pauciflora
Cyperaceae,Carex,paupercula
Cyperaceae,Carex,paysonis
Cyperaceae,Carex,pendula
Cyperaceae,Carex,pensylvanica
Cyperaceae,Carex,petriei
Cyperaceae,Carex,phaeocephala
Cyperaceae,Carex,phyllocephala
Cyperaceae,Carex,phyllomanica
Cyperaceae,Carex,plantaginea
Cyperaceae,Carex,platyphylla
Cyperaceae,Carex,podocarpa
Cyperaceae,Carex,praeceptorum
Cyperaceae,Carex,praticola
Cyperaceae,Carex,punicea
Cyperaceae,Carex,pyrenaica
Cyperaceae,Carex,rariflora
Cyperaceae,Carex,retrorsa
Cyperaceae,Carex,scaposa
Cyperaceae,Carex,scirpoidea
Cyperaceae,Carex,solandri
Cyperaceae,Carex,sp.
Cyperaceae,Carex,spectabilis
Cyperaceae,Carex,sprengelii
Cyperaceae,Carex,stipata
Cyperaceae,Carex,stylosa
Cyperaceae,Carex,testacea
Cyperaceae,Carex,tumulicola
Cyperaceae,Carex,uncinata
Cyperaceae,Carex,utriculata
Cyperaceae,Carex,vaginata
Cyperaceae,Carex,vesicaria
Cyperaceae,Carex,viridula
Cyperaceae,Cymophyllus,fraseri
Cyperaceae,Cyperus,eragrostis
Cyperaceae,Cyperus,erythrorhizos
Cyperaceae,Cyperus,longus
Cyperaceae,Desmoschoenus,spiralis
Cyperaceae,Dulichium,arundinaceum
Cyperaceae,Eleocharis,attenuata
Cyperaceae,Eleocharis,kamtschatica
Cyperaceae,Eleocharis,obtusa
Cyperaceae,Eleocharis,palustris
Cyperaceae,Eriophorum,angustifolium
Cyperaceae,Eriophorum,brachyantherum
Cyperaceae,Eriophorum,chamissonis
Cyperaceae,Eriophorum,gracile
Cyperaceae,Eriophorum,scheuchzeri
Cyperaceae,Eriophorum,vaginatum
Cyperaceae,Eriophorum,viridicarinatum
Cyperaceae,Fimbristylis,subbispicata
Cyperaceae,Gahnia,grandis
Cyperaceae,Kobresia,myosuroides
Cyperaceae,Kobresia,simpliciuscula
Cyperaceae,Rhynchospora,alba
Cyperaceae,Scirpus,cyperinus
Cyperaceae,Scirpus,hondoense
Cyperaceae,Scirpus,lacustris
Cyperaceae,Scirpus,microcarpus
Cyperaceae,Scirpus,paludosus
Cyperaceae,Scirpus,pungens
Cyperaceae,Trichophorum,alpinum
Cyperaceae,Trichophorum,cespitosum
Cyperaceae,Trichophorum,subcapitatum
Cyperaceae,Uncinia,phleoides
Cyrillaceae,Cyrilla,racemiflora
Cystopteridaceae,Cystopteris,bulbifera
Cystopteridaceae,Cystopteris,dickieana
Cystopteridaceae,Cystopteris,fragilis
Cystopteridaceae,Cystopteris,montana
Cystopteridaceae,Gymnocarpium,disjunctum
Cystopteridaceae,Gymnocarpium,dryopteris
Cystopteridaceae,Gymnocarpium,robertianum
Daphniphyllaceae,Daphniphyllum,chartaceum
Daphniphyllaceae,Daphniphyllum,glaucescens
Daphniphyllaceae,Daphniphyllum,longeracemosum
Daphniphyllaceae,Daphniphyllum,macropodum
Daphniphyllaceae,Daphniphyllum,oldhamii
Daphniphyllaceae,Daphniphyllum,sp.
Datiscaceae,Datisca,cannabina
Davalliaceae,Davallia,assamica
Davalliaceae,Davallia,mariesii
Dennstaedtiaceae,Dennstaedtia,glauca
Dennstaedtiaceae,Dennstaedtia,hirsuta
Dennstaedtiaceae,Dennstaedtia,punctilobula
Dennstaedtiaceae,Pteridium,aquilinum
Diapensiaceae,Berneuxia,thibetica
Diapensiaceae,Diapensia,lapponica
Diapensiaceae,Galax,urceolata
Diapensiaceae,Pyxidanthera,barbulata
Diapensiaceae,Schizocodon,soldanelloides
Diapensiaceae,Shortia,
Diapensiaceae,Shortia,galacifolia
Diapensiaceae,Shortia,soldanelloides
Diapensiaceae,Shortia,uniflora
Dicranaceae,Dicranum,fuscescens
Dicranaceae,Dicranum,howellii
Dicranaceae,Dicranum,scoparium
Dicranaceae,Dicranum,tauricum
Dilleniaceae,Hibbertia,obtusifolia
Dioscoreaceae,Dioscorea,collettii
Dioscoreaceae,Dioscorea,japonica
Dioscoreaceae,Dioscorea,quinquelobata
Dioscoreaceae,Dioscorea,sp.
Dioscoreaceae,Dioscorea,villosa
Dipentodontaceae,Dipentodon,sinicus
Dipteridaceae,Dipteris,chinensis
Dipteridaceae,Dipteris,sp.
Ditrichaceae,Ceratodon,purpureus
Droseraceae,Drosera,anglica
Droseraceae,Drosera,filiformis
Droseraceae,Drosera,rotundifolia
Dryopteridaceae,Arachniodes,davalliaeformis
Dryopteridaceae,Arachniodes,nipponica
Dryopteridaceae,Arachniodes,sp.
Dryopteridaceae,Arachniodes,standishii
Dryopteridaceae,Cyrtomium,falcatum
Dryopteridaceae,Cyrtomium,fortunei
Dryopteridaceae,Cyrtomium,lonchitoides
Dryopteridaceae,Cyrtomium,macrophyllum
Dryopteridaceae,Dryopteris,atrata
Dryopteridaceae,Dryopteris,bissetiana
Dryopteridaceae,Dryopteris,carthusiana
Dryopteridaceae,Dryopteris,chinensis
Dryopteridaceae,Dryopteris,clintoniana
Dryopteridaceae,Dryopteris,crassirhizoma
Dryopteridaceae,Dryopteris,cristata
Dryopteridaceae,Dryopteris,cycadina
Dryopteridaceae,Dryopteris,darjeelingensis
Dryopteridaceae,Dryopteris,decipiens
Dryopteridaceae,Dryopteris,dracomontana
Dryopteridaceae,Dryopteris,erythrosora
Dryopteridaceae,Dryopteris,expansa
Dryopteridaceae,Dryopteris,filix-mas
Dryopteridaceae,Dryopteris,goldieana
Dryopteridaceae,Dryopteris,intermedia
Dryopteridaceae,Dryopteris,juxtaposita
Dryopteridaceae,Dryopteris,marginalis
Dryopteridaceae,Dryopteris,nigropaleacea
Dryopteridaceae,Dryopteris,polylepis
Dryopteridaceae,Dryopteris,saxifraga
Dryopteridaceae,Dryopteris,sieboldii
Dryopteridaceae,Dryopteris,sp.
Dryopteridaceae,Dryopteris,stewartii
Dryopteridaceae,Dryopteris,sublacera
Dryopteridaceae,Dryopteris,villarii
Dryopteridaceae,Dryopteris,wallichiana
Dryopteridaceae,Polystichum,
Dryopteridaceae,Polystichum,acrostichoides
Dryopteridaceae,Polystichum,aculeatum
Dryopteridaceae,Polystichum,andersonii
Dryopteridaceae,Polystichum,braunii
Dryopteridaceae,Polystichum,dracomontanum
Dryopteridaceae,Polystichum,imbricans
Dryopteridaceae,Polystichum,kruckebergii
Dryopteridaceae,Polystichum,lemmonii
Dryopteridaceae,Polystichum,lonchitis
Dryopteridaceae,Polystichum,makinoi
Dryopteridaceae,Polystichum,mohrioides
Dryopteridaceae,Polystichum,monticola
Dryopteridaceae,Polystichum,munitum
Dryopteridaceae,Polystichum,neolobatum
Dryopteridaceae,Polystichum,polyblepharum
Dryopteridaceae,Polystichum,proliferum
Dryopteridaceae,Polystichum,scopulinum
Dryopteridaceae,Polystichum,setiferum
Dryopteridaceae,Polystichum,stenophyllum
Dryopteridaceae,Polystichum,tripteron
Dryopteridaceae,Polystichum,tsus-simense
Dryopteridaceae,Polystichum,vestitum
Dryopteridaceae,Polystichum,xiphophyllum
Dryopteridaceae,Rumohra,adiantiformis
Ebenaceae,Diospyros,austroafricana
Ebenaceae,Diospyros,kaki
Ebenaceae,Diospyros,lotus
Ebenaceae,Diospyros,lycioides
Ebenaceae,Diospyros,sp.
Ebenaceae,Diospyros,virginiana
Ebenaceae,Diospyros,whyteana
Ehretiaceae,Ehretia,dicksonii
Elaeagnaceae,Elaeagnus,angustifolia
Elaeagnaceae,Elaeagnus,commutata
Elaeagnaceae,Elaeagnus,delavayi
Elaeagnaceae,Elaeagnus,difficilis
Elaeagnaceae,Elaeagnus,glabra
Elaeagnaceae,Elaeagnus,lanceolata
Elaeagnaceae,Elaeagnus,macrophylla
Elaeagnaceae,Elaeagnus,multiflora
Elaeagnaceae,Elaeagnus,pungens
Elaeagnaceae,Elaeagnus,umbellata
Elaeagnaceae,Hippophae,rhamnoides
Elaeagnaceae,Shepherdia,argentea
Elaeagnaceae,Shepherdia,canadensis
Elaeagnaceae,Shepherdia,rotundifolia
Elaeocarpaceae,Aristotelia,fruticosa
Elaeocarpaceae,Aristotelia,peduncularis
Elaeocarpaceae,Aristotelia,serrata
Elaeocarpaceae,Crinodendron,hookerianum
Elaeocarpaceae,Crinodendron,patagua
Elaeocarpaceae,Elaeocarpus,japonicus
Elaeocarpaceae,Elaeocarpus,sylvestris
Elaeocarpaceae,Sloanea,sinensis
Ephedraceae,Ephedra,altissima
Ephedraceae,Ephedra,breana
Ephedraceae,Ephedra,chilensis
Ephedraceae,Ephedra,distachya
Ephedraceae,Ephedra,equisetina
Ephedraceae,Ephedra,fedtschenkoi
Ephedraceae,Ephedra,foeminea
Ephedraceae,Ephedra,frustillata
Ephedraceae,Ephedra,gerardiana
Ephedraceae,Ephedra,gracilis
Ephedraceae,Ephedra,intermedia
Ephedraceae,Ephedra,likiangensis
Ephedraceae,Ephedra,monosperma
Ephedraceae,Ephedra,nevadensis
Ephedraceae,Ephedra,procera
Ephedraceae,Ephedra,przewalskii
Ephedraceae,Ephedra,regeliana
Ephedraceae,Ephedra,sp.
Ephedraceae,Ephedra,tweediana
Ephedraceae,Ephedra,viridis
Equisetaceae,Equisetum,arvense
Equisetaceae,Equisetum,fluviatile
Equisetaceae,Equisetum,hyemale
Equisetaceae,Equisetum,palustre
Equisetaceae,Equisetum,scirpoides
Equisetaceae,Equisetum,sylvaticum
Equisetaceae,Equisetum,telmateia
Equisetaceae,Equisetum,variegatum
Ericaceae,Acrothamnus,colensoi
Ericaceae,Agarista,populifolia
Ericaceae,Allotropa,virgata
Ericaceae,Andromeda,polifolia
Ericaceae,Andromeda,sp.
Ericaceae,Arbutus,
Ericaceae,Arbutus,andrachne
Ericaceae,Arbutus,canariensis
Ericaceae,Arbutus,menziesii
Ericaceae,Arbutus,unedo
Ericaceae,Arbutus,xalapensis
Ericaceae,Arctostaphylos,
Ericaceae,Arctostaphylos,bakeri
Ericaceae,Arctostaphylos,canescens
Ericaceae,Arctostaphylos,catalinae
Ericaceae,Arctostaphylos,columbiana
Ericaceae,Arctostaphylos,densiflora
Ericaceae,Arctostaphylos,glandulosa
Ericaceae,Arctostaphylos,glauca
Ericaceae,Arctostaphylos,hookeri
Ericaceae,Arctostaphylos,hybrid
Ericaceae,Arctostaphylos,insularis
Ericaceae,Arctostaphylos,manzanita
Ericaceae,Arctostaphylos,mewukka
Ericaceae,Arctostaphylos,nevadensis
Ericaceae,Arctostaphylos,nummularia
Ericaceae,Arctostaphylos,patula
Ericaceae,Arctostaphylos,pungens
Ericaceae,Arctostaphylos,purissima
Ericaceae,Arctostaphylos,sp.
Ericaceae,Arctostaphylos,uva-ursi
Ericaceae,Arctostaphylos,viscida
Ericaceae,Arctostaphylos,× media
Ericaceae,Arctous,alpina
Ericaceae,Arctous,rubra
Ericaceae,Bryanthus,musciformis
Ericaceae,Calluna,vulgaris
Ericaceae,Cassiope,
Ericaceae,Cassiope,fastigiata
Ericaceae,Cassiope,hypnoides
Ericaceae,Cassiope,inermis
Ericaceae,Cassiope,lycopodioides
Ericaceae,Cassiope,mertensiana
Ericaceae,Cassiope,selaginoides
Ericaceae,Cassiope,sp.
Ericaceae,Cassiope,tetragona
Ericaceae,Cassiope,wardii
Ericaceae,Cassiope,×
Ericaceae,Chamaedaphne,calyculata
Ericaceae,Chimaphila,maculata
Ericaceae,Chimaphila,menziesii
Ericaceae,Chimaphila,umbellata
Ericaceae,Comarostaphylis,diversifolia
Ericaceae,Craibiodendron,sp.
Ericaceae,Craibiodendron,yunnanense
Ericaceae,Daboecia,azorica
Ericaceae,Daboecia,cantabrica
Ericaceae,Daboecia,× scotica
Ericaceae,Dracophyllum,muscoides
Ericaceae,Dracophyllum,pronum
Ericaceae,Elliottia,bracteata
Ericaceae,Elliottia,paniculata
Ericaceae,Elliottia,pyroliflora
Ericaceae,Elliottia,racemosa
Ericaceae,Empetrum,eamesii
Ericaceae,Empetrum,nigrum
Ericaceae,Empetrum,rubrum
Ericaceae,Empetrum,sp.
Ericaceae,Enkianthus,campanulatus
Ericaceae,Enkianthus,cernuus
Ericaceae,Enkianthus,chinensis
Ericaceae,Enkianthus,deflexus
Ericaceae,Enkianthus,perulatus
Ericaceae,Enkianthus,quinqueflorus
Ericaceae,Enkianthus,sp.
Ericaceae,Epigaea,asiatica
Ericaceae,Epigaea,gaultherioides
Ericaceae,Epigaea,repens
Ericaceae,Erica,aestiva
Ericaceae,Erica,arborea
Ericaceae,Erica,brachialis
Ericaceae,Erica,carnea
Ericaceae,Erica,cerinthoides
Ericaceae,Erica,cinerea
Ericaceae,Erica,coccinea
Ericaceae,Erica,cooperi
Ericaceae,Erica,erigena
Ericaceae,Erica,incarnata
Ericaceae,Erica,lateralis
Ericaceae,Erica,lusitanica
Ericaceae,Erica,mammosa
Ericaceae,Erica,oatesii
Ericaceae,Erica,patersonii
Ericaceae,Erica,peziza
Ericaceae,Erica,plukenetii
Ericaceae,Erica,spiculifolia
Ericaceae,Erica,terminalis
Ericaceae,Erica,tetralix
Ericaceae,Erica,vagans
Ericaceae,Erica,× darleyensis
Ericaceae,Eubotrys,racemosus
Ericaceae,Eubotrys,recurva
Ericaceae,Gaultheria,adenothrix
Ericaceae,Gaultheria,antarctica
Ericaceae,Gaultheria,antipoda
Ericaceae,Gaultheria,appressa
Ericaceae,Gaultheria,borneensis
Ericaceae,Gaultheria,crassa
Ericaceae,Gaultheria,cuneata
Ericaceae,Gaultheria,depressa
Ericaceae,Gaultheria,fragrantissima
Ericaceae,Gaultheria,griffithiana
Ericaceae,Gaultheria,hispida
Ericaceae,Gaultheria,hispidula
Ericaceae,Gaultheria,hookeri
Ericaceae,Gaultheria,humifusa
Ericaceae,Gaultheria,lanceolata
Ericaceae,Gaultheria,leucocarpa
Ericaceae,Gaultheria,macrostigma
Ericaceae,Gaultheria,mucronata
Ericaceae,Gaultheria,myrsinoides
Ericaceae,Gaultheria,nubicola
Ericaceae,Gaultheria,nummularioides
Ericaceae,Gaultheria,ovatifolia
Ericaceae,Gaultheria,parvula
Ericaceae,Gaultheria,phillyreifolia
Ericaceae,Gaultheria,poeppigii
Ericaceae,Gaultheria,procumbens
Ericaceae,Gaultheria,prostrata
Ericaceae,Gaultheria,pumila
Ericaceae,Gaultheria,pyroloides
Ericaceae,Gaultheria,semi-infera
Ericaceae,Gaultheria,shallon
Ericaceae,Gaultheria,sinensis
Ericaceae,Gaultheria,sp.
Ericaceae,Gaultheria,suborbicularis
Ericaceae,Gaultheria,tasmanica
Ericaceae,Gaultheria,tetramera
Ericaceae,Gaultheria,thymifolia
Ericaceae,Gaultheria,thymoides
Ericaceae,Gaultheria,trichophylla
Ericaceae,Gaultheria,× wisleyensis
Ericaceae,Gaylussacia,baccata
Ericaceae,Gaylussacia,brachycera
Ericaceae,Harrimanella,stelleriana
Ericaceae,Kalmia,
Ericaceae,Kalmia,angustifolia
Ericaceae,Kalmia,buxifolia
Ericaceae,Kalmia,latifolia
Ericaceae,Kalmia,microphylla
Ericaceae,Kalmia,polifolia
Ericaceae,Kalmia,procumbens
Ericaceae,Kalmia,sp.
Ericaceae,Kalmiopsis,leachiana
Ericaceae,Leptecophylla,juniperina
Ericaceae,Leucopogon,ericoides
Ericaceae,Leucopogon,lanceolatus
Ericaceae,Leucopogon,parviflorus
Ericaceae,Leucothoe,axillaris
Ericaceae,Leucothoe,davisiae
Ericaceae,Leucothoe,fontanesiana
Ericaceae,Leucothoe,grayana
Ericaceae,Leucothoe,keiskei
Ericaceae,Leucothoe,sp.
Ericaceae,Leucothoe,tonkinensis
Ericaceae,Lyonia,ligustrina
Ericaceae,Lyonia,lucida
Ericaceae,Lyonia,mariana
Ericaceae,Lyonia,ovalifolia
Ericaceae,Lyonia,sp.
Ericaceae,Moneses,uniflora
Ericaceae,Monotropa,uniflora
Ericaceae,Orthilia,secunda
Ericaceae,Oxydendrum,arboreum
Ericaceae,Pentachondra,pumila
Ericaceae,Phyllodoce,aleutica
Ericaceae,Phyllodoce,breweri
Ericaceae,Phyllodoce,caerulea
Ericaceae,Phyllodoce,empetriformis
Ericaceae,Phyllodoce,glanduliflora
Ericaceae,Phyllodoce,nipponica
Ericaceae,Phyllodoce,sp.
Ericaceae,Phyllodoce,× intermedia
Ericaceae,Pieris,
Ericaceae,Pieris,floribunda
Ericaceae,Pieris,formosa
Ericaceae,Pieris,japonica
Ericaceae,Pieris,nana
Ericaceae,Pieris,sp.
Ericaceae,Planocarpa,petiolaris
Ericaceae,Pterospora,andromedea
Ericaceae,Pyrola,asarifolia
Ericaceae,Pyrola,chlorantha
Ericaceae,Pyrola,grandiflora
Ericaceae,Pyrola,minor
Ericaceae,Pyrola,picta
Ericaceae,Rhododendron,
Ericaceae,Rhododendron,aberconwayi
Ericaceae,Rhododendron,adenogynum
Ericaceae,Rhododendron,adenopodum
Ericaceae,Rhododendron,adenosum
Ericaceae,Rhododendron,aganniphum
Ericaceae,Rhododendron,agastum
Ericaceae,Rhododendron,albertsenianum
Ericaceae,Rhododendron,albiflorum
Ericaceae,Rhododendron,albrechtii
Ericaceae,Rhododendron,alutaceum
Ericaceae,Rhododendron,ambiguum
Ericaceae,Rhododendron,amesiae
Ericaceae,Rhododendron,amundsenianum
Ericaceae,Rhododendron,annae
Ericaceae,Rhododendron,anthopogon
Ericaceae,Rhododendron,anthopogonoides
Ericaceae,Rhododendron,anwheiense
Ericaceae,Rhododendron,araiophyllum
Ericaceae,Rhododendron,arborescens
Ericaceae,Rhododendron,arboreum
Ericaceae,Rhododendron,argipeplum
Ericaceae,Rhododendron,argyrophyllum
Ericaceae,Rhododendron,arizelum
Ericaceae,Rhododendron,asterochnoum
Ericaceae,Rhododendron,atlanticum
Ericaceae,Rhododendron,augustinii
Ericaceae,Rhododendron,aureodorsale
Ericaceae,Rhododendron,aureum
Ericaceae,Rhododendron,auriculatum
Ericaceae,Rhododendron,auritum
Ericaceae,Rhododendron,bachii
Ericaceae,Rhododendron,baileyi
Ericaceae,Rhododendron,bainbridgeanum
Ericaceae,Rhododendron,balangense
Ericaceae,Rhododendron,balfourianum
Ericaceae,Rhododendron,barbatum
Ericaceae,Rhododendron,basilicum
Ericaceae,Rhododendron,beesianum
Ericaceae,Rhododendron,benhallii
Ericaceae,Rhododendron,bhutanense
Ericaceae,Rhododendron,brachyanthum
Ericaceae,Rhododendron,brachycarpum
Ericaceae,Rhododendron,brachypodum
Ericaceae,Rhododendron,bracteatum
Ericaceae,Rhododendron,brevipetiolatum
Ericaceae,Rhododendron,bureavii
Ericaceae,Rhododendron,burmanicum
Ericaceae,Rhododendron,caesium
Ericaceae,Rhododendron,calendulaceum
Ericaceae,Rhododendron,callimorphum
Ericaceae,Rhododendron,calophytum
Ericaceae,Rhododendron,calostrotum
Ericaceae,Rhododendron,camelliiflorum
Ericaceae,Rhododendron,campanulatum
Ericaceae,Rhododendron,campylocarpum
Ericaceae,Rhododendron,campylogynum
Ericaceae,Rhododendron,canadense
Ericaceae,Rhododendron,canescens
Ericaceae,Rhododendron,capitatum
Ericaceae,Rhododendron,catacosmum
Ericaceae,Rhododendron,catawbiense
Ericaceae,Rhododendron,caucasicum
Ericaceae,Rhododendron,cephalanthum
Ericaceae,Rhododendron,cerasinum
Ericaceae,Rhododendron,chamaethomsonii
Ericaceae,Rhododendron,changii
Ericaceae,Rhododendron,charitopes
Ericaceae,Rhododendron,chrysodoron
Ericaceae,Rhododendron,ciliatum
Ericaceae,Rhododendron,ciliicalyx
Ericaceae,Rhododendron,cinnabarinum
Ericaceae,Rhododendron,citriniflorum
Ericaceae,Rhododendron,clementinae
Ericaceae,Rhododendron,coelicum
Ericaceae,Rhododendron,coeloneurum
Ericaceae,Rhododendron,columbianum
Ericaceae,Rhododendron,complexum
Ericaceae,Rhododendron,concinnum
Ericaceae,Rhododendron,coriaceum
Ericaceae,Rhododendron,coryanum
Ericaceae,Rhododendron,crenulatum
Ericaceae,Rhododendron,crinigerum
Ericaceae,Rhododendron,cumberlandense
Ericaceae,Rhododendron,cuneatum
Ericaceae,Rhododendron,cyanocarpum
Ericaceae,Rhododendron,dalhousieae
Ericaceae,Rhododendron,dasypetalum
Ericaceae,Rhododendron,dauricum
Ericaceae,Rhododendron,davidii
Ericaceae,Rhododendron,davidsonianum
Ericaceae,Rhododendron,decorum
Ericaceae,Rhododendron,degronianum
Ericaceae,Rhododendron,delavayi
Ericaceae,Rhododendron,dendricola
Ericaceae,Rhododendron,dendrocharis
Ericaceae,Rhododendron,denudatum
Ericaceae,Rhododendron,dichroanthum
Ericaceae,Rhododendron,dignabile
Ericaceae,Rhododendron,dilatatum
Ericaceae,Rhododendron,diphrocalyx
Ericaceae,Rhododendron,discolor
Ericaceae,Rhododendron,diversipilosum
Ericaceae,Rhododendron,eastmanii
Ericaceae,Rhododendron,eclecteum
Ericaceae,Rhododendron,edgarianum
Ericaceae,Rhododendron,edgeworthii
Ericaceae,Rhododendron,elegantulum
Ericaceae,Rhododendron,elliottii
Ericaceae,Rhododendron,emarginatum
Ericaceae,Rhododendron,erosum
Ericaceae,Rhododendron,eudoxum
Ericaceae,Rhododendron,exasperatum
Ericaceae,Rhododendron,excellens
Ericaceae,Rhododendron,faberi
Ericaceae,Rhododendron,facetum
Ericaceae,Rhododendron,faithiae
Ericaceae,Rhododendron,falconeri
Ericaceae,Rhododendron,fastigiatum
Ericaceae,Rhododendron,faucium
Ericaceae,Rhododendron,ferrugineum
Ericaceae,Rhododendron,flavidum
Ericaceae,Rhododendron,fletcherianum
Ericaceae,Rhododendron,floccigerum
Ericaceae,Rhododendron,floribundum
Ericaceae,Rhododendron,forrestii
Ericaceae,Rhododendron,fortunei
Ericaceae,Rhododendron,fulgens
Ericaceae,Rhododendron,fulvum
Ericaceae,Rhododendron,galactinum
Ericaceae,Rhododendron,glanduliferum
Ericaceae,Rhododendron,glaucophyllum
Ericaceae,Rhododendron,glischrum
Ericaceae,Rhododendron,gongshanense
Ericaceae,Rhododendron,grande
Ericaceae,Rhododendron,griersonianum
Ericaceae,Rhododendron,griffithianum
Ericaceae,Rhododendron,groenlandicum
Ericaceae,Rhododendron,habrotrichum
Ericaceae,Rhododendron,haematodes
Ericaceae,Rhododendron,hanceanum
Ericaceae,Rhododendron,haofui
Ericaceae,Rhododendron,heatherae
Ericaceae,Rhododendron,heliolepis
Ericaceae,Rhododendron,hemsleyanum
Ericaceae,Rhododendron,hippophaeoides
Ericaceae,Rhododendron,hirsutum
Ericaceae,Rhododendron,hirtipes
Ericaceae,Rhododendron,hodgsonii
Ericaceae,Rhododendron,hookeri
Ericaceae,Rhododendron,huanum
Ericaceae,Rhododendron,hunnewellianum
Ericaceae,Rhododendron,hybrid
Ericaceae,Rhododendron,hyperythrum
Ericaceae,Rhododendron,hypoglaucum
Ericaceae,Rhododendron,hypoleucum
Ericaceae,Rhododendron,impeditum
Ericaceae,Rhododendron,indicum
Ericaceae,Rhododendron,insigne
Ericaceae,Rhododendron,irroratum
Ericaceae,Rhododendron,japonicum
Ericaceae,Rhododendron,johnstoneanum
Ericaceae,Rhododendron,kaempferi
Ericaceae,Rhododendron,keiskei
Ericaceae,Rhododendron,kendrickii
Ericaceae,Rhododendron,kesangiae
Ericaceae,Rhododendron,keysii
Ericaceae,Rhododendron,kiusianum
Ericaceae,Rhododendron,lacteum
Ericaceae,Rhododendron,lanatoides
Ericaceae,Rhododendron,lanatum
Ericaceae,Rhododendron,lanigerum
Ericaceae,Rhododendron,lapponicum
Ericaceae,Rhododendron,lateriflorum
Ericaceae,Rhododendron,latoucheae
Ericaceae,Rhododendron,lepidostylum
Ericaceae,Rhododendron,lepidotum
Ericaceae,Rhododendron,leptocarpum
Ericaceae,Rhododendron,leptocladon
Ericaceae,Rhododendron,leptothrium
Ericaceae,Rhododendron,leucaspis
Ericaceae,Rhododendron,levinei
Ericaceae,Rhododendron,liliiflorum
Ericaceae,Rhododendron,lindleyi
Ericaceae,Rhododendron,longesquamatum
Ericaceae,Rhododendron,longipes
Ericaceae,Rhododendron,longistylum
Ericaceae,Rhododendron,ludlowii
Ericaceae,Rhododendron,luteiflorum
Ericaceae,Rhododendron,lutescens
Ericaceae,Rhododendron,luteum
Ericaceae,Rhododendron,macabeanum
Ericaceae,Rhododendron,macrophyllum
Ericaceae,Rhododendron,maculiferum
Ericaceae,Rhododendron,maddenii
Ericaceae,Rhododendron,magnificum
Ericaceae,Rhododendron,magniflorum
Ericaceae,Rhododendron,makinoi
Ericaceae,Rhododendron,mallotum
Ericaceae,Rhododendron,manipurense
Ericaceae,Rhododendron,maoerense
Ericaceae,Rhododendron,mariesii
Ericaceae,Rhododendron,maximum
Ericaceae,Rhododendron,meddianum
Ericaceae,Rhododendron,megacalyx
Ericaceae,Rhododendron,megeratum
Ericaceae,Rhododendron,mekongense
Ericaceae,Rhododendron,menziesii
Ericaceae,Rhododendron,micranthum
Ericaceae,Rhododendron,microgynum
Ericaceae,Rhododendron,microphyton
Ericaceae,Rhododendron,minus
Ericaceae,Rhododendron,mollicomum
Ericaceae,Rhododendron,montroseanum
Ericaceae,Rhododendron,morii
Ericaceae,Rhododendron,moulmainense
Ericaceae,Rhododendron,moupinense
Ericaceae,Rhododendron,mucronatum
Ericaceae,Rhododendron,mucronulatum
Ericaceae,Rhododendron,multiflorum
Ericaceae,Rhododendron,myrtifolium
Ericaceae,Rhododendron,nakaharae
Ericaceae,Rhododendron,neriiflorum
Ericaceae,Rhododendron,nipponicum
Ericaceae,Rhododendron,nitidulum
Ericaceae,Rhododendron,nivale
Ericaceae,Rhododendron,niveum
Ericaceae,Rhododendron,noriakianum
Ericaceae,Rhododendron,nuttallii
Ericaceae,Rhododendron,obtusum
Ericaceae,Rhododendron,occidentale
Ericaceae,Rhododendron,ochraceum
Ericaceae,Rhododendron,oldhamii
Ericaceae,Rhododendron,oligocarpum
Ericaceae,Rhododendron,onii
Ericaceae,Rhododendron,orbiculare
Ericaceae,Rhododendron,oreodoxa
Ericaceae,Rhododendron,oreotrephes
Ericaceae,Rhododendron,orthocladum
Ericaceae,Rhododendron,ovatum
Ericaceae,Rhododendron,pachypodum
Ericaceae,Rhododendron,pachysanthum
Ericaceae,Rhododendron,pachytrichum
Ericaceae,Rhododendron,parmulatum
Ericaceae,Rhododendron,pemakoense
Ericaceae,Rhododendron,pendulum
Ericaceae,Rhododendron,pentaphyllum
Ericaceae,Rhododendron,petrocharis
Ericaceae,Rhododendron,peudociliipes
Ericaceae,Rhododendron,phaeochrysum
Ericaceae,Rhododendron,piercei
Ericaceae,Rhododendron,pilosum
Ericaceae,Rhododendron,pingianum
Ericaceae,Rhododendron,platypodum
Ericaceae,Rhododendron,pleistanthum
Ericaceae,Rhododendron,pocophorum
Ericaceae,Rhododendron,polycladum
Ericaceae,Rhododendron,polylepis
Ericaceae,Rhododendron,ponticum
Ericaceae,Rhododendron,praestans
Ericaceae,Rhododendron,praeteritum
Ericaceae,Rhododendron,praevernum
Ericaceae,Rhododendron,prattii
Ericaceae,Rhododendron,preptum
Ericaceae,Rhododendron,primuliflorum
Ericaceae,Rhododendron,principis
Ericaceae,Rhododendron,prinophyllum
Ericaceae,Rhododendron,pronum
Ericaceae,Rhododendron,proteoides
Ericaceae,Rhododendron,protistum
Ericaceae,Rhododendron,pruniflorum
Ericaceae,Rhododendron,prunifolium
Ericaceae,Rhododendron,pseudochrysanthum
Ericaceae,Rhododendron,pubescens
Ericaceae,Rhododendron,pudorosum
Ericaceae,Rhododendron,purdomii
Ericaceae,Rhododendron,qiaojiaense
Ericaceae,Rhododendron,quinquefolium
Ericaceae,Rhododendron,racemosum
Ericaceae,Rhododendron,recurvoides
Ericaceae,Rhododendron,reticulatum
Ericaceae,Rhododendron,rex
Ericaceae,Rhododendron,rigidum
Ericaceae,Rhododendron,riparioides
Ericaceae,Rhododendron,ririei
Ericaceae,Rhododendron,rothschildii
Ericaceae,Rhododendron,roxieanum
Ericaceae,Rhododendron,rubiginosum
Ericaceae,Rhododendron,rubropilosum
Ericaceae,Rhododendron,rufum
Ericaceae,Rhododendron,rupicola
Ericaceae,Rhododendron,rushforthii
Ericaceae,Rhododendron,russatum
Ericaceae,Rhododendron,saluenense
Ericaceae,Rhododendron,sanguineum
Ericaceae,Rhododendron,sargentianum
Ericaceae,Rhododendron,schlippenbachii
Ericaceae,Rhododendron,scopulorum
Ericaceae,Rhododendron,searsiae
Ericaceae,Rhododendron,seinghkuense
Ericaceae,Rhododendron,selense
Ericaceae,Rhododendron,semibarbatum
Ericaceae,Rhododendron,serotinum
Ericaceae,Rhododendron,serpyllifolium
Ericaceae,Rhododendron,setosum
Ericaceae,Rhododendron,shweliense
Ericaceae,Rhododendron,sicereum
Ericaceae,Rhododendron,sidereum
Ericaceae,Rhododendron,siderophyllum
Ericaceae,Rhododendron,sikangense
Ericaceae,Rhododendron,simsii
Ericaceae,Rhododendron,sinofalconeri
Ericaceae,Rhododendron,sinogrande
Ericaceae,Rhododendron,sinonuttallii
Ericaceae,Rhododendron,smirnowii
Ericaceae,Rhododendron,souliei
Ericaceae,Rhododendron,sp.
Ericaceae,Rhododendron,species nova
Ericaceae,Rhododendron,sperabile
Ericaceae,Rhododendron,sphaeroblastum
Ericaceae,Rhododendron,spiciferum
Ericaceae,Rhododendron,spilotum
Ericaceae,Rhododendron,spinuliferum
Ericaceae,Rhododendron,stamineum
Ericaceae,Rhododendron,stenopetalum
Ericaceae,Rhododendron,stewartianum
Ericaceae,Rhododendron,strigillosum
Ericaceae,Rhododendron,succothii
Ericaceae,Rhododendron,sulfureum
Ericaceae,Rhododendron,suoilenhense
Ericaceae,Rhododendron,sutchuenense
Ericaceae,Rhododendron,taiwanalpinum
Ericaceae,Rhododendron,taliense
Ericaceae,Rhododendron,tanastylum
Ericaceae,Rhododendron,tapetiforme
Ericaceae,Rhododendron,tatsienense
Ericaceae,Rhododendron,temenium
Ericaceae,Rhododendron,tephropeploides
Ericaceae,Rhododendron,tephropeplum
Ericaceae,Rhododendron,thayerianum
Ericaceae,Rhododendron,thomsonii
Ericaceae,Rhododendron,thymifolium
Ericaceae,Rhododendron,titapuriense
Ericaceae,Rhododendron,tomentosum
Ericaceae,Rhododendron,traillianum
Ericaceae,Rhododendron,trichanthum
Ericaceae,Rhododendron,trichocladum
Ericaceae,Rhododendron,trichostomum
Ericaceae,Rhododendron,triflorum
Ericaceae,Rhododendron,trilectorum
Ericaceae,Rhododendron,tsariense
Ericaceae,Rhododendron,tschonoskii
Ericaceae,Rhododendron,tsurugisanense
Ericaceae,Rhododendron,tsusiophyllum
Ericaceae,Rhododendron,tubiforme
Ericaceae,Rhododendron,ungernii
Ericaceae,Rhododendron,uniflorum
Ericaceae,Rhododendron,uvariifolium
Ericaceae,Rhododendron,vaccinioides
Ericaceae,Rhododendron,valentinianum
Ericaceae,Rhododendron,valentinioides
Ericaceae,Rhododendron,vaseyi
Ericaceae,Rhododendron,venator
Ericaceae,Rhododendron,vernicosum
Ericaceae,Rhododendron,vialii
Ericaceae,Rhododendron,virgatum
Ericaceae,Rhododendron,viscidifolium
Ericaceae,Rhododendron,viscosum
Ericaceae,Rhododendron,wallichii
Ericaceae,Rhododendron,walongense
Ericaceae,Rhododendron,wardii
Ericaceae,Rhododendron,wasonii
Ericaceae,Rhododendron,watsonii
Ericaceae,Rhododendron,websterianum
Ericaceae,Rhododendron,weyrichii
Ericaceae,Rhododendron,wightii
Ericaceae,Rhododendron,williamsianum
Ericaceae,Rhododendron,wiltonii
Ericaceae,Rhododendron,wumingense
Ericaceae,Rhododendron,xanthostephanum
Ericaceae,Rhododendron,yakushimanum
Ericaceae,Rhododendron,yedoense
Ericaceae,Rhododendron,yelliotii
Ericaceae,Rhododendron,yuefengense
Ericaceae,Rhododendron,yunnanense
Ericaceae,Rhododendron,zaleucum
Ericaceae,Rhododendron,ziyuanense
Ericaceae,Rhododendron,×
Ericaceae,Rhododendron,× bakeri
Ericaceae,Rhododendron,× lochmium
Ericaceae,Rhododendron,× nikomontanum
Ericaceae,Rhododendron,× pallescens
Ericaceae,Rhododendron,× planetum
Ericaceae,Rhododendron,× trichophorum
Ericaceae,Rhododendron,× verruculosum
Ericaceae,Rhodothamnus,chamaecistus
Ericaceae,Richea,dracophylla
Ericaceae,Styphelia,nesophila
Ericaceae,Therorhodion,camtschaticum
Ericaceae,Trochocarpa,thymifolia
Ericaceae,Vaccinium,
Ericaceae,Vaccinium,angustifolium
Ericaceae,Vaccinium,arboreum
Ericaceae,Vaccinium,boreale
Ericaceae,Vaccinium,bracteatum
Ericaceae,Vaccinium,cespitosum
Ericaceae,Vaccinium,chaetothrix
Ericaceae,Vaccinium,corymbosum
Ericaceae,Vaccinium,crassifolium
Ericaceae,Vaccinium,cylindraceum
Ericaceae,Vaccinium,delavayi
Ericaceae,Vaccinium,deliciosum
Ericaceae,Vaccinium,dendrocharis
Ericaceae,Vaccinium,duclouxii
Ericaceae,Vaccinium,dunalianum
Ericaceae,Vaccinium,fragile
Ericaceae,Vaccinium,gaultheriifolium
Ericaceae,Vaccinium,glaucoalbum
Ericaceae,Vaccinium,globulare
Ericaceae,Vaccinium,henryi
Ericaceae,Vaccinium,hirtum
Ericaceae,Vaccinium,japonicum
Ericaceae,Vaccinium,macrocarpon
Ericaceae,Vaccinium,membranaceum
Ericaceae,Vaccinium,moupinense
Ericaceae,Vaccinium,myrtilloides
Ericaceae,Vaccinium,myrtillus
Ericaceae,Vaccinium,nummularia
Ericaceae,Vaccinium,ovalifolium
Ericaceae,Vaccinium,ovatum
Ericaceae,Vaccinium,oxycoccos
Ericaceae,Vaccinium,padifolium
Ericaceae,Vaccinium,parvifolium
Ericaceae,Vaccinium,praestans
Ericaceae,Vaccinium,retusum
Ericaceae,Vaccinium,scoparium
Ericaceae,Vaccinium,sp.
Ericaceae,Vaccinium,sprengelii
Ericaceae,Vaccinium,stamineum
Ericaceae,Vaccinium,uliginosum
Ericaceae,Vaccinium,vitis-idaea
Ericaceae,Vaccinium,×
Ericaceae,Xylococcus,bicolor
Ericaceae,Zenobia,pulverulenta
Ericaceae,× Ledodendron,
Ericaceae,× Phylliopsis,hillieri
Ericaceae,× Phyllothamnus,erectus
Escalloniaceae,Escallonia,
Escalloniaceae,Escallonia,rubra
Escalloniaceae,Escallonia,sp.
Eucommiaceae,Eucommia,ulmoides
Euphorbiaceae,Euphorbia,
Euphorbiaceae,Euphorbia,albomarginata
Euphorbiaceae,Euphorbia,amygdaloides
Euphorbiaceae,Euphorbia,capitulata
Euphorbiaceae,Euphorbia,ceratocarpa
Euphorbiaceae,Euphorbia,characias
Euphorbiaceae,Euphorbia,clavarioides
Euphorbiaceae,Euphorbia,corallioides
Euphorbiaceae,Euphorbia,corollata
Euphorbiaceae,Euphorbia,cotinifolia
Euphorbiaceae,Euphorbia,cyparissias
Euphorbiaceae,Euphorbia,dulcis
Euphorbiaceae,Euphorbia,epithymoides
Euphorbiaceae,Euphorbia,esula
Euphorbiaceae,Euphorbia,glyptosperma
Euphorbiaceae,Euphorbia,griffithii
Euphorbiaceae,Euphorbia,lathyris
Euphorbiaceae,Euphorbia,longifolia
Euphorbiaceae,Euphorbia,mellifera
Euphorbiaceae,Euphorbia,myrsinites
Euphorbiaceae,Euphorbia,nicaeensis
Euphorbiaceae,Euphorbia,oblongata
Euphorbiaceae,Euphorbia,peplus
Euphorbiaceae,Euphorbia,pithyusa
Euphorbiaceae,Euphorbia,polychroma
Euphorbiaceae,Euphorbia,rigida
Euphorbiaceae,Euphorbia,schillingii
Euphorbiaceae,Euphorbia,seguieriana
Euphorbiaceae,Euphorbia,sikkimensis
Euphorbiaceae,Euphorbia,sp.
Euphorbiaceae,Euphorbia,spinosa
Euphorbiaceae,Euphorbia,stracheyi
Euphorbiaceae,Euphorbia,stygiana
Euphorbiaceae,Euphorbia,terracina
Euphorbiaceae,Euphorbia,wallichii
Euphorbiaceae,Glochidion,obovatum
Euphorbiaceae,Glochidion,puberum
Euphorbiaceae,Manihot,grahamii
Euphorbiaceae,Mercurialis,perennis
Euphorbiaceae,Neoshirakia,japonica
Euphorbiaceae,Ricinus,communis
Eupteleaceae,Euptelea,pleiosperma
Eupteleaceae,Euptelea,polyandra
Fabaceae,Clianthus,formosus
Fabaceae,Clianthus,puniceus
Fabaceae,Echinospartum,horridum
Fabaceae,Hoffmannseggia,repens
Fabaceae,Hoffmannseggia,trifoliolata
Fabaceae,Hosackia,gracilis
Fabaceae,Indet Fabaceae,
Fabaceae,Notospartium,carmichaeliae
Fabaceae,Notospartium,glabrescens
Fabaceae,Podalyria,calyptrata
Fabaceae,Vigna,unguiculata
Fabaceae subfam. Caesalpinioideae,Acacia,angustissima
Fabaceae subfam. Caesalpinioideae,Acacia,baileyana
Fabaceae subfam. Caesalpinioideae,Acacia,cavenia
Fabaceae subfam. Caesalpinioideae,Acacia,dealbata
Fabaceae subfam. Caesalpinioideae,Acacia,decora
Fabaceae subfam. Caesalpinioideae,Acacia,decurrens
Fabaceae subfam. Caesalpinioideae,Acacia,implexa
Fabaceae subfam. Caesalpinioideae,Acacia,karroo
Fabaceae subfam. Caesalpinioideae,Acacia,linearifolia
Fabaceae subfam. Caesalpinioideae,Acacia,longifolia
Fabaceae subfam. Caesalpinioideae,Acacia,mearnsii
Fabaceae subfam. Caesalpinioideae,Acacia,melanoxylon
Fabaceae subfam. Caesalpinioideae,Acacia,pataczekii
Fabaceae subfam. Caesalpinioideae,Acacia,pravissima
Fabaceae subfam. Caesalpinioideae,Acacia,retinodes
Fabaceae subfam. Caesalpinioideae,Acacia,rubida
Fabaceae subfam. Caesalpinioideae,Acacia,spectabilis
Fabaceae subfam. Caesalpinioideae,Acacia,vestita
Fabaceae subfam. Caesalpinioideae,Acacia,victoriae
Fabaceae subfam. Caesalpinioideae,Albizia,hybrid
Fabaceae subfam. Caesalpinioideae,Albizia,julibrissin
Fabaceae subfam. Caesalpinioideae,Albizia,kalkora
Fabaceae subfam. Caesalpinioideae,Caesalpinia,gilliesii
Fabaceae subfam. Caesalpinioideae,Cassia,obovata
Fabaceae subfam. Caesalpinioideae,Desmanthus,illinoensis
Fabaceae subfam. Caesalpinioideae,Gleditsia,aquatica
Fabaceae subfam. Caesalpinioideae,Gleditsia,japonica
Fabaceae subfam. Caesalpinioideae,Gleditsia,macracantha
Fabaceae subfam. Caesalpinioideae,Gleditsia,sinensis
Fabaceae subfam. Caesalpinioideae,Gleditsia,triacanthos
Fabaceae subfam. Caesalpinioideae,Gleditsia,vestita
Fabaceae subfam. Caesalpinioideae,Gymnocladus,chinensis
Fabaceae subfam. Caesalpinioideae,Gymnocladus,dioica
Fabaceae subfam. Caesalpinioideae,Gymnocladus,dioicus
Fabaceae subfam. Caesalpinioideae,Inga,feuillei
Fabaceae subfam. Caesalpinioideae,Schotia,brachypetala
Fabaceae subfam. Caesalpinioideae,Senna,arnottiana
Fabaceae subfam. Caesalpinioideae,Senna,covesii
Fabaceae subfam. Caesalpinioideae,Senna,hebecarpa
Fabaceae subfam. Caesalpinioideae,Senna,occidentalis
Fabaceae subfam. Caesalpinioideae,Senna,roemeriana
Fabaceae subfam. Cercidoideae,Cercis,canadensis
Fabaceae subfam. Cercidoideae,Cercis,chinensis
Fabaceae subfam. Cercidoideae,Cercis,gigantea
Fabaceae subfam. Cercidoideae,Cercis,glabra
Fabaceae subfam. Cercidoideae,Cercis,griffithii
Fabaceae subfam. Cercidoideae,Cercis,occidentalis
Fabaceae subfam. Cercidoideae,Cercis,racemosa
Fabaceae subfam. Cercidoideae,Cercis,siliquastrum
Fabaceae subfam. Cercidoideae,Cercis,yunnanensis
Fabaceae subfam. Faboideae,Adenocarpus,complicatus
Fabaceae subfam. Faboideae,Adenocarpus,decorticans
Fabaceae subfam. Faboideae,Adenocarpus,sp.
Fabaceae subfam. Faboideae,Adenocarpus,telonensis
Fabaceae subfam. Faboideae,Adenocarpus,viscosus
Fabaceae subfam. Faboideae,Adesmia,(P&W.6631)
Fabaceae subfam. Faboideae,Adesmia,(W.0039)
Fabaceae subfam. Faboideae,Adesmia,ameghinoi
Fabaceae subfam. Faboideae,Adesmia,longipes
Fabaceae subfam. Faboideae,Ammopiptanthus,mongolicus
Fabaceae subfam. Faboideae,Amorpha,californica
Fabaceae subfam. Faboideae,Amorpha,nana
Fabaceae subfam. Faboideae,Amphicarpaea,bracteata
Fabaceae subfam. Faboideae,Anthyllis,(M.1220)
Fabaceae subfam. Faboideae,Anthyllis,cretica
Fabaceae subfam. Faboideae,Anthyllis,hermanniae
Fabaceae subfam. Faboideae,Anthyllis,montana
Fabaceae subfam. Faboideae,Anthyllis,vulneraria
Fabaceae subfam. Faboideae,Argyrolobium,biebersteinii
Fabaceae subfam. Faboideae,Argyrolobium,sp.
Fabaceae subfam. Faboideae,Argyrolobium,zanonii
Fabaceae subfam. Faboideae,Astragalus,aboriginum
Fabaceae subfam. Faboideae,Astragalus,alpinus
Fabaceae subfam. Faboideae,Astragalus,altaicus
Fabaceae subfam. Faboideae,Astragalus,amphioxys
Fabaceae subfam. Faboideae,Astragalus,aretioides
Fabaceae subfam. Faboideae,Astragalus,arnottianus
Fabaceae subfam. Faboideae,Astragalus,chinesis
Fabaceae subfam. Faboideae,Astragalus,chloodes
Fabaceae subfam. Faboideae,Astragalus,chomutovii
Fabaceae subfam. Faboideae,Astragalus,chrysochlorus
Fabaceae subfam. Faboideae,Astragalus,coccineus
Fabaceae subfam. Faboideae,Astragalus,crassicarpus
Fabaceae subfam. Faboideae,Astragalus,cymboides
Fabaceae subfam. Faboideae,Astragalus,eucosmus
Fabaceae subfam. Faboideae,Astragalus,frigidus
Fabaceae subfam. Faboideae,Astragalus,glycyphyllos
Fabaceae subfam. Faboideae,Astragalus,granatensis
Fabaceae subfam. Faboideae,Astragalus,megacarpus
Fabaceae subfam. Faboideae,Astragalus,monspessulanus
Fabaceae subfam. Faboideae,Astragalus,newberryi
Fabaceae subfam. Faboideae,Astragalus,nobilis
Fabaceae subfam. Faboideae,Astragalus,patagonicus
Fabaceae subfam. Faboideae,Astragalus,propinquus
Fabaceae subfam. Faboideae,Astragalus,purshii
Fabaceae subfam. Faboideae,Astragalus,sanguinolentus
Fabaceae subfam. Faboideae,Astragalus,saurinus
Fabaceae subfam. Faboideae,Astragalus,schugnanicus
Fabaceae subfam. Faboideae,Astragalus,sempervirens
Fabaceae subfam. Faboideae,Astragalus,sp.
Fabaceae subfam. Faboideae,Astragalus,tridactylicus
Fabaceae subfam. Faboideae,Astragalus,whitneyi
Fabaceae subfam. Faboideae,Baptisia,alba
Fabaceae subfam. Faboideae,Baptisia,australis
Fabaceae subfam. Faboideae,Baptisia,bracteata
Fabaceae subfam. Faboideae,Baptisia,leucophaea
Fabaceae subfam. Faboideae,Baptisia,minor
Fabaceae subfam. Faboideae,Baptisia,viridis
Fabaceae subfam. Faboideae,Bossiaea,ensata
Fabaceae subfam. Faboideae,Callerya,reticulata
Fabaceae subfam. Faboideae,Calophaca,wolgarica
Fabaceae subfam. Faboideae,Campylotropis,sp.
Fabaceae subfam. Faboideae,Caragana,boisii
Fabaceae subfam. Faboideae,Caragana,jubata
Fabaceae subfam. Faboideae,Caragana,pygmaea
Fabaceae subfam. Faboideae,Caragana,sp.
Fabaceae subfam. Faboideae,Carmichaelia,australis
Fabaceae subfam. Faboideae,Carmichaelia,crassicaulis
Fabaceae subfam. Faboideae,Carmichaelia,egmontiana
Fabaceae subfam. Faboideae,Carmichaelia,enysii
Fabaceae subfam. Faboideae,Carmichaelia,monroi
Fabaceae subfam. Faboideae,Carmichaelia,petriei
Fabaceae subfam. Faboideae,Carmichaelia,stevensonii
Fabaceae subfam. Faboideae,Chamaecytisus,albus
Fabaceae subfam. Faboideae,Chamaecytisus,leiocarpus
Fabaceae subfam. Faboideae,Chamaecytisus,proliferus
Fabaceae subfam. Faboideae,Chamaecytisus,purpureus
Fabaceae subfam. Faboideae,Chamaecytisus,supinus
Fabaceae subfam. Faboideae,Cicer,arietinum
Fabaceae subfam. Faboideae,Cicer,macracanthum
Fabaceae subfam. Faboideae,Cladrastis,kentukea
Fabaceae subfam. Faboideae,Clitoria,mariana
Fabaceae subfam. Faboideae,Clitoria,ternatea
Fabaceae subfam. Faboideae,Colutea,arborescens
Fabaceae subfam. Faboideae,Colutea,cilicica
Fabaceae subfam. Faboideae,Colutea,istria
Fabaceae subfam. Faboideae,Colutea,orientalis
Fabaceae subfam. Faboideae,Colutea,paulsenii
Fabaceae subfam. Faboideae,Coronilla,minima
Fabaceae subfam. Faboideae,Coronilla,orientalis
Fabaceae subfam. Faboideae,Coronilla,valentina
Fabaceae subfam. Faboideae,Coronilla,varia
Fabaceae subfam. Faboideae,Cyclopia,meyeriana
Fabaceae subfam. Faboideae,Cytisus,ardoini
Fabaceae subfam. Faboideae,Cytisus,austriacus
Fabaceae subfam. Faboideae,Cytisus,battandieri
Fabaceae subfam. Faboideae,Cytisus,hirsutus
Fabaceae subfam. Faboideae,Cytisus,nigricans
Fabaceae subfam. Faboideae,Cytisus,purpureus
Fabaceae subfam. Faboideae,Cytisus,ratisbonensis
Fabaceae subfam. Faboideae,Cytisus,scoparius
Fabaceae subfam. Faboideae,Cytisus,× beanii
Fabaceae subfam. Faboideae,Cytisus,× kewensis
Fabaceae subfam. Faboideae,Cytisus,× praecox
Fabaceae subfam. Faboideae,Dalbergia,mimosoides
Fabaceae subfam. Faboideae,Dalea,candida
Fabaceae subfam. Faboideae,Dalea,gattingeri
Fabaceae subfam. Faboideae,Dalea,ornata
Fabaceae subfam. Faboideae,Dalea,purpurea
Fabaceae subfam. Faboideae,Daviesia,corymbosa
Fabaceae subfam. Faboideae,Desmodium,multiflorum
Fabaceae subfam. Faboideae,Dillwynia,(Australia)
Fabaceae subfam. Faboideae,Dillwynia,juniperina
Fabaceae subfam. Faboideae,Dorycnium,hirsutum
Fabaceae subfam. Faboideae,Dorycnium,rectum
Fabaceae subfam. Faboideae,Ebenus,cretica
Fabaceae subfam. Faboideae,Ebenus,laguroides
Fabaceae subfam. Faboideae,Erinacea,anthyllis
Fabaceae subfam. Faboideae,Erythrina,crista-galli
Fabaceae subfam. Faboideae,Erythrina,zeyheri
Fabaceae subfam. Faboideae,Eutaxia,obovata
Fabaceae subfam. Faboideae,Flemingia,sp.690
Fabaceae subfam. Faboideae,Galega,officinalis
Fabaceae subfam. Faboideae,Genista,aetnensis
Fabaceae subfam. Faboideae,Genista,albida
Fabaceae subfam. Faboideae,Genista,anglica
Fabaceae subfam. Faboideae,Genista,carinalis
Fabaceae subfam. Faboideae,Genista,dalmatica
Fabaceae subfam. Faboideae,Genista,delphinensis
Fabaceae subfam. Faboideae,Genista,florida
Fabaceae subfam. Faboideae,Genista,germanica
Fabaceae subfam. Faboideae,Genista,hispanica
Fabaceae subfam. Faboideae,Genista,humifusa
Fabaceae subfam. Faboideae,Genista,januensis
Fabaceae subfam. Faboideae,Genista,lydia
Fabaceae subfam. Faboideae,Genista,pilosa
Fabaceae subfam. Faboideae,Genista,pulchella
Fabaceae subfam. Faboideae,Genista,radiata
Fabaceae subfam. Faboideae,Genista,sagittalis
Fabaceae subfam. Faboideae,Genista,sessilifolia
Fabaceae subfam. Faboideae,Genista,sp.
Fabaceae subfam. Faboideae,Genista,subcapitata
Fabaceae subfam. Faboideae,Genista,tenera
Fabaceae subfam. Faboideae,Genista,tinctoria
Fabaceae subfam. Faboideae,Glycine,max
Fabaceae subfam. Faboideae,Glycyrrhiza,glabra
Fabaceae subfam. Faboideae,Gueldenstaedtia,stenophylla
Fabaceae subfam. Faboideae,Hardenbergia,violaceae
Fabaceae subfam. Faboideae,Hedysarum,(WN.)
Fabaceae subfam. Faboideae,Hedysarum,alpinum
Fabaceae subfam. Faboideae,Hedysarum,boreale
Fabaceae subfam. Faboideae,Hedysarum,cephalotes
Fabaceae subfam. Faboideae,Hedysarum,coronarium
Fabaceae subfam. Faboideae,Hedysarum,hedysaroides
Fabaceae subfam. Faboideae,Hedysarum,multijugum
Fabaceae subfam. Faboideae,Hedysarum,neglectum
Fabaceae subfam. Faboideae,Hedysarum,sulphurescens
Fabaceae subfam. Faboideae,Hippocrepis,emerus
Fabaceae subfam. Faboideae,Hylodesmum,glutinosum
Fabaceae subfam. Faboideae,Indigofera,amblyantha
Fabaceae subfam. Faboideae,Indigofera,australis
Fabaceae subfam. Faboideae,Indigofera,decora
Fabaceae subfam. Faboideae,Indigofera,heterantha
Fabaceae subfam. Faboideae,Indigofera,kirilowii
Fabaceae subfam. Faboideae,Indigofera,pendula
Fabaceae subfam. Faboideae,Indigofera,sp.
Fabaceae subfam. Faboideae,Kennedia,eximia
Fabaceae subfam. Faboideae,Kennedia,nigricans
Fabaceae subfam. Faboideae,Kennedia,prostrata
Fabaceae subfam. Faboideae,Laburnum,alpinum
Fabaceae subfam. Faboideae,Laburnum,× watereri
Fabaceae subfam. Faboideae,Lathyrus,aureus
Fabaceae subfam. Faboideae,Lathyrus,eucosmus
Fabaceae subfam. Faboideae,Lathyrus,grandiflorus
Fabaceae subfam. Faboideae,Lathyrus,hookeri
Fabaceae subfam. Faboideae,Lathyrus,japonicus
Fabaceae subfam. Faboideae,Lathyrus,latifolius
Fabaceae subfam. Faboideae,Lathyrus,littoralis
Fabaceae subfam. Faboideae,Lathyrus,macropus
Fabaceae subfam. Faboideae,Lathyrus,magellanicus
Fabaceae subfam. Faboideae,Lathyrus,mulkak
Fabaceae subfam. Faboideae,Lathyrus,multiceps
Fabaceae subfam. Faboideae,Lathyrus,nervosus
Fabaceae subfam. Faboideae,Lathyrus,nevadensis
Fabaceae subfam. Faboideae,Lathyrus,ochroleucus
Fabaceae subfam. Faboideae,Lathyrus,palustris
Fabaceae subfam. Faboideae,Lathyrus,pubescens
Fabaceae subfam. Faboideae,Lathyrus,roseus
Fabaceae subfam. Faboideae,Lathyrus,sativus
Fabaceae subfam. Faboideae,Lathyrus,sp.
Fabaceae subfam. Faboideae,Lathyrus,sylvestris
Fabaceae subfam. Faboideae,Lathyrus,venetus
Fabaceae subfam. Faboideae,Lathyrus,vernus
Fabaceae subfam. Faboideae,Lathyrus,vestitus
Fabaceae subfam. Faboideae,Lespedeza,bicolor
Fabaceae subfam. Faboideae,Lespedeza,buergeri
Fabaceae subfam. Faboideae,Lespedeza,cuneata
Fabaceae subfam. Faboideae,Lespedeza,kuriliensis
Fabaceae subfam. Faboideae,Lespedeza,thunbergii
Fabaceae subfam. Faboideae,Lessertia,sp.
Fabaceae subfam. Faboideae,Lotus,corniculatus
Fabaceae subfam. Faboideae,Lotus,crassifolius
Fabaceae subfam. Faboideae,Lotus,denticulatus
Fabaceae subfam. Faboideae,Lotus,maritimus
Fabaceae subfam. Faboideae,Lotus,micranthus
Fabaceae subfam. Faboideae,Lotus,pedunculatus
Fabaceae subfam. Faboideae,Lotus,pinnatus
Fabaceae subfam. Faboideae,Lotus,purshianus
Fabaceae subfam. Faboideae,Lupinus,
Fabaceae subfam. Faboideae,Lupinus,(M.87056)
Fabaceae subfam. Faboideae,Lupinus,arboreus
Fabaceae subfam. Faboideae,Lupinus,arcticus
Fabaceae subfam. Faboideae,Lupinus,argenteus
Fabaceae subfam. Faboideae,Lupinus,bicolor
Fabaceae subfam. Faboideae,Lupinus,breweri
Fabaceae subfam. Faboideae,Lupinus,densiflorus
Fabaceae subfam. Faboideae,Lupinus,elmeri
Fabaceae subfam. Faboideae,Lupinus,excubitus
Fabaceae subfam. Faboideae,Lupinus,lepidus
Fabaceae subfam. Faboideae,Lupinus,leucophyllus
Fabaceae subfam. Faboideae,Lupinus,littoralis
Fabaceae subfam. Faboideae,Lupinus,lyallii
Fabaceae subfam. Faboideae,Lupinus,microcarpus
Fabaceae subfam. Faboideae,Lupinus,nootkatensis
Fabaceae subfam. Faboideae,Lupinus,pilosus
Fabaceae subfam. Faboideae,Lupinus,piurensis
Fabaceae subfam. Faboideae,Lupinus,polyphyllus
Fabaceae subfam. Faboideae,Lupinus,rivularis
Fabaceae subfam. Faboideae,Lupinus,sabinii
Fabaceae subfam. Faboideae,Lupinus,sellulus
Fabaceae subfam. Faboideae,Lupinus,sericeus
Fabaceae subfam. Faboideae,Lupinus,sp.
Fabaceae subfam. Faboideae,Lupinus,sulphureus
Fabaceae subfam. Faboideae,Lupinus,variicolor
Fabaceae subfam. Faboideae,Lupinus,×
Fabaceae subfam. Faboideae,Lupinus,"× (coll.Sheep Mt.,WY)"
Fabaceae subfam. Faboideae,Maackia,fauriei
Fabaceae subfam. Faboideae,Maackia,tashiroi
Fabaceae subfam. Faboideae,Medicago,lupulina
Fabaceae subfam. Faboideae,Medicago,orbicularis
Fabaceae subfam. Faboideae,Medicago,sativa
Fabaceae subfam. Faboideae,Melilotus,officinalis
Fabaceae subfam. Faboideae,Millettia,sp.
Fabaceae subfam. Faboideae,Onobrychis,cornuta
Fabaceae subfam. Faboideae,Onobrychis,viciifolia
Fabaceae subfam. Faboideae,Ononis,cristata
Fabaceae subfam. Faboideae,Ononis,rotundifolia
Fabaceae subfam. Faboideae,Ononis,spinosa
Fabaceae subfam. Faboideae,Oxylobium,ellipticum
Fabaceae subfam. Faboideae,Oxytropis,
Fabaceae subfam. Faboideae,Oxytropis,adamsiana
Fabaceae subfam. Faboideae,Oxytropis,besseyi
Fabaceae subfam. Faboideae,Oxytropis,campestris
Fabaceae subfam. Faboideae,Oxytropis,carpatica
Fabaceae subfam. Faboideae,Oxytropis,cusickii
Fabaceae subfam. Faboideae,Oxytropis,deflexa
Fabaceae subfam. Faboideae,Oxytropis,densa
Fabaceae subfam. Faboideae,Oxytropis,halleri
Fabaceae subfam. Faboideae,Oxytropis,jacquinii
Fabaceae subfam. Faboideae,Oxytropis,lambertii
Fabaceae subfam. Faboideae,Oxytropis,megalantha
Fabaceae subfam. Faboideae,Oxytropis,mollis
Fabaceae subfam. Faboideae,Oxytropis,myriophylla
Fabaceae subfam. Faboideae,Oxytropis,nigrescens
Fabaceae subfam. Faboideae,Oxytropis,nitens
Fabaceae subfam. Faboideae,Oxytropis,podocarpa
Fabaceae subfam. Faboideae,Oxytropis,prenja
Fabaceae subfam. Faboideae,Oxytropis,rishiriensis
Fabaceae subfam. Faboideae,Oxytropis,sericea
Fabaceae subfam. Faboideae,Oxytropis,shokanbetsuensis
Fabaceae subfam. Faboideae,Oxytropis,sordida
Fabaceae subfam. Faboideae,Oxytropis,splendens
Fabaceae subfam. Faboideae,Oxytropis,teres
Fabaceae subfam. Faboideae,Oxytropis,tianschanica
Fabaceae subfam. Faboideae,Oxytropis,urumovii
Fabaceae subfam. Faboideae,Oxytropis,viscida
Fabaceae subfam. Faboideae,Pachyrhizus,erosus
Fabaceae subfam. Faboideae,Parochetus,communis
Fabaceae subfam. Faboideae,Phaseolus,coccineus
Fabaceae subfam. Faboideae,Phaseolus,lunatus
Fabaceae subfam. Faboideae,Phaseolus,vulgaris
Fabaceae subfam. Faboideae,Pickeringia,montana
Fabaceae subfam. Faboideae,Piptanthus,concolor
Fabaceae subfam. Faboideae,Piptanthus,nepalensis
Fabaceae subfam. Faboideae,Piptanthus,tomentosus
Fabaceae subfam. Faboideae,Pisum,sativum
Fabaceae subfam. Faboideae,Podolobium,alpestre
Fabaceae subfam. Faboideae,Psorothamnus,thompsoniae
Fabaceae subfam. Faboideae,Retama,monosperma
Fabaceae subfam. Faboideae,Robinia,
Fabaceae subfam. Faboideae,Robinia,hispida
Fabaceae subfam. Faboideae,Robinia,neomexicana
Fabaceae subfam. Faboideae,Robinia,pseudoacacia
Fabaceae subfam. Faboideae,Rupertia,physodes
Fabaceae subfam. Faboideae,Sophora,
Fabaceae subfam. Faboideae,Sophora,arizonica
Fabaceae subfam. Faboideae,Sophora,davidii
Fabaceae subfam. Faboideae,Sophora,gypsophila
Fabaceae subfam. Faboideae,Sophora,howinsula
Fabaceae subfam. Faboideae,Sophora,macrocarpa
Fabaceae subfam. Faboideae,Sophora,microphylla
Fabaceae subfam. Faboideae,Sophora,prostrata
Fabaceae subfam. Faboideae,Sophora,tetraptera
Fabaceae subfam. Faboideae,Spartium,junceum
Fabaceae subfam. Faboideae,Spartocytisus,supranubius
Fabaceae subfam. Faboideae,Styphnolobium,affine
Fabaceae subfam. Faboideae,Sutherlandia,frutescens
Fabaceae subfam. Faboideae,Sutherlandia,montana
Fabaceae subfam. Faboideae,Tephrosia,grandiflora
Fabaceae subfam. Faboideae,Tephrosia,virginiana
Fabaceae subfam. Faboideae,Thermopsis,barbata
Fabaceae subfam. Faboideae,Thermopsis,caroliniana
Fabaceae subfam. Faboideae,Thermopsis,corgonensis
Fabaceae subfam. Faboideae,Thermopsis,gracilis
Fabaceae subfam. Faboideae,Thermopsis,lupinoides
Fabaceae subfam. Faboideae,Thermopsis,macrophylla
Fabaceae subfam. Faboideae,Thermopsis,turkestanica
Fabaceae subfam. Faboideae,Tibetia,tongolensis
Fabaceae subfam. Faboideae,Trifolium,alpinum
Fabaceae subfam. Faboideae,Trifolium,burchellianum
Fabaceae subfam. Faboideae,Trifolium,dasyphyllum
Fabaceae subfam. Faboideae,Trifolium,depauperatum
Fabaceae subfam. Faboideae,Trifolium,dubium
Fabaceae subfam. Faboideae,Trifolium,eriocephalum
Fabaceae subfam. Faboideae,Trifolium,incarnatum
Fabaceae subfam. Faboideae,Trifolium,macrocephalum
Fabaceae subfam. Faboideae,Trifolium,nanum
Fabaceae subfam. Faboideae,Trifolium,oliganthum
Fabaceae subfam. Faboideae,Trifolium,owyheense
Fabaceae subfam. Faboideae,Trifolium,pratense
Fabaceae subfam. Faboideae,Trifolium,procumbens
Fabaceae subfam. Faboideae,Trifolium,repens
Fabaceae subfam. Faboideae,Trifolium,rubens
Fabaceae subfam. Faboideae,Trifolium,thompsonii
Fabaceae subfam. Faboideae,Trifolium,trichocephalum
Fabaceae subfam. Faboideae,Trifolium,willdenovii
Fabaceae subfam. Faboideae,Trifolium,wormskioldii
Fabaceae subfam. Faboideae,Trifolium,wormskjoldii
Fabaceae subfam. Faboideae,Trigonella,caerulea
Fabaceae subfam. Faboideae,Ulex,
Fabaceae subfam. Faboideae,Ulex,europaeus
Fabaceae subfam. Faboideae,Ulex,gallii
Fabaceae subfam. Faboideae,Vicia,americana
Fabaceae subfam. Faboideae,Vicia,cracca
Fabaceae subfam. Faboideae,Vicia,faba
Fabaceae subfam. Faboideae,Vicia,gigantea
Fabaceae subfam. Faboideae,Vicia,hirsuta
Fabaceae subfam. Faboideae,Vicia,sativa
Fabaceae subfam. Faboideae,Vicia,villosa
Fabaceae subfam. Faboideae,Wisteria,brachybotrys
Fabaceae subfam. Faboideae,Wisteria,floribunda
Fabaceae subfam. Faboideae,Wisteria,japonica
Fabaceae subfam. Faboideae,Wisteria,sinensis
Fabaceae subfam. Faboideae,Wisteria,sp.
Fabaceae subfam. Faboideae Tribe Genisteae,Argyrocytisus,battandieri
Fagaceae,Castanea,dentata
Fagaceae,Castanea,pumila
Fagaceae,Castanea,sativa
Fagaceae,Castanopsis,calathiformis
Fagaceae,Castanopsis,carlesii
Fagaceae,Castanopsis,cuspidata
Fagaceae,Castanopsis,delavayi
Fagaceae,Castanopsis,orthacantha
Fagaceae,Castanopsis,purpurella
Fagaceae,Castanopsis,rockii
Fagaceae,Castanopsis,sclerophylla
Fagaceae,Castanopsis,sieboldii
Fagaceae,Castanopsis,sp.
Fagaceae,Chrysolepis,chrysophylla
Fagaceae,Chrysolepis,sempervirens
Fagaceae,Fagus,crenata
Fagaceae,Fagus,engleriana
Fagaceae,Fagus,grandifolia
Fagaceae,Fagus,hayatae
Fagaceae,Fagus,longipetiolata
Fagaceae,Fagus,lucida
Fagaceae,Fagus,orientalis
Fagaceae,Fagus,sylvatica
Fagaceae,Lithocarpus,(KR.2852)
Fagaceae,Lithocarpus,(KR.4030)
Fagaceae,Lithocarpus,(SICH.1046)
Fagaceae,Lithocarpus,(SICH.1142)
Fagaceae,Lithocarpus,cleistocarpus
Fagaceae,Lithocarpus,dealbatus
Fagaceae,Lithocarpus,edulis
Fagaceae,Lithocarpus,fenestratus
Fagaceae,Lithocarpus,grandifolius
Fagaceae,Lithocarpus,hancei
Fagaceae,Lithocarpus,kawakamii
Fagaceae,Lithocarpus,mairei
Fagaceae,Lithocarpus,pachyphyllus
Fagaceae,Lithocarpus,variolosus
Fagaceae,Notholithocarpus,densiflorus
Fagaceae,Quercus,acuta
Fagaceae,Quercus,alba
Fagaceae,Quercus,alnifolia
Fagaceae,Quercus,bicolor
Fagaceae,Quercus,castaneifolia
Fagaceae,Quercus,chrysolepis
Fagaceae,Quercus,delavayi
Fagaceae,Quercus,dentata
Fagaceae,Quercus,douglasii
Fagaceae,Quercus,durata
Fagaceae,Quercus,ellipsoidalis
Fagaceae,Quercus,garryana
Fagaceae,Quercus,guyavifolia
Fagaceae,Quercus,hybrid
Fagaceae,Quercus,hypargyrea
Fagaceae,Quercus,ilex
Fagaceae,Quercus,infectoria
Fagaceae,Quercus,ithaburensis
Fagaceae,Quercus,kelloggii
Fagaceae,Quercus,leucotrichophora
Fagaceae,Quercus,longinux
Fagaceae,Quercus,lungmaiensis
Fagaceae,Quercus,macranthera
Fagaceae,Quercus,macrocarpa
Fagaceae,Quercus,mongolica
Fagaceae,Quercus,morii
Fagaceae,Quercus,muehlenbergii
Fagaceae,Quercus,myrsinifolia
Fagaceae,Quercus,nigra
Fagaceae,Quercus,oxyodon
Fagaceae,Quercus,palustris
Fagaceae,Quercus,phillyreoides
Fagaceae,Quercus,pontica
Fagaceae,Quercus,pubescens
Fagaceae,Quercus,rehderiana
Fagaceae,Quercus,robur
Fagaceae,Quercus,rubra
Fagaceae,Quercus,sadleriana
Fagaceae,Quercus,schottkyana
Fagaceae,Quercus,serrata
Fagaceae,Quercus,shumardii
Fagaceae,Quercus,sp.
Fagaceae,Quercus,vacciniifolia
Fagaceae,Quercus,variabilis
Fagaceae,Quercus,velutina
Fagaceae,Quercus,virginiana
Fagaceae,Quercus,wislizeni
Fagaceae,Quercus,× mazei
Fagaceae,Quercus,× turneri
Fissidentaceae,Fissidens,crispus
Francoaceae,Francoa,appendiculata
Francoaceae,Francoa,ramosa
Francoaceae,Francoa,sonchifolia
Francoaceae,Melianthus,comosus
Francoaceae,Melianthus,major
Frankeniaceae,Frankenia,boissieri
Frankeniaceae,Frankenia,hirsuta
Frankeniaceae,Frankenia,thymifolia
Funariaceae,Funaria,hygrometrica
Garryaceae,Aucuba,chinensis
Garryaceae,Aucuba,japonica
Garryaceae,Aucuba,sp.
Garryaceae,Garrya,buxifolia
Garryaceae,Garrya,elliptica
Garryaceae,Garrya,flavescens
Garryaceae,Garrya,fremontii
Garryaceae,Garrya,veatchii
Garryaceae,Garrya,× issaquahensis
Gelsemiaceae,Gelsemium,sempervirens
Gentianaceae,Centaurium,erythraea
Gentianaceae,Centaurium,scilloides
Gentianaceae,Chionogentias,deimensis
Gentianaceae,Crawfurdia,speciosa
Gentianaceae,Eustoma,exaltata
Gentianaceae,Eustoma,grandiflorum
Gentianaceae,Frasera,albicaulis
Gentianaceae,Frasera,speciosa
Gentianaceae,Gentiana,
Gentianaceae,Gentiana,(ASIA)
Gentianaceae,Gentiana,acaulis
Gentianaceae,Gentiana,algida
Gentianaceae,Gentiana,altaica
Gentianaceae,Gentiana,andrewsii
Gentianaceae,Gentiana,angustifolia
Gentianaceae,Gentiana,aquatica
Gentianaceae,Gentiana,asclepiadea
Gentianaceae,Gentiana,atuntsiensis
Gentianaceae,Gentiana,axillariflora
Gentianaceae,Gentiana,bavarica
Gentianaceae,Gentiana,bellidifolia
Gentianaceae,Gentiana,bhutanica
Gentianaceae,Gentiana,bigelowii
Gentianaceae,Gentiana,bisetaea
Gentianaceae,Gentiana,boissieri
Gentianaceae,Gentiana,burseri
Gentianaceae,Gentiana,cachemirica
Gentianaceae,Gentiana,calycosa
Gentianaceae,Gentiana,cashmeriana
Gentianaceae,Gentiana,clausa
Gentianaceae,Gentiana,clusii
Gentianaceae,Gentiana,cruciata
Gentianaceae,Gentiana,dahurica
Gentianaceae,Gentiana,dalmatica
Gentianaceae,Gentiana,davidii
Gentianaceae,Gentiana,decumbens
Gentianaceae,Gentiana,dendrologi
Gentianaceae,Gentiana,depressa
Gentianaceae,Gentiana,divisa
Gentianaceae,Gentiana,douglasiana
Gentianaceae,Gentiana,fischeri
Gentianaceae,Gentiana,freyniana
Gentianaceae,Gentiana,frigida
Gentianaceae,Gentiana,froelichii
Gentianaceae,Gentiana,gelida
Gentianaceae,Gentiana,glauca
Gentianaceae,Gentiana,gracilipes
Gentianaceae,Gentiana,grombczewskii
Gentianaceae,Gentiana,grossheimii
Gentianaceae,Gentiana,hexaphylla
Gentianaceae,Gentiana,kurroo
Gentianaceae,Gentiana,lawrencei
Gentianaceae,Gentiana,loderi
Gentianaceae,Gentiana,lutea
Gentianaceae,Gentiana,macrophylla
Gentianaceae,Gentiana,makinoi
Gentianaceae,Gentiana,newberryi
Gentianaceae,Gentiana,nummularifolia
Gentianaceae,Gentiana,olivieri
Gentianaceae,Gentiana,orbicularis
Gentianaceae,Gentiana,oregana
Gentianaceae,Gentiana,ornata
Gentianaceae,Gentiana,pannonica
Gentianaceae,Gentiana,paradoxa
Gentianaceae,Gentiana,parryi
Gentianaceae,Gentiana,platypetala
Gentianaceae,Gentiana,plurisetosa
Gentianaceae,Gentiana,pneumonanthe
Gentianaceae,Gentiana,prolata
Gentianaceae,Gentiana,pumila
Gentianaceae,Gentiana,purdomii
Gentianaceae,Gentiana,pyrenaica
Gentianaceae,Gentiana,rigescens
Gentianaceae,Gentiana,robusta
Gentianaceae,Gentiana,rubricaulis
Gentianaceae,Gentiana,saxosa
Gentianaceae,Gentiana,scabra
Gentianaceae,Gentiana,sceptrum
Gentianaceae,Gentiana,septemfida
Gentianaceae,Gentiana,setigera
Gentianaceae,Gentiana,sikokiana
Gentianaceae,Gentiana,sino-ornata
Gentianaceae,Gentiana,siphonantha
Gentianaceae,Gentiana,sp.
Gentianaceae,Gentiana,stragulata
Gentianaceae,Gentiana,terglouensis
Gentianaceae,Gentiana,ternifolia
Gentianaceae,Gentiana,tianschanica
Gentianaceae,Gentiana,tibetica
Gentianaceae,Gentiana,triflora
Gentianaceae,Gentiana,uchiyamai
Gentianaceae,Gentiana,verna
Gentianaceae,Gentiana,waltonii
Gentianaceae,Gentiana,walujewii
Gentianaceae,Gentiana,yakushimensis
Gentianaceae,Gentiana,× hexa-farreri
Gentianaceae,Gentiana,× macaulayi
Gentianaceae,Gentiana,× macaulayii
Gentianaceae,Gentiana,× stevenagensis
Gentianaceae,Gentiana,× suendermannii
Gentianaceae,Gentianella,amarella
Gentianaceae,Gentianella,austriaca
Gentianaceae,Gentianella,divisa
Gentianaceae,Gentianella,moorcroftiana
Gentianaceae,Gentianella,ottonis
Gentianaceae,Gentianella,pavonii
Gentianaceae,Gentianopsis,crinita
Gentianaceae,Gentianopsis,grandis
Gentianaceae,Indet Gentianaceae,
Gentianaceae,Megacodon,stylophorus
Gentianaceae,Orphium,frutescens
Gentianaceae,Sebaea,macrophylla
Gentianaceae,Sebaea,sedoides
Gentianaceae,Swertia,bimaculata
Gentianaceae,Swertia,iberica
Gentianaceae,Swertia,lactea
Gentianaceae,Swertia,perennis
Gentianaceae,Swertia,radiata
Gentianaceae,Swertia,sp.
Gentianaceae,Swertia,tubulosa
Gentianaceae,Tripterospermum,japonicum
Gentianaceae,Tripterospermum,sp.
Geraniaceae,Erodium,
Geraniaceae,Erodium,carvifolium
Geraniaceae,Erodium,chamaedryoides
Geraniaceae,Erodium,cheilanthifolium
Geraniaceae,Erodium,chrysanthum
Geraniaceae,Erodium,cicutarium
Geraniaceae,Erodium,corsicum
Geraniaceae,Erodium,glandulosum
Geraniaceae,Erodium,gruinum
Geraniaceae,Erodium,manescavii
Geraniaceae,Erodium,pelargoniiflorum
Geraniaceae,Erodium,reichardii
Geraniaceae,Erodium,rupestre
Geraniaceae,Erodium,trifolium
Geraniaceae,Erodium,× variabile
Geraniaceae,Geranium,
Geraniaceae,Geranium,albanum
Geraniaceae,Geranium,albiflorum
Geraniaceae,Geranium,argenteum
Geraniaceae,Geranium,aristatum
Geraniaceae,Geranium,asphodeloides
Geraniaceae,Geranium,brycei
Geraniaceae,Geranium,canariense
Geraniaceae,Geranium,carolinianum
Geraniaceae,Geranium,cataractarum
Geraniaceae,Geranium,cinereum
Geraniaceae,Geranium,clarkei
Geraniaceae,Geranium,collinum
Geraniaceae,Geranium,dalmaticum
Geraniaceae,Geranium,donianum
Geraniaceae,Geranium,endressii
Geraniaceae,Geranium,erianthum
Geraniaceae,Geranium,farreri
Geraniaceae,Geranium,fremontii
Geraniaceae,Geranium,grandiflorum
Geraniaceae,Geranium,gymnocaulon
Geraniaceae,Geranium,himalayense
Geraniaceae,Geranium,ibericum
Geraniaceae,Geranium,incanum
Geraniaceae,Geranium,lancastrense
Geraniaceae,Geranium,linearilobum
Geraniaceae,Geranium,macrorrhizum
Geraniaceae,Geranium,macrostylum
Geraniaceae,Geranium,maculatum
Geraniaceae,Geranium,maderense
Geraniaceae,Geranium,magniflorum
Geraniaceae,Geranium,malviflorum
Geraniaceae,Geranium,molle
Geraniaceae,Geranium,multisectum
Geraniaceae,Geranium,nakaoanum
Geraniaceae,Geranium,nanum
Geraniaceae,Geranium,nodosum
Geraniaceae,Geranium,orientalitibeticum
Geraniaceae,Geranium,palmatum
Geraniaceae,Geranium,phaeum
Geraniaceae,Geranium,platyanthum
Geraniaceae,Geranium,platypetalum
Geraniaceae,Geranium,potentilloides
Geraniaceae,Geranium,pratense
Geraniaceae,Geranium,procurrens
Geraniaceae,Geranium,psilostemon
Geraniaceae,Geranium,pulchrum
Geraniaceae,Geranium,pylzowianum
Geraniaceae,Geranium,regelii
Geraniaceae,Geranium,reinii
Geraniaceae,Geranium,renardii
Geraniaceae,Geranium,richardsonii
Geraniaceae,Geranium,robertianum
Geraniaceae,Geranium,robustum
Geraniaceae,Geranium,rotundifolium
Geraniaceae,Geranium,rubifolium
Geraniaceae,Geranium,ruprechtii
Geraniaceae,Geranium,sanguineum
Geraniaceae,Geranium,schlecteri
Geraniaceae,Geranium,sessiliflorum
Geraniaceae,Geranium,shikokianum
Geraniaceae,Geranium,sinense
Geraniaceae,Geranium,soboliferum
Geraniaceae,Geranium,sp.
Geraniaceae,Geranium,subcaulescens
Geraniaceae,Geranium,swatense
Geraniaceae,Geranium,sylvaticum
Geraniaceae,Geranium,thunbergii
Geraniaceae,Geranium,traversii
Geraniaceae,Geranium,tuberosum
Geraniaceae,Geranium,viscosissimum
Geraniaceae,Geranium,wallichianum
Geraniaceae,Geranium,yoshinoi
Geraniaceae,Geranium,×
Geraniaceae,Geranium,× cantabrigiense
Geraniaceae,Geranium,× magnificum
Geraniaceae,Geranium,× monacense
Geraniaceae,Geranium,× oxonianum
Geraniaceae,Geranium,× riversleaianum
Geraniaceae,Pelargonium,alchemilloides
Geraniaceae,Pelargonium,capitatum
Geraniaceae,Pelargonium,denticulatum
Geraniaceae,Pelargonium,endlicheranum
Geraniaceae,Pelargonium,endlicherianum
Geraniaceae,Pelargonium,graveolens × radens
Geraniaceae,Pelargonium,maculatum
Geraniaceae,Pelargonium,sidoides
Geraniaceae,Pelargonium,transvaalense
Gesneriaceae,Aeschynanthus,parviflorus
Gesneriaceae,Asteranthera,ovata
Gesneriaceae,Briggsia,aurantiaca
Gesneriaceae,Briggsia,muscicola
Gesneriaceae,Briggsia,×
Gesneriaceae,Chirita,lavandulacea
Gesneriaceae,Chirita,primuloides
Gesneriaceae,Chirita,sp.
Gesneriaceae,Conandron,ramondioides
Gesneriaceae,Corallodiscus,(CLD.0585)
Gesneriaceae,Corallodiscus,(SICH.1374A)
Gesneriaceae,Corallodiscus,bullatus
Gesneriaceae,Corallodiscus,flabellata
Gesneriaceae,Corallodiscus,lanuginosus
Gesneriaceae,Haberlea,rhodopensis
Gesneriaceae,Hemiboea,subcapitata
Gesneriaceae,Indet Gesneriaceae,
Gesneriaceae,Lysionotus,ikedae
Gesneriaceae,Lysionotus,montanus
Gesneriaceae,Lysionotus,pauciflorus
Gesneriaceae,Lysionotus,serratus
Gesneriaceae,Lysionotus,sp.
Gesneriaceae,Lysionotus,warleyensis
Gesneriaceae,Mitraria,coccinea
Gesneriaceae,Opithandra,primuloides
Gesneriaceae,Petrocosmea,flaccida
Gesneriaceae,Petrocosmea,kerrii
Gesneriaceae,Petrocosmea,nervosa
Gesneriaceae,Petrocosmea,parryorum
Gesneriaceae,Ramonda,heldreichii
Gesneriaceae,Ramonda,myconi
Gesneriaceae,Ramonda,nathaliae
Gesneriaceae,Ramonda,serbica
Gesneriaceae,Ramonda,sp.
Gesneriaceae,Raphiocarpus,petelotii
Gesneriaceae,Rhabdothamnus,solandri
Gesneriaceae,Rhynchotechum,parviflorum
Gesneriaceae,Sarmienta,repens
Gesneriaceae,Titanotrichum,oldhamii
Gesneriaceae,× Jankaemonda,vandedemii
Ginkgoaceae,Ginkgo,biloba
Goodeniaceae,Goodenia,pinnatifida
Goodeniaceae,Goodenia,scapigera
Goodeniaceae,Scaevola,hookeri
Grimmiaceae,Grimmia,pulvinata
Grimmiaceae,Grimmia,trichophylla
Grimmiaceae,Racomitrium,elongatum
Grimmiaceae,Racomitrium,heterostichum
Grimmiaceae,Racomitrium,varium
Grimmiaceae,Schistidium,papillosum
Griseliniaceae,Griselinia,littoralis
Griseliniaceae,Griselinia,racemosa
Grossulariaceae,Ribes,
Grossulariaceae,Ribes,acerifolium
Grossulariaceae,Ribes,alpinum
Grossulariaceae,Ribes,americanum
Grossulariaceae,Ribes,aureum
Grossulariaceae,Ribes,bracteosum
Grossulariaceae,Ribes,cereum
Grossulariaceae,Ribes,cucullatum
Grossulariaceae,Ribes,davidii
Grossulariaceae,Ribes,divaricatum
Grossulariaceae,Ribes,fasciculatum
Grossulariaceae,Ribes,glandulosum
Grossulariaceae,Ribes,hirtellum
Grossulariaceae,Ribes,hudsonianum
Grossulariaceae,Ribes,inerme
Grossulariaceae,Ribes,lacustre
Grossulariaceae,Ribes,laurifolium
Grossulariaceae,Ribes,laxiflorum
Grossulariaceae,Ribes,lobbii
Grossulariaceae,Ribes,longeracemosum
Grossulariaceae,Ribes,luridum
Grossulariaceae,Ribes,magellanicum
Grossulariaceae,Ribes,oxyacanthoides
Grossulariaceae,Ribes,petraeum
Grossulariaceae,Ribes,roezlii
Grossulariaceae,Ribes,rubrum
Grossulariaceae,Ribes,sanguineum
Grossulariaceae,Ribes,sp.
Grossulariaceae,Ribes,speciosum
Grossulariaceae,Ribes,triste
Grossulariaceae,Ribes,uva-crispa
Grossulariaceae,Ribes,uva-ursi
Grossulariaceae,Ribes,viburnifolium
Grossulariaceae,Ribes,viscosissimum
Gunneraceae,Gunnera,flavida
Gunneraceae,Gunnera,magellanica
Gunneraceae,Gunnera,monoica
Gunneraceae,Gunnera,perpensa
Gunneraceae,Gunnera,prorepens
Gunneraceae,Gunnera,sp.
Gunneraceae,Gunnera,tinctoria
Haemodoraceae,Anigozanthos,manglesii
Haemodoraceae,Anigozanthos,preissii
Haemodoraceae,Wachendorfia,paniculata
Haemodoraceae,Wachendorfia,thyrsiflora
Haloragaceae,Myriophyllum,sibiricum
Hamamelidaceae,Corylopsis,glandulifera
Hamamelidaceae,Corylopsis,gotoana
Hamamelidaceae,Corylopsis,pauciflora
Hamamelidaceae,Corylopsis,sinensis
Hamamelidaceae,Corylopsis,sp.
Hamamelidaceae,Corylopsis,spicata
Hamamelidaceae,Corylopsis,stelligera
Hamamelidaceae,Corylopsis,willmottiae
Hamamelidaceae,Disanthus,cercidifolius
Hamamelidaceae,Disanthus,ovatifolius
Hamamelidaceae,Distylium,myricoides
Hamamelidaceae,Distylium,racemosum
Hamamelidaceae,Exbucklandia,tonkinensis
Hamamelidaceae,Fortunearia,sinensis
Hamamelidaceae,Fothergilla,
Hamamelidaceae,Fothergilla,major
Hamamelidaceae,Hamamelis,japonica
Hamamelidaceae,Hamamelis,mollis
Hamamelidaceae,Hamamelis,sp.
Hamamelidaceae,Hamamelis,vernalis
Hamamelidaceae,Hamamelis,virginiana
Hamamelidaceae,Hamamelis,× intermedia
Hamamelidaceae,Loropetalum,chinense
Hamamelidaceae,Parrotia,persica
Hamamelidaceae,Parrotia,subaequalis
Hamamelidaceae,Parrotiopsis,jacquemontiana
Hamamelidaceae,Rhodoleia,championii
Hamamelidaceae,Rhodoleia,parvipetala
Hamamelidaceae,Sinowilsonia,henryi
Hamamelidaceae,Sycopsis,sinensis
Hedwigiaceae,Hedwigia,stellata
Heliotropiaceae,Heliotropium,arborescens
Heliotropiaceae,Heliotropium,curassavicum
Helwingiaceae,Helwingia,chinensis
Helwingiaceae,Helwingia,himalaica
Helwingiaceae,Helwingia,japonica
Helwingiaceae,Helwingia,omeiensis
Helwingiaceae,Helwingia,sp.
Hydrangeaceae,Carpenteria,californica
Hydrangeaceae,Deutzia,
Hydrangeaceae,Deutzia,calycosa
Hydrangeaceae,Deutzia,compacta
Hydrangeaceae,Deutzia,corymbosa
Hydrangeaceae,Deutzia,crenata
Hydrangeaceae,Deutzia,discolor
Hydrangeaceae,Deutzia,glomeruliflora
Hydrangeaceae,Deutzia,gracilis
Hydrangeaceae,Deutzia,hookeriana
Hydrangeaceae,Deutzia,monbeigii
Hydrangeaceae,Deutzia,naseana
Hydrangeaceae,Deutzia,pulchra
Hydrangeaceae,Deutzia,purpurascens
Hydrangeaceae,Deutzia,rubens
Hydrangeaceae,Deutzia,scabra
Hydrangeaceae,Deutzia,schneiderana
Hydrangeaceae,Deutzia,schneideriana
Hydrangeaceae,Deutzia,setchuenensis
Hydrangeaceae,Deutzia,sp.
Hydrangeaceae,Hydrangea,
Hydrangeaceae,Hydrangea,alternifolia
Hydrangeaceae,Hydrangea,ampla
Hydrangeaceae,Hydrangea,anomala
Hydrangeaceae,Hydrangea,arborescens
Hydrangeaceae,Hydrangea,aspera
Hydrangeaceae,Hydrangea,barbara
Hydrangeaceae,Hydrangea,bifida
Hydrangeaceae,Hydrangea,caerulea
Hydrangeaceae,Hydrangea,chinensis
Hydrangeaceae,Hydrangea,cinerea
Hydrangeaceae,Hydrangea,fauriei
Hydrangeaceae,Hydrangea,febrifuga
Hydrangeaceae,Hydrangea,glaucescens
Hydrangeaceae,Hydrangea,heteromalla
Hydrangeaceae,Hydrangea,hirsuta
Hydrangeaceae,Hydrangea,hirta
Hydrangeaceae,Hydrangea,hydrangeoides
Hydrangeaceae,Hydrangea,indochinensis
Hydrangeaceae,Hydrangea,integrifolia
Hydrangeaceae,Hydrangea,involucrata
Hydrangeaceae,Hydrangea,kwangsiensis
Hydrangeaceae,Hydrangea,longipes
Hydrangeaceae,Hydrangea,macrophylla
Hydrangeaceae,Hydrangea,paniculata
Hydrangeaceae,Hydrangea,petiolaris
Hydrangeaceae,Hydrangea,platyarguta
Hydrangeaceae,Hydrangea,quercifolia
Hydrangeaceae,Hydrangea,radiata
Hydrangeaceae,Hydrangea,robusta
Hydrangeaceae,Hydrangea,sargentiana
Hydrangeaceae,Hydrangea,scandens
Hydrangeaceae,Hydrangea,schizomollis
Hydrangeaceae,Hydrangea,seemannii
Hydrangeaceae,Hydrangea,serrata
Hydrangeaceae,Hydrangea,serratifolia
Hydrangeaceae,Hydrangea,sikokiana
Hydrangeaceae,Hydrangea,sp.
Hydrangeaceae,Hydrangea,strigosa
Hydrangeaceae,Hydrangea,viburnoides
Hydrangeaceae,Hydrangea,xanthoneura
Hydrangeaceae,Jamesia,americana
Hydrangeaceae,Kirengeshoma,koreana
Hydrangeaceae,Kirengeshoma,palmata
Hydrangeaceae,Philadelphus,
Hydrangeaceae,Philadelphus,(CLD.0413)
Hydrangeaceae,Philadelphus,brachybotrys
Hydrangeaceae,Philadelphus,calvescens
Hydrangeaceae,Philadelphus,delavayi
Hydrangeaceae,Philadelphus,henryi
Hydrangeaceae,Philadelphus,hirsutus
Hydrangeaceae,Philadelphus,incanus
Hydrangeaceae,Philadelphus,lewisii
Hydrangeaceae,Philadelphus,microphyllus
Hydrangeaceae,Philadelphus,purpurascens
Hydrangeaceae,Philadelphus,satsumi
Hydrangeaceae,Philadelphus,schrenkii
Hydrangeaceae,Philadelphus,sericanthus
Hydrangeaceae,Philadelphus,sp.
Hydrangeaceae,Philadelphus,subcanus
Hydrangeaceae,Whipplea,modesta
Hydrocharitaceae,Elodea,canadensis
Hydrophyllaceae,Draperia,systyla
Hydrophyllaceae,Hesperochiron,californicus
Hydrophyllaceae,Hesperochiron,pumilus
Hydrophyllaceae,Hydrophyllum,canadense
Hydrophyllaceae,Hydrophyllum,capitatum
Hydrophyllaceae,Hydrophyllum,fendleri
Hydrophyllaceae,Hydrophyllum,tenuipes
Hydrophyllaceae,Hydrophyllum,virginianum
Hydrophyllaceae,Nemophila,breviflora
Hydrophyllaceae,Nemophila,maculata
Hydrophyllaceae,Nemophila,menziesii
Hydrophyllaceae,Phacelia,argentea
Hydrophyllaceae,Phacelia,bolanderi
Hydrophyllaceae,Phacelia,campanularia
Hydrophyllaceae,Phacelia,constancei
Hydrophyllaceae,Phacelia,franklinii
Hydrophyllaceae,Phacelia,hastata
Hydrophyllaceae,Phacelia,heterophylla
Hydrophyllaceae,Phacelia,linearis
Hydrophyllaceae,Phacelia,palmeri
Hydrophyllaceae,Phacelia,sericea
Hydrophyllaceae,Phacelia,sp.
Hydrophyllaceae,Phacelia,tanacetifolia
Hydrophyllaceae,Romanzoffia,sitchensis
Hydrophyllaceae,Romanzoffia,suksdorfii
Hydrophyllaceae,Romanzoffia,tracyi
Hydrophyllaceae,Romanzoffia,unalaschensis
Hylocomiaceae,Rhytidiadelphus,loreus
Hylocomiaceae,Rhytidiadelphus,squarrosus
Hypericaceae,Hypericum,
Hypericaceae,Hypericum,acmosepalum
Hypericaceae,Hypericum,aegypticum
Hypericaceae,Hypericum,anagalloides
Hypericaceae,Hypericum,androsaemum
Hypericaceae,Hypericum,balearicum
Hypericaceae,Hypericum,beanii
Hypericaceae,Hypericum,bellum
Hypericaceae,Hypericum,buckleyi
Hypericaceae,Hypericum,calycinum
Hypericaceae,Hypericum,cchh.8189
Hypericaceae,Hypericum,cerastioides
Hypericaceae,Hypericum,choisianum
Hypericaceae,Hypericum,coris
Hypericaceae,Hypericum,densiflorum
Hypericaceae,Hypericum,empetrifolium
Hypericaceae,Hypericum,erectum
Hypericaceae,Hypericum,forrestii
Hypericaceae,Hypericum,frondosum
Hypericaceae,Hypericum,haplophylloides
Hypericaceae,Hypericum,henryi
Hypericaceae,Hypericum,hircinum
Hypericaceae,Hypericum,hirsutum
Hypericaceae,Hypericum,kalmianum
Hypericaceae,Hypericum,kelleri
Hypericaceae,Hypericum,kouytchense
Hypericaceae,Hypericum,lagarocladum
Hypericaceae,Hypericum,lancasteri
Hypericaceae,Hypericum,latisepalum
Hypericaceae,Hypericum,linarioides
Hypericaceae,Hypericum,maclarenii
Hypericaceae,Hypericum,majus
Hypericaceae,Hypericum,olympicum
Hypericaceae,Hypericum,orientale
Hypericaceae,Hypericum,patulum
Hypericaceae,Hypericum,perforatum
Hypericaceae,Hypericum,polyphyllum
Hypericaceae,Hypericum,reptans
Hypericaceae,Hypericum,revolutum
Hypericaceae,Hypericum,rhodopaeum
Hypericaceae,Hypericum,scouleri
Hypericaceae,Hypericum,sp.
Hypericaceae,Hypericum,tenuicaule
Hypericaceae,Hypericum,tetrapterum
Hypericaceae,Hypericum,tomentosum
Hypericaceae,Hypericum,uralum
Hypericaceae,Hypericum,yakusimense
Hypericaceae,Hypericum,× dummeri
Hypnaceae,Hypnum,circinale
Hypnaceae,Hypnum,cupressiforme
Hypnaceae,Hypnum,subimponens
Hypoxidaceae,Curculigo,crassifolia
Hypoxidaceae,Hypoxis,hemerocallidea
Hypoxidaceae,Hypoxis,hirsuta
Hypoxidaceae,Hypoxis,hygrometrica
Hypoxidaceae,Rhodohypoxis,
Hypoxidaceae,Rhodohypoxis,baurii
Hypoxidaceae,Rhodohypoxis,sp.
Iridaceae,Antholyza,paniculata
Iridaceae,Antholyza,quadrangularis
Iridaceae,Aristea,abyssinica
Iridaceae,Aristea,africana
Iridaceae,Aristea,angolensis
Iridaceae,Aristea,bakeri
Iridaceae,Aristea,capitata
Iridaceae,Aristea,ecklonii
Iridaceae,Aristea,ensifolia
Iridaceae,Aristea,juncifolia
Iridaceae,Aristea,major
Iridaceae,Aristea,woodii
Iridaceae,Babiana,ambigua
Iridaceae,Babiana,curviscapa
Iridaceae,Babiana,disticha
Iridaceae,Babiana,framesii
Iridaceae,Babiana,plicata
Iridaceae,Babiana,pulchra
Iridaceae,Babiana,ringens
Iridaceae,Babiana,rubrocyanea
Iridaceae,Babiana,sp.nova
Iridaceae,Babiana,tubulosa
Iridaceae,Babiana,villosa
Iridaceae,Bulbocodium,pyrenaicum
Iridaceae,Bulbocodium,vernum
Iridaceae,Calydorea,bulbosa
Iridaceae,Calydorea,speciosa
Iridaceae,Calydorea,xiphioides
Iridaceae,Chasmanthe,floribunda
Iridaceae,Crocosmia,
Iridaceae,Crocosmia,aurea
Iridaceae,Crocosmia,masoniorum
Iridaceae,Crocosmia,pottsii
Iridaceae,Crocosmia,sp.
Iridaceae,Crocosmia,×
Iridaceae,Crocosmia,× crocosmiiflora
Iridaceae,Crocus,
Iridaceae,Crocus,abantensis
Iridaceae,Crocus,adamii
Iridaceae,Crocus,adanensis
Iridaceae,Crocus,aerius
Iridaceae,Crocus,alatavicus
Iridaceae,Crocus,albiflorus
Iridaceae,Crocus,alexandri
Iridaceae,Crocus,ancyrensis
Iridaceae,Crocus,angustifolius
Iridaceae,Crocus,asumaniae
Iridaceae,Crocus,aureus
Iridaceae,Crocus,autranii
Iridaceae,Crocus,autumnalis
Iridaceae,Crocus,banaticus
Iridaceae,Crocus,baytopiorum
Iridaceae,Crocus,biflorus
Iridaceae,Crocus,bornmuelleri
Iridaceae,Crocus,boryi
Iridaceae,Crocus,cancellatus
Iridaceae,Crocus,caspius
Iridaceae,Crocus,chrysanthus
Iridaceae,Crocus,dalmaticus
Iridaceae,Crocus,etruscus
Iridaceae,Crocus,flavus
Iridaceae,Crocus,gargaricus
Iridaceae,Crocus,goulimyi
Iridaceae,Crocus,haussknechtii
Iridaceae,Crocus,imperati
Iridaceae,Crocus,iridiflorus
Iridaceae,Crocus,karduchorum
Iridaceae,Crocus,korolkowii
Iridaceae,Crocus,kosaninii
Iridaceae,Crocus,kotschyanus
Iridaceae,Crocus,laevigatus
Iridaceae,Crocus,mathewii
Iridaceae,Crocus,mazziaricus
Iridaceae,Crocus,medius
Iridaceae,Crocus,michelsonii
Iridaceae,Crocus,minimus
Iridaceae,Crocus,nevadensis
Iridaceae,Crocus,nudiflorus
Iridaceae,Crocus,ochroleucus
Iridaceae,Crocus,olivieri
Iridaceae,Crocus,oreocreticus
Iridaceae,Crocus,pallasii
Iridaceae,Crocus,pestalozzae
Iridaceae,Crocus,pulchellus
Iridaceae,Crocus,reticulatus
Iridaceae,Crocus,rujanensis
Iridaceae,Crocus,sativus
Iridaceae,Crocus,scepusiensis
Iridaceae,Crocus,scharojanii
Iridaceae,Crocus,serotinus
Iridaceae,Crocus,sieberi
Iridaceae,Crocus,sp.
Iridaceae,Crocus,speciosus
Iridaceae,Crocus,tommasinianus
Iridaceae,Crocus,tournefortii
Iridaceae,Crocus,vallicola
Iridaceae,Crocus,veluchensis
Iridaceae,Crocus,vernus
Iridaceae,Crocus,versicolor
Iridaceae,Crocus,xantholaimos
Iridaceae,Crocus,× leonidii
Iridaceae,Cypella,coelestis
Iridaceae,Cypella,herbertii
Iridaceae,Dierama,
Iridaceae,Dierama,argyreum
Iridaceae,Dierama,cupuliflorum
Iridaceae,Dierama,dracomontanum
Iridaceae,Dierama,erectum
Iridaceae,Dierama,formosum
Iridaceae,Dierama,galpinii
Iridaceae,Dierama,grandiflorum
Iridaceae,Dierama,hybrid
Iridaceae,Dierama,igneum
Iridaceae,Dierama,jucundum
Iridaceae,Dierama,latifolium
Iridaceae,Dierama,luteoalbidum
Iridaceae,Dierama,mossii
Iridaceae,Dierama,pallidum
Iridaceae,Dierama,pauciflorum
Iridaceae,Dierama,pendulum
Iridaceae,Dierama,pulcherrimum
Iridaceae,Dierama,reynoldsii
Iridaceae,Dierama,sp.
Iridaceae,Dierama,trichorhizum
Iridaceae,Dierama,tyrium
Iridaceae,Dietes,grandiflora
Iridaceae,Dietes,iridioides
Iridaceae,Dietes,vegeta
Iridaceae,Diplarrena,latifolia
Iridaceae,Diplarrena,moraea
Iridaceae,Ferraria,
Iridaceae,Ferraria,crispa
Iridaceae,Ferraria,undulata
Iridaceae,Freesia,laxa
Iridaceae,Freesia,viridis
Iridaceae,Geissorhiza,corrugata
Iridaceae,Geissorhiza,darlingensis
Iridaceae,Geissorhiza,imbricata
Iridaceae,Geissorhiza,radians
Iridaceae,Geissorhiza,rochensis
Iridaceae,Geissorhiza,splendidissima
Iridaceae,Gelasine,coerulea
Iridaceae,Gelasine,elongata
Iridaceae,Gladiolus,
Iridaceae,Gladiolus,abbreviatus
Iridaceae,Gladiolus,alatus
Iridaceae,Gladiolus,atroviolaceus
Iridaceae,Gladiolus,brevifolius
Iridaceae,Gladiolus,cardinalis
Iridaceae,Gladiolus,carinatus
Iridaceae,Gladiolus,carmineus
Iridaceae,Gladiolus,carneus
Iridaceae,Gladiolus,caucasicus
Iridaceae,Gladiolus,communis
Iridaceae,Gladiolus,crassifolius
Iridaceae,Gladiolus,cunonius
Iridaceae,Gladiolus,dalenii
Iridaceae,Gladiolus,ecklonii
Iridaceae,Gladiolus,flanaganii
Iridaceae,Gladiolus,floribundus
Iridaceae,Gladiolus,gracilis
Iridaceae,Gladiolus,hirsutus
Iridaceae,Gladiolus,hybrid
Iridaceae,Gladiolus,illyricus
Iridaceae,Gladiolus,imbricatus
Iridaceae,Gladiolus,italicus
Iridaceae,Gladiolus,kotschyanus
Iridaceae,Gladiolus,lilaceus
Iridaceae,Gladiolus,liliaceus
Iridaceae,Gladiolus,murielae
Iridaceae,Gladiolus,ochroleucus
Iridaceae,Gladiolus,oppositiflorus
Iridaceae,Gladiolus,orchidiflorus
Iridaceae,Gladiolus,palustris
Iridaceae,Gladiolus,papilio
Iridaceae,Gladiolus,pappei
Iridaceae,Gladiolus,permeabilis
Iridaceae,Gladiolus,psittacinus
Iridaceae,Gladiolus,saundersii
Iridaceae,Gladiolus,scullyi
Iridaceae,Gladiolus,segetum
Iridaceae,Gladiolus,sp.
Iridaceae,Gladiolus,teretifolius
Iridaceae,Gladiolus,tristis
Iridaceae,Gladiolus,watsonioides
Iridaceae,Gladiolus,wilsonii
Iridaceae,Gladiolus,× colvillei
Iridaceae,Gladiolus,× tubergenii
Iridaceae,Herbertia,lahue
Iridaceae,Herbertia,platensis
Iridaceae,Hesperantha,baurii
Iridaceae,Hesperantha,buhrii
Iridaceae,Hesperantha,coccinea
Iridaceae,Hesperantha,grandiflora
Iridaceae,Hesperantha,huttonii
Iridaceae,Hesperantha,longituba
Iridaceae,Hesperantha,pauciflora
Iridaceae,Indet Iridaceae,
Iridaceae,Iris,
Iridaceae,Iris,acutiloba
Iridaceae,Iris,aitchisonii
Iridaceae,Iris,albomarginata
Iridaceae,Iris,aphylla
Iridaceae,Iris,atropurpurea
Iridaceae,Iris,aucheri
Iridaceae,Iris,babadagica
Iridaceae,Iris,bakeriana
Iridaceae,Iris,barnumiae
Iridaceae,Iris,bismarckiana
Iridaceae,Iris,bracteata
Iridaceae,Iris,bucharica
Iridaceae,Iris,bulleyana
Iridaceae,Iris,chamaeiris
Iridaceae,Iris,chrysographes
Iridaceae,Iris,chrysophylla
Iridaceae,Iris,clarkei
Iridaceae,Iris,clusii
Iridaceae,Iris,collettii
Iridaceae,Iris,confusa
Iridaceae,Iris,cristata
Iridaceae,Iris,cycloglossa
Iridaceae,Iris,danfordiae
Iridaceae,Iris,darwasica
Iridaceae,Iris,decora
Iridaceae,Iris,delavayi
Iridaceae,Iris,demetisi
Iridaceae,Iris,dolichosiphon
Iridaceae,Iris,domestica
Iridaceae,Iris,douglasiana
Iridaceae,Iris,dykesii
Iridaceae,Iris,ensata
Iridaceae,Iris,falcifolia
Iridaceae,Iris,fernaldii
Iridaceae,Iris,filifolia
Iridaceae,Iris,foetidissima
Iridaceae,Iris,forrestii
Iridaceae,Iris,fosteriana
Iridaceae,Iris,fulva
Iridaceae,Iris,gatesii
Iridaceae,Iris,gracilipes
Iridaceae,Iris,graminea
Iridaceae,Iris,hartwegii
Iridaceae,Iris,haynei
Iridaceae,Iris,henryi
Iridaceae,Iris,histrio
Iridaceae,Iris,histrioides
Iridaceae,Iris,hoogiana
Iridaceae,Iris,hookeri
Iridaceae,Iris,hybrid
Iridaceae,Iris,iberica
Iridaceae,Iris,imbricata
Iridaceae,Iris,innominata
Iridaceae,Iris,japonica
Iridaceae,Iris,juncea
Iridaceae,Iris,kemaonensis
Iridaceae,Iris,kerneriana
Iridaceae,Iris,kolpakowskiana
Iridaceae,Iris,koreana
Iridaceae,Iris,lactea
Iridaceae,Iris,lacustris
Iridaceae,Iris,laevigata
Iridaceae,Iris,latifolia
Iridaceae,Iris,lazica
Iridaceae,Iris,lineata
Iridaceae,Iris,longipetala
Iridaceae,Iris,lortetii
Iridaceae,Iris,lutescens
Iridaceae,Iris,macrosiphon
Iridaceae,Iris,magnifica
Iridaceae,Iris,mandshurica
Iridaceae,Iris,meda
Iridaceae,Iris,mellita
Iridaceae,Iris,milesii
Iridaceae,Iris,minutoaurea
Iridaceae,Iris,missouriensis
Iridaceae,Iris,munzii
Iridaceae,Iris,nusairiensis
Iridaceae,Iris,ochroleuca
Iridaceae,Iris,orientalis
Iridaceae,Iris,pallasii
Iridaceae,Iris,pallida
Iridaceae,Iris,pamphylica
Iridaceae,Iris,paradoxa
Iridaceae,Iris,planifolia
Iridaceae,Iris,polakii
Iridaceae,Iris,potaninii
Iridaceae,Iris,prismatica
Iridaceae,Iris,pseudacorus
Iridaceae,Iris,pseudocaucasica
Iridaceae,Iris,pumila
Iridaceae,Iris,purdyi
Iridaceae,Iris,reichenbachii
Iridaceae,Iris,reticulata
Iridaceae,Iris,sanguinea
Iridaceae,Iris,sari
Iridaceae,Iris,schachtii
Iridaceae,Iris,setosa
Iridaceae,Iris,sibirica
Iridaceae,Iris,sindjarensis
Iridaceae,Iris,sintenisii
Iridaceae,Iris,sp.
Iridaceae,Iris,spuria
Iridaceae,Iris,stolonifera
Iridaceae,Iris,suaveolens
Iridaceae,Iris,subbiflora
Iridaceae,Iris,taochia
Iridaceae,Iris,taurica
Iridaceae,Iris,tectorum
Iridaceae,Iris,tenax
Iridaceae,Iris,tenuis
Iridaceae,Iris,tenuissima
Iridaceae,Iris,thompsonii
Iridaceae,Iris,tianschanica
Iridaceae,Iris,timofejewii
Iridaceae,Iris,tuberosa
Iridaceae,Iris,typhifolia
Iridaceae,Iris,unguicularis
Iridaceae,Iris,uniflora
Iridaceae,Iris,urumovii
Iridaceae,Iris,vartanii
Iridaceae,Iris,verna
Iridaceae,Iris,versata
Iridaceae,Iris,versicolor
Iridaceae,Iris,vicaria
Iridaceae,Iris,wattii
Iridaceae,Iris,wilsonii
Iridaceae,Iris,winogradowii
Iridaceae,Iris,xiphioides
Iridaceae,Iris,xiphium
Iridaceae,Iris,× germanica
Iridaceae,Iris,× hollandica
Iridaceae,Iris,× norrisii
Iridaceae,Iris,× reticulata
Iridaceae,Iris,× robusta
Iridaceae,Iris,× sibirica
Iridaceae,Ixia,
Iridaceae,Ixia,conferta
Iridaceae,Ixia,flexuosa
Iridaceae,Ixia,hybrid
Iridaceae,Ixia,maculata
Iridaceae,Ixia,pumilio
Iridaceae,Ixia,×
Iridaceae,Juno,bucharica
Iridaceae,Lapeirousia,anceps
Iridaceae,Lapeirousia,cruenta
Iridaceae,Lapeirousia,falcata
Iridaceae,Lapeirousia,jacquinii
Iridaceae,Lapeirousia,juncea
Iridaceae,Lapeirousia,laxa
Iridaceae,Lapeirousia,speciosa
Iridaceae,Libertia,(BH.0413)
Iridaceae,Libertia,chilensis
Iridaceae,Libertia,formosa
Iridaceae,Libertia,grandiflora
Iridaceae,Libertia,ixioides
Iridaceae,Libertia,peregrinans
Iridaceae,Libertia,pulchella
Iridaceae,Libertia,sessiliflora
Iridaceae,Melasphaerula,ramosa
Iridaceae,Micranthus,plantagineus
Iridaceae,Moraea,
Iridaceae,Moraea,alpina
Iridaceae,Moraea,alticola
Iridaceae,Moraea,atropunctata
Iridaceae,Moraea,ciliata
Iridaceae,Moraea,citrina
Iridaceae,Moraea,collina
Iridaceae,Moraea,dracomontana
Iridaceae,Moraea,elliottii
Iridaceae,Moraea,fergusoniae
Iridaceae,Moraea,fugax
Iridaceae,Moraea,huttonii
Iridaceae,Moraea,iridioides
Iridaceae,Moraea,longifolia
Iridaceae,Moraea,loubseri
Iridaceae,Moraea,lurida
Iridaceae,Moraea,muddii
Iridaceae,Moraea,natalensis
Iridaceae,Moraea,ochroleuca
Iridaceae,Moraea,polystachya
Iridaceae,Moraea,robusta
Iridaceae,Moraea,setifolia
Iridaceae,Moraea,sisyrinchium
Iridaceae,Moraea,spathulata
Iridaceae,Moraea,speciosa
Iridaceae,Moraea,stricta
Iridaceae,Moraea,tricolor
Iridaceae,Moraea,tripetala
Iridaceae,Moraea,villosa
Iridaceae,Moraea,viscaria
Iridaceae,Olsynium,biflorum
Iridaceae,Olsynium,douglasii
Iridaceae,Olsynium,filifolium
Iridaceae,Olsynium,junceum
Iridaceae,Olsynium,scirpoideum
Iridaceae,Orthrosanthus,chimboracensis
Iridaceae,Orthrosanthus,laxus
Iridaceae,Orthrosanthus,multiflorus
Iridaceae,Pardanthopsis,dichotoma
Iridaceae,Patersonia,drummondii
Iridaceae,Patersonia,longiscapa
Iridaceae,Patersonia,occidentalis
Iridaceae,Phalocallis,coelestis
Iridaceae,Rigidella,flammea
Iridaceae,Romulea,(JCA.0255)
Iridaceae,Romulea,alba
Iridaceae,Romulea,amoena
Iridaceae,Romulea,bulbocodium
Iridaceae,Romulea,camerooniana
Iridaceae,Romulea,columnae
Iridaceae,Romulea,flava
Iridaceae,Romulea,linaresii
Iridaceae,Romulea,macowanii
Iridaceae,Romulea,phoenicia
Iridaceae,Romulea,ramiflora
Iridaceae,Romulea,rosea
Iridaceae,Romulea,sabulosa
Iridaceae,Romulea,tempskyana
Iridaceae,Sisyrinchium,
Iridaceae,Sisyrinchium,(P&W.6031)
Iridaceae,Sisyrinchium,(W.0019)
Iridaceae,Sisyrinchium,angustifolium
Iridaceae,Sisyrinchium,arenarium
Iridaceae,Sisyrinchium,bellum
Iridaceae,Sisyrinchium,californicum
Iridaceae,Sisyrinchium,commutatum
Iridaceae,Sisyrinchium,convolutum
Iridaceae,Sisyrinchium,demissum
Iridaceae,Sisyrinchium,douglasii
Iridaceae,Sisyrinchium,graminifolium
Iridaceae,Sisyrinchium,idahoense
Iridaceae,Sisyrinchium,inflatum
Iridaceae,Sisyrinchium,iridifolium
Iridaceae,Sisyrinchium,junceum
Iridaceae,Sisyrinchium,littorale
Iridaceae,Sisyrinchium,macrocarpum
Iridaceae,Sisyrinchium,montanum
Iridaceae,Sisyrinchium,pachyrhizum
Iridaceae,Sisyrinchium,palmifolium
Iridaceae,Sisyrinchium,patagonicum
Iridaceae,Sisyrinchium,pearcei
Iridaceae,Sisyrinchium,striatum
Iridaceae,Sisyrinchium,tenuifolium
Iridaceae,Solenomelus,pedunculatus
Iridaceae,Solenomelus,segethii
Iridaceae,Sparaxis,bulbifera
Iridaceae,Sparaxis,elegans
Iridaceae,Sparaxis,metelerkampiae
Iridaceae,Sparaxis,parviflora
Iridaceae,Sparaxis,sp.
Iridaceae,Sparaxis,tricolor
Iridaceae,Syringodea,
Iridaceae,Syringodea,speciosa
Iridaceae,Tigridia,chiapensis
Iridaceae,Tigridia,durangensis
Iridaceae,Tigridia,orthantha
Iridaceae,Tigridia,pavonia
Iridaceae,Tigridia,philippiana
Iridaceae,Tigridia,vanhouttei
Iridaceae,Tritonia,cooperi
Iridaceae,Tritonia,crocata
Iridaceae,Tritonia,disticha
Iridaceae,Tritonia,scillaris
Iridaceae,Tritonia,securigera
Iridaceae,Tritoniopsis,lata
Iridaceae,Watsonia,
Iridaceae,Watsonia,aletroides
Iridaceae,Watsonia,amatolae
Iridaceae,Watsonia,borbonica
Iridaceae,Watsonia,confusa
Iridaceae,Watsonia,densiflora
Iridaceae,Watsonia,fourcadei
Iridaceae,Watsonia,gladioloides
Iridaceae,Watsonia,humilis
Iridaceae,Watsonia,laccata
Iridaceae,Watsonia,latifolia
Iridaceae,Watsonia,lepida
Iridaceae,Watsonia,longifolia
Iridaceae,Watsonia,meriana
Iridaceae,Watsonia,pillansii
Iridaceae,Watsonia,pulchra
Iridaceae,Watsonia,schlechteri
Iridaceae,Watsonia,tabularis
Iridaceae,Watsonia,vanderspuyiae
Iridaceae,Watsonia,wilmaniae
Isoetaceae,Isoetes,minima
Isoetaceae,Isoetes,nuttallii
Iteaceae,Itea,ilicifolia
Iteaceae,Itea,japonica
Iteaceae,Itea,virginica
Ixioliriaceae,Ixiolirion,karateginum
Ixioliriaceae,Ixiolirion,ledebourii
Ixioliriaceae,Ixiolirion,montanum
Ixioliriaceae,Ixiolirion,pallasii
Ixioliriaceae,Ixiolirion,tataricum
Juglandaceae,Carya,aquatica
Juglandaceae,Carya,cordiformis
Juglandaceae,Carya,glabra
Juglandaceae,Carya,laciniosa
Juglandaceae,Carya,myristiciformis
Juglandaceae,Carya,ovata
Juglandaceae,Carya,texana
Juglandaceae,Carya,tomentosa
Juglandaceae,Engelhardia,roxburghiana
Juglandaceae,Engelhardia,spicata
Juglandaceae,Juglans,cathayensis
Juglandaceae,Juglans,cinerea
Juglandaceae,Juglans,mandshurica
Juglandaceae,Juglans,nigra
Juglandaceae,Juglans,regia
Juglandaceae,Juglans,sp.
Juglandaceae,Platycarya,strobilacea
Juglandaceae,Pterocarya,(insignis/delavayi)
Juglandaceae,Pterocarya,hupehensis
Juglandaceae,Pterocarya,macroptera
Juglandaceae,Pterocarya,rhoifolia
Juglandaceae,Rhoiptelea,chiliantha
Juncaceae,Juncus,acuminatus
Juncaceae,Juncus,alpinoarticulatus
Juncaceae,Juncus,bufonius
Juncaceae,Juncus,conglomeratus
Juncaceae,Juncus,drummondii
Juncaceae,Juncus,effusus
Juncaceae,Juncus,ensifolius
Juncaceae,Juncus,filiformis
Juncaceae,Juncus,mertensianus
Juncaceae,Juncus,nevadensis
Juncaceae,Juncus,nodosus
Juncaceae,Juncus,parryi
Juncaceae,Juncus,sp.
Juncaceae,Juncus,squarrosus
Juncaceae,Juncus,tenuis
Juncaceae,Juncus,triglumis
Juncaceae,Luzula,arcuata
Juncaceae,Luzula,banksiana
Juncaceae,Luzula,confusa
Juncaceae,Luzula,multiflora
Juncaceae,Luzula,nivea
Juncaceae,Luzula,parviflora
Juncaceae,Luzula,pumila
Juncaceae,Luzula,racemosa
Juncaceae,Luzula,rufa
Juncaceae,Luzula,spicata
Juncaceae,Luzula,sylvatica
Juncaceae,Luzula,ulophylla
Juncaceae,Luzula,wahlenbergii
Juncaceae,Patosia,clandestina
Juncaginaceae,Triglochin,concinnum
Juncaginaceae,Triglochin,maritimum
Lamiaceae,Acinos,corsicus
Lamiaceae,Agastache,
Lamiaceae,Agastache,aurantiaca
Lamiaceae,Agastache,barberi
Lamiaceae,Agastache,foeniculum
Lamiaceae,Agastache,nepetoides
Lamiaceae,Agastache,pringlei
Lamiaceae,Agastache,rugosa
Lamiaceae,Agastache,rupestris
Lamiaceae,Agastache,urticifolia
Lamiaceae,Ajuga,lupulina
Lamiaceae,Ajuga,pyramidalis
Lamiaceae,Ajuga,reptans
Lamiaceae,Ballota,acetabulosa
Lamiaceae,Ballota,pseudodictamnus
Lamiaceae,Ballota,×
Lamiaceae,Betonica,macrantha
Lamiaceae,Betonica,officinalis
Lamiaceae,Calamintha,sylvatica
Lamiaceae,Calamintha,tauricola
Lamiaceae,Callicarpa,americana
Lamiaceae,Callicarpa,bodinieri
Lamiaceae,Callicarpa,cathayana
Lamiaceae,Callicarpa,dichotoma
Lamiaceae,Callicarpa,japonica
Lamiaceae,Callicarpa,longifolia
Lamiaceae,Callicarpa,mollis
Lamiaceae,Callicarpa,rubella
Lamiaceae,Callicarpa,tosaensis
Lamiaceae,Callicarpa,× shirasawana
Lamiaceae,Caryopteris,incana
Lamiaceae,Caryopteris,× bungei
Lamiaceae,Caryopteris,× clandonensis
Lamiaceae,Cedronella,canariensis
Lamiaceae,Chelonopsis,forrestii
Lamiaceae,Clerodendrum,bracteatum
Lamiaceae,Clerodendrum,bungei
Lamiaceae,Clerodendrum,kaichianum
Lamiaceae,Clerodendrum,sp.
Lamiaceae,Clerodendrum,tomentosum
Lamiaceae,Clerodendrum,trichotomum
Lamiaceae,Clinopodium,alpinum
Lamiaceae,Clinopodium,creticum
Lamiaceae,Clinopodium,douglasii
Lamiaceae,Clinopodium,grandiflorum
Lamiaceae,Clinopodium,menthifolium
Lamiaceae,Clinopodium,nepeta
Lamiaceae,Clinopodium,thymifolium
Lamiaceae,Colquhounia,coccinea
Lamiaceae,Conradina,glabra
Lamiaceae,Conradina,verticillata
Lamiaceae,Dracocephalum,(vulgaris)
Lamiaceae,Dracocephalum,argunense
Lamiaceae,Dracocephalum,austriacum
Lamiaceae,Dracocephalum,bipinnatum
Lamiaceae,Dracocephalum,botryoides
Lamiaceae,Dracocephalum,bullatum
Lamiaceae,Dracocephalum,bungeanum
Lamiaceae,Dracocephalum,calophyllum
Lamiaceae,Dracocephalum,forrestii
Lamiaceae,Dracocephalum,fragile
Lamiaceae,Dracocephalum,grandiflorum
Lamiaceae,Dracocephalum,heterophyllum
Lamiaceae,Dracocephalum,imberbe
Lamiaceae,Dracocephalum,integrifolium
Lamiaceae,Dracocephalum,mairei
Lamiaceae,Dracocephalum,moldavica
Lamiaceae,Dracocephalum,nutans
Lamiaceae,Dracocephalum,officinale
Lamiaceae,Dracocephalum,palmatum
Lamiaceae,Dracocephalum,parviflorum
Lamiaceae,Dracocephalum,paulsenii
Lamiaceae,Dracocephalum,peregrinum
Lamiaceae,Dracocephalum,purdomii
Lamiaceae,Dracocephalum,renatii
Lamiaceae,Dracocephalum,ruprechtii
Lamiaceae,Dracocephalum,ruyschiana
Lamiaceae,Dracocephalum,ruyschianum
Lamiaceae,Dracocephalum,sp.
Lamiaceae,Dracocephalum,stamineum
Lamiaceae,Dracocephalum,wallichii
Lamiaceae,Dracocephalum,wendelboi
Lamiaceae,Elsholtzia,stauntonii
Lamiaceae,Eremostachys,speciosa
Lamiaceae,Eriophyton,wallichii
Lamiaceae,Galeopsis,tetrahit
Lamiaceae,Glechoma,hederacea
Lamiaceae,Hemizygia,canescens
Lamiaceae,Horminum,pyrenaicum
Lamiaceae,Hyssopus,officinalis
Lamiaceae,Hyssopus,seravschanicus
Lamiaceae,Hyssopus,sp.
Lamiaceae,Indet Lamiaceae,
Lamiaceae,Isodon,effusus
Lamiaceae,Isodon,umbrosus
Lamiaceae,Lallemantia,canescens
Lamiaceae,Lamium,(MAC&W.822514)
Lamiaceae,Lamium,amplexicaule
Lamiaceae,Lamium,armenum
Lamiaceae,Lamium,galeobdolon
Lamiaceae,Lamium,garganicum
Lamiaceae,Lamium,maculatum
Lamiaceae,Lamium,orvala
Lamiaceae,Lamium,purpureum
Lamiaceae,Lavandula,
Lamiaceae,Lavandula,angustifolia
Lamiaceae,Lavandula,lanata
Lamiaceae,Lavandula,latifolia
Lamiaceae,Lavandula,pedunculata
Lamiaceae,Lavandula,stoechas
Lamiaceae,Lavandula,stricta
Lamiaceae,Lavandula,viridis
Lamiaceae,Lavandula,× intermedia
Lamiaceae,Leonotis,leonurus
Lamiaceae,Leonotis,ocymifolia
Lamiaceae,Leonurus,cardiaca
Lamiaceae,Leonurus,macranthus
Lamiaceae,Lepechinia,hastata
Lamiaceae,Lepechinia,salviae
Lamiaceae,Lycopus,americanus
Lamiaceae,Lycopus,asper
Lamiaceae,Lycopus,europaeus
Lamiaceae,Lycopus,uniflorus
Lamiaceae,Marrubium,cylleneum
Lamiaceae,Marrubium,incanum
Lamiaceae,Marrubium,libanoticum
Lamiaceae,Marrubium,peregrinum
Lamiaceae,Marrubium,sp.
Lamiaceae,Marrubium,vulgare
Lamiaceae,Meehania,urticifolia
Lamiaceae,Melissa,officinalis
Lamiaceae,Mentha,aquatica
Lamiaceae,Mentha,arvensis
Lamiaceae,Mentha,pulegium
Lamiaceae,Mentha,requienii
Lamiaceae,Mentha,spicata
Lamiaceae,Mentha,suaveolens
Lamiaceae,Mentha,variegata
Lamiaceae,Mentha,× piperita
Lamiaceae,Mentha,× smithiana
Lamiaceae,Micromeria,dalmatica
Lamiaceae,Micromeria,fruticosa
Lamiaceae,Micromeria,graeca
Lamiaceae,Monarda,
Lamiaceae,Monarda,bartlettii
Lamiaceae,Monarda,didyma
Lamiaceae,Monarda,fistulosa
Lamiaceae,Monarda,punctata
Lamiaceae,Monarda,sp.
Lamiaceae,Monarda,×
Lamiaceae,Monardella,cinerea
Lamiaceae,Monardella,macrantha
Lamiaceae,Monardella,odoratissima
Lamiaceae,Monardella,ovata
Lamiaceae,Monardella,purpurea
Lamiaceae,Monardella,sheltonii
Lamiaceae,Monardella,siskiyouensis
Lamiaceae,Nepeta,
Lamiaceae,Nepeta,(SICH.1332C)
Lamiaceae,Nepeta,amethystina
Lamiaceae,Nepeta,apuleii
Lamiaceae,Nepeta,bucharica
Lamiaceae,Nepeta,cataria
Lamiaceae,Nepeta,clarkei
Lamiaceae,Nepeta,crassifolia
Lamiaceae,Nepeta,curviflora
Lamiaceae,Nepeta,govaniana
Lamiaceae,Nepeta,grandiflora
Lamiaceae,Nepeta,laevigata
Lamiaceae,Nepeta,mussinii
Lamiaceae,Nepeta,nepetella
Lamiaceae,Nepeta,nuda
Lamiaceae,Nepeta,phyllochlamys
Lamiaceae,Nepeta,podostachys
Lamiaceae,Nepeta,racemosa
Lamiaceae,Nepeta,siberica
Lamiaceae,Nepeta,sibirica
Lamiaceae,Nepeta,subsessilis
Lamiaceae,Nepeta,supina
Lamiaceae,Nepeta,teydea
Lamiaceae,Nepeta,transcaucasica
Lamiaceae,Nepeta,tuberosa
Lamiaceae,Nepeta,× fassenii
Lamiaceae,Ocimum,americanum
Lamiaceae,Ocimum,basilicum
Lamiaceae,Ocimum,tenuiflorum
Lamiaceae,Origanum,
Lamiaceae,Origanum,acutidens
Lamiaceae,Origanum,amanum
Lamiaceae,Origanum,calcaratum
Lamiaceae,Origanum,dictamnus
Lamiaceae,Origanum,galericulata
Lamiaceae,Origanum,hortensis
Lamiaceae,Origanum,laevigatum
Lamiaceae,Origanum,libanoticum
Lamiaceae,Origanum,majorana
Lamiaceae,Origanum,pavola
Lamiaceae,Origanum,pulchellum
Lamiaceae,Origanum,rotundifolium
Lamiaceae,Origanum,scabrum
Lamiaceae,Origanum,sipyleum
Lamiaceae,Origanum,sp.
Lamiaceae,Origanum,syriacum
Lamiaceae,Origanum,tournefortii
Lamiaceae,Origanum,vulgare
Lamiaceae,Origanum,× suendermanii
Lamiaceae,Perilla,frutescens
Lamiaceae,Perovskia,atriplicifolia
Lamiaceae,Perovskia,× hybrida
Lamiaceae,Phlomis,
Lamiaceae,Phlomis,(SICH.1433A)
Lamiaceae,Phlomis,anisodonta
Lamiaceae,Phlomis,bovei
Lamiaceae,Phlomis,cashmeriana
Lamiaceae,Phlomis,cretica
Lamiaceae,Phlomis,fruticosa
Lamiaceae,Phlomis,grandiflora
Lamiaceae,Phlomis,herba-venti
Lamiaceae,Phlomis,italica
Lamiaceae,Phlomis,leucophracta
Lamiaceae,Phlomis,purpurea
Lamiaceae,Phlomis,rotata
Lamiaceae,Phlomis,russeliana
Lamiaceae,Phlomis,samia
Lamiaceae,Phlomis,sp.
Lamiaceae,Phlomoides,tianschanica
Lamiaceae,Phlomoides,tuberosa
Lamiaceae,Physostegia,virginiana
Lamiaceae,Premna,japonica
Lamiaceae,Prostanthera,
Lamiaceae,Prostanthera,cuneata
Lamiaceae,Prostanthera,nivea
Lamiaceae,Prostanthera,ovalifolia
Lamiaceae,Prostanthera,rotundifolia
Lamiaceae,Prunella,grandiflora
Lamiaceae,Prunella,laciniata
Lamiaceae,Prunella,vulgaris
Lamiaceae,Pycnanthemum,muticum
Lamiaceae,Pycnanthemum,tenuifolium
Lamiaceae,Pycnanthemum,virginianum
Lamiaceae,Rosmarinus,prostratus
Lamiaceae,Rostrinucula,dependens
Lamiaceae,Salvia,
Lamiaceae,Salvia,(KEKE.0362)
Lamiaceae,Salvia,(M&W.5810)
Lamiaceae,Salvia,(SICH.1327)
Lamiaceae,Salvia,(SICH.1394A)
Lamiaceae,Salvia,(SICH.1396)
Lamiaceae,Salvia,aethiopis
Lamiaceae,Salvia,argentea
Lamiaceae,Salvia,atrocyanea
Lamiaceae,Salvia,aurita
Lamiaceae,Salvia,barrelieri
Lamiaceae,Salvia,blancoana
Lamiaceae,Salvia,cacaliifolia
Lamiaceae,Salvia,caespitosa
Lamiaceae,Salvia,candelabrum
Lamiaceae,Salvia,carduacea
Lamiaceae,Salvia,chamaedryoides
Lamiaceae,Salvia,coccinea
Lamiaceae,Salvia,cryptantha
Lamiaceae,Salvia,cyanescens
Lamiaceae,Salvia,daghestanica
Lamiaceae,Salvia,darcyi
Lamiaceae,Salvia,dichroantha
Lamiaceae,Salvia,discolor
Lamiaceae,Salvia,dolichantha
Lamiaceae,Salvia,dolomitica
Lamiaceae,Salvia,dorrii
Lamiaceae,Salvia,dumetorum
Lamiaceae,Salvia,eigii
Lamiaceae,Salvia,elegans
Lamiaceae,Salvia,farinacea
Lamiaceae,Salvia,flava
Lamiaceae,Salvia,forskaohlei
Lamiaceae,Salvia,forsskaolii
Lamiaceae,Salvia,gesneriflora
Lamiaceae,Salvia,gesneriiflora
Lamiaceae,Salvia,glutinosa
Lamiaceae,Salvia,grandiflora
Lamiaceae,Salvia,greggii
Lamiaceae,Salvia,guaranitica
Lamiaceae,Salvia,heerii
Lamiaceae,Salvia,hians
Lamiaceae,Salvia,hierosolymitana
Lamiaceae,Salvia,hispanica
Lamiaceae,Salvia,holwayi
Lamiaceae,Salvia,huberi
Lamiaceae,Salvia,hypargeia
Lamiaceae,Salvia,interrupta
Lamiaceae,Salvia,judaica
Lamiaceae,Salvia,jurisicii
Lamiaceae,Salvia,koyamae
Lamiaceae,Salvia,lavandulifolia
Lamiaceae,Salvia,leucantha
Lamiaceae,Salvia,leucodermis
Lamiaceae,Salvia,lycioides
Lamiaceae,Salvia,lyrata
Lamiaceae,Salvia,macrochlamys
Lamiaceae,Salvia,mellifera
Lamiaceae,Salvia,merjamie
Lamiaceae,Salvia,mexicana
Lamiaceae,Salvia,microphylla
Lamiaceae,Salvia,moorcroftiana
Lamiaceae,Salvia,muelleri
Lamiaceae,Salvia,multicaulis
Lamiaceae,Salvia,nemorosa
Lamiaceae,Salvia,nilotica
Lamiaceae,Salvia,nubicola
Lamiaceae,Salvia,nutans
Lamiaceae,Salvia,officinalis
Lamiaceae,Salvia,pachyphylla
Lamiaceae,Salvia,pachystachya
Lamiaceae,Salvia,palestinae
Lamiaceae,Salvia,patens
Lamiaceae,Salvia,phlomoides
Lamiaceae,Salvia,plebeia
Lamiaceae,Salvia,pogonochila
Lamiaceae,Salvia,pratensis
Lamiaceae,Salvia,przewalskii
Lamiaceae,Salvia,recognita
Lamiaceae,Salvia,repens
Lamiaceae,Salvia,reptans
Lamiaceae,Salvia,ringens
Lamiaceae,Salvia,roemeriana
Lamiaceae,Salvia,rosmarinus
Lamiaceae,Salvia,runcinata
Lamiaceae,Salvia,rutilans
Lamiaceae,Salvia,sclarea
Lamiaceae,Salvia,sonomensis
Lamiaceae,Salvia,sp.
Lamiaceae,Salvia,spathacea
Lamiaceae,Salvia,taraxacifolia
Lamiaceae,Salvia,transsylvanica
Lamiaceae,Salvia,uliginosa
Lamiaceae,Salvia,verbenaca
Lamiaceae,Salvia,verticillata
Lamiaceae,Salvia,viscosa
Lamiaceae,Salvia,yangii
Lamiaceae,Salvia,yunnanensis
Lamiaceae,Salvia,×
Lamiaceae,Salvia,× jamensis
Lamiaceae,Salvia,× lavandulacea
Lamiaceae,Salvia,× superba
Lamiaceae,Salvia,× sylvestris
Lamiaceae,Satureja,hortensis
Lamiaceae,Satureja,montana
Lamiaceae,Satureja,spicigera
Lamiaceae,Satureja,spinosa
Lamiaceae,Satureja,thymbra
Lamiaceae,Schizonepeta,tenuifolia
Lamiaceae,Scutellaria,alpina
Lamiaceae,Scutellaria,angustifolia
Lamiaceae,Scutellaria,baicalensis
Lamiaceae,Scutellaria,diffusa
Lamiaceae,Scutellaria,galericulata
Lamiaceae,Scutellaria,incana
Lamiaceae,Scutellaria,indica
Lamiaceae,Scutellaria,lateriflora
Lamiaceae,Scutellaria,nana
Lamiaceae,Scutellaria,oreophila
Lamiaceae,Scutellaria,orientalis
Lamiaceae,Scutellaria,peregrina
Lamiaceae,Scutellaria,pontica
Lamiaceae,Scutellaria,prostrata
Lamiaceae,Scutellaria,scordiifolia
Lamiaceae,Scutellaria,serrata
Lamiaceae,Scutellaria,tuberosa
Lamiaceae,Sideritis,cypria
Lamiaceae,Sideritis,dasygnaphala
Lamiaceae,Sideritis,scordioides
Lamiaceae,Sideritis,syriaca
Lamiaceae,Stachys,albotomentosa
Lamiaceae,Stachys,alopecurus
Lamiaceae,Stachys,byzantina
Lamiaceae,Stachys,chamissonis
Lamiaceae,Stachys,coccinea
Lamiaceae,Stachys,corsica
Lamiaceae,Stachys,densiflora
Lamiaceae,Stachys,hissarica
Lamiaceae,Stachys,lavandulifolia
Lamiaceae,Stachys,mexicana
Lamiaceae,Stachys,nivea
Lamiaceae,Stachys,officinalis
Lamiaceae,Stachys,palustris
Lamiaceae,Stachys,pumila
Lamiaceae,Stachys,recta
Lamiaceae,Stachys,sp.
Lamiaceae,Stachys,thirkei
Lamiaceae,Stachys,turcomanica
Lamiaceae,Teucrium,aroanium
Lamiaceae,Teucrium,asiaticum
Lamiaceae,Teucrium,canadense
Lamiaceae,Teucrium,capitatum
Lamiaceae,Teucrium,chamaedrys
Lamiaceae,Teucrium,cossonii
Lamiaceae,Teucrium,divaricatum
Lamiaceae,Teucrium,flavum
Lamiaceae,Teucrium,halacsyanum
Lamiaceae,Teucrium,hyrcanicum
Lamiaceae,Teucrium,lucidum
Lamiaceae,Teucrium,marum
Lamiaceae,Teucrium,montanum
Lamiaceae,Teucrium,nudicaule
Lamiaceae,Teucrium,orientale
Lamiaceae,Teucrium,polium
Lamiaceae,Teucrium,pyrenaicum
Lamiaceae,Teucrium,rotundifolium
Lamiaceae,Teucrium,scorodonia
Lamiaceae,Teucrium,subspinosum
Lamiaceae,Teucrium,syspirense
Lamiaceae,Teucrium,× lucidrys
Lamiaceae,Thymus,
Lamiaceae,Thymus,argaeus
Lamiaceae,Thymus,aureafolius
Lamiaceae,Thymus,brachychilus
Lamiaceae,Thymus,caespititius
Lamiaceae,Thymus,camphoratus
Lamiaceae,Thymus,carnosus
Lamiaceae,Thymus,cherlerioides
Lamiaceae,Thymus,doerfleri
Lamiaceae,Thymus,drucei
Lamiaceae,Thymus,granatensis
Lamiaceae,Thymus,herba-barona
Lamiaceae,Thymus,japonicus
Lamiaceae,Thymus,leucotrichus
Lamiaceae,Thymus,longicaulis
Lamiaceae,Thymus,mastichina
Lamiaceae,Thymus,membranaceus
Lamiaceae,Thymus,migricus
Lamiaceae,Thymus,neiceffii
Lamiaceae,Thymus,polytrichus
Lamiaceae,Thymus,praecox
Lamiaceae,Thymus,pulegioides
Lamiaceae,Thymus,seravschanicus
Lamiaceae,Thymus,serpyllum
Lamiaceae,Thymus,sibthorpii
Lamiaceae,Thymus,sp.
Lamiaceae,Thymus,thracicus
Lamiaceae,Thymus,vulgaris
Lamiaceae,Thymus,zygis
Lamiaceae,Thymus,×
Lamiaceae,Thymus,× citriodorus
Lamiaceae,Trichostema,lanatum
Lamiaceae,Trichostema,lanceolatum
Lamiaceae,Trichostema,parishii
Lamiaceae,Vitex,agnus-castus
Lamiaceae,Vitex,cg97-002(clone1)
Lamiaceae,Vitex,cg97-003(clone2)
Lamiaceae,Vitex,negundo
Lamiaceae,Vitex,rotundifolia
Lardizabalaceae,Akebia,longeracemosa
Lardizabalaceae,Akebia,quinata
Lardizabalaceae,Akebia,trifoliata
Lardizabalaceae,Decaisnea,insignis
Lardizabalaceae,Sargentodoxa,cuneata
Lardizabalaceae,Sinofranchetia,chinensis
Lardizabalaceae,Stauntonia,angustifolia
Lardizabalaceae,Stauntonia,brachyandra
Lardizabalaceae,Stauntonia,chapaensis
Lardizabalaceae,Stauntonia,conspicua
Lardizabalaceae,Stauntonia,coriacea
Lardizabalaceae,Stauntonia,hexaphylla
Lardizabalaceae,Stauntonia,latifolia
Lardizabalaceae,Stauntonia,leucantha
Lardizabalaceae,Stauntonia,sp.
Lauraceae,Actinodaphne,lancifolia
Lauraceae,Cinnamomum,parthenoxylon
Lauraceae,Cinnamomum,septentrionale
Lauraceae,Cinnamomum,yabunikkei
Lauraceae,Dodecadenia,grandiflora
Lauraceae,Indet Lauraceae,
Lauraceae,Laurus,nobilis
Lauraceae,Lindera,aggregata
Lauraceae,Lindera,angustifolia
Lauraceae,Lindera,benzoin
Lauraceae,Lindera,chienii
Lauraceae,Lindera,citriodora
Lauraceae,Lindera,erythrocarpa
Lauraceae,Lindera,glauca
Lauraceae,Lindera,megaphylla
Lauraceae,Lindera,neesiana
Lauraceae,Lindera,obtusiloba
Lauraceae,Lindera,praecox
Lauraceae,Lindera,reflexa
Lauraceae,Lindera,salicifolia
Lauraceae,Lindera,sp.
Lauraceae,Lindera,strychinifolia
Lauraceae,Lindera,tonkinensis
Lauraceae,Lindera,triloba
Lauraceae,Lindera,umbellata
Lauraceae,Litsea,cubeba
Lauraceae,Litsea,elongata
Lauraceae,Litsea,moupinensis
Lauraceae,Litsea,populifolia
Lauraceae,Litsea,pungens
Lauraceae,Litsea,rubescens
Lauraceae,Machilus,gongshanensis
Lauraceae,Machilus,ichangensis
Lauraceae,Machilus,konishii
Lauraceae,Machilus,thunbergii
Lauraceae,Machilus,viridis
Lauraceae,Neolitsea,aciculata
Lauraceae,Neolitsea,sericea
Lauraceae,Nothaphoebe,cavaleriei
Lauraceae,Nothaphoebe,konishii
Lauraceae,Persea,americana
Lauraceae,Persea,borbonia
Lauraceae,Persea,humilis
Lauraceae,Persea,palustris
Lauraceae,Persea,sp.dgey.008
Lauraceae,Phoebe,formosana
Lauraceae,Phoebe,forrestii
Lauraceae,Phoebe,neurantha
Lauraceae,Phoebe,sheareri
Lauraceae,Sassafras,albidum
Lauraceae,Sassafras,randaiense
Lauraceae,Sassafras,tzumu
Lauraceae,Umbellularia,californica
Lembophyllaceae,Isothecium,stoloniferum
Lentibulariaceae,Pinguicula,leptoceras
Lentibulariaceae,Pinguicula,macroceras
Lentibulariaceae,Pinguicula,vulgaris
Lentibulariaceae,Utricularia,intermedia
Lentibulariaceae,Utricularia,minor
Lentibulariaceae,Utricularia,vulgaris
Liliaceae,Amana,edulis
Liliaceae,Calochortus,
Liliaceae,Calochortus,albus
Liliaceae,Calochortus,amabilis
Liliaceae,Calochortus,amoenus
Liliaceae,Calochortus,apiculatus
Liliaceae,Calochortus,bruneaunis
Liliaceae,Calochortus,catalinae
Liliaceae,Calochortus,citrinus
Liliaceae,Calochortus,clavatus
Liliaceae,Calochortus,concolor
Liliaceae,Calochortus,eurycarpus
Liliaceae,Calochortus,fimbriatus
Liliaceae,Calochortus,gunnisonii
Liliaceae,Calochortus,howellii
Liliaceae,Calochortus,kennedyi
Liliaceae,Calochortus,leichtlinii
Liliaceae,Calochortus,luteus
Liliaceae,Calochortus,lyallii
Liliaceae,Calochortus,macrocarpus
Liliaceae,Calochortus,maweanus
Liliaceae,Calochortus,monophyllus
Liliaceae,Calochortus,nitidus
Liliaceae,Calochortus,nuttallii
Liliaceae,Calochortus,obispoensis
Liliaceae,Calochortus,pulchellus
Liliaceae,Calochortus,sp.
Liliaceae,Calochortus,splendens
Liliaceae,Calochortus,striatus
Liliaceae,Calochortus,subalpinus
Liliaceae,Calochortus,superbus
Liliaceae,Calochortus,tiburonensis
Liliaceae,Calochortus,tolmiei
Liliaceae,Calochortus,umbellatus
Liliaceae,Calochortus,uniflorus
Liliaceae,Calochortus,venustus
Liliaceae,Calochortus,vestae
Liliaceae,Calochortus,weedii
Liliaceae,Cardiocrinum,
Liliaceae,Cardiocrinum,cathayanum
Liliaceae,Cardiocrinum,cordatum
Liliaceae,Cardiocrinum,giganteum
Liliaceae,Clintonia,andrewsiana
Liliaceae,Clintonia,borealis
Liliaceae,Clintonia,udensis
Liliaceae,Clintonia,uniflora
Liliaceae,Erythronium,
Liliaceae,Erythronium,albidum
Liliaceae,Erythronium,americanum
Liliaceae,Erythronium,californicum
Liliaceae,Erythronium,citrinum
Liliaceae,Erythronium,dens-canis
Liliaceae,Erythronium,elegans
Liliaceae,Erythronium,grandiflorum
Liliaceae,Erythronium,helenae
Liliaceae,Erythronium,hendersonii
Liliaceae,Erythronium,howellii
Liliaceae,Erythronium,hybrid
Liliaceae,Erythronium,idahoense
Liliaceae,Erythronium,japonicum
Liliaceae,Erythronium,klamathense
Liliaceae,Erythronium,montanum
Liliaceae,Erythronium,multiscapoideum
Liliaceae,Erythronium,oregonum
Liliaceae,Erythronium,revolutum
Liliaceae,Erythronium,sp.
Liliaceae,Erythronium,tuolumnense
Liliaceae,Fritillaria,
Liliaceae,Fritillaria,acmopetala
Liliaceae,Fritillaria,affinis
Liliaceae,Fritillaria,agrestis
Liliaceae,Fritillaria,amoena
Liliaceae,Fritillaria,armena
Liliaceae,Fritillaria,assyriaca
Liliaceae,Fritillaria,atropurpurea
Liliaceae,Fritillaria,aurea
Liliaceae,Fritillaria,biflora
Liliaceae,Fritillaria,bithynica
Liliaceae,Fritillaria,bucharica
Liliaceae,Fritillaria,camschatcensis
Liliaceae,Fritillaria,caucasica
Liliaceae,Fritillaria,cirrhosa
Liliaceae,Fritillaria,collina
Liliaceae,Fritillaria,crassifolia
Liliaceae,Fritillaria,davisii
Liliaceae,Fritillaria,degeniana
Liliaceae,Fritillaria,eduardii
Liliaceae,Fritillaria,elwesii
Liliaceae,Fritillaria,falcata
Liliaceae,Fritillaria,gentneri
Liliaceae,Fritillaria,gibbosa
Liliaceae,Fritillaria,glauca
Liliaceae,Fritillaria,glaucoviridis
Liliaceae,Fritillaria,graeca
Liliaceae,Fritillaria,grandiflora
Liliaceae,Fritillaria,grayana
Liliaceae,Fritillaria,gussichiae
Liliaceae,Fritillaria,hermonis
Liliaceae,Fritillaria,hispanica
Liliaceae,Fritillaria,imperialis
Liliaceae,Fritillaria,involucrata
Liliaceae,Fritillaria,ionica
Liliaceae,Fritillaria,kurdica
Liliaceae,Fritillaria,latakiensis
Liliaceae,Fritillaria,latifolia
Liliaceae,Fritillaria,liliacea
Liliaceae,Fritillaria,lusitanica
Liliaceae,Fritillaria,meleagris
Liliaceae,Fritillaria,meleagroides
Liliaceae,Fritillaria,messanensis
Liliaceae,Fritillaria,michailovskyi
Liliaceae,Fritillaria,micrantha
Liliaceae,Fritillaria,monantha
Liliaceae,Fritillaria,montana
Liliaceae,Fritillaria,nevadensis
Liliaceae,Fritillaria,nigra
Liliaceae,Fritillaria,pallidiflora
Liliaceae,Fritillaria,persica
Liliaceae,Fritillaria,pinardii
Liliaceae,Fritillaria,pluriflora
Liliaceae,Fritillaria,pontica
Liliaceae,Fritillaria,pudica
Liliaceae,Fritillaria,purdyi
Liliaceae,Fritillaria,pyrenaica
Liliaceae,Fritillaria,raddeana
Liliaceae,Fritillaria,recurva
Liliaceae,Fritillaria,rhodocanakis
Liliaceae,Fritillaria,roderickii
Liliaceae,Fritillaria,roylei
Liliaceae,Fritillaria,ruthenica
Liliaceae,Fritillaria,sewerzowii
Liliaceae,Fritillaria,sibthorpiana
Liliaceae,Fritillaria,sp.
Liliaceae,Fritillaria,stenanthera
Liliaceae,Fritillaria,striata
Liliaceae,Fritillaria,tenella
Liliaceae,Fritillaria,thunbergii
Liliaceae,Fritillaria,ussuriensis
Liliaceae,Fritillaria,uva-vulpis
Liliaceae,Fritillaria,verticillata
Liliaceae,Fritillaria,walujewii
Liliaceae,Fritillaria,whittallii
Liliaceae,Fritillaria,zagrica
Liliaceae,Gagea,chlorantha
Liliaceae,Indet Liliaceae,
Liliaceae,Lilium,
Liliaceae,Lilium,akkusianum
Liliaceae,Lilium,albanicum
Liliaceae,Lilium,amabile
Liliaceae,Lilium,apertum
Liliaceae,Lilium,auratum
Liliaceae,Lilium,bolanderi
Liliaceae,Lilium,brownii
Liliaceae,Lilium,bulbiferum
Liliaceae,Lilium,canadense
Liliaceae,Lilium,candidum
Liliaceae,Lilium,cernuum
Liliaceae,Lilium,ciliatum
Liliaceae,Lilium,columbianum
Liliaceae,Lilium,concolor
Liliaceae,Lilium,davidii
Liliaceae,Lilium,distichum
Liliaceae,Lilium,duchartrei
Liliaceae,Lilium,formosanum
Liliaceae,Lilium,grayi
Liliaceae,Lilium,hansonii
Liliaceae,Lilium,henryi
Liliaceae,Lilium,japonicum
Liliaceae,Lilium,kelleyanum
Liliaceae,Lilium,kelloggii
Liliaceae,Lilium,kesselringianum
Liliaceae,Lilium,lancifolium
Liliaceae,Lilium,lankongense
Liliaceae,Lilium,leichtlinii
Liliaceae,Lilium,leucanthum
Liliaceae,Lilium,longiflorum
Liliaceae,Lilium,lophophorum
Liliaceae,Lilium,mackliniae
Liliaceae,Lilium,maculatum
Liliaceae,Lilium,martagon
Liliaceae,Lilium,medeoloides
Liliaceae,Lilium,monadelphum
Liliaceae,Lilium,nanum
Liliaceae,Lilium,nepalense
Liliaceae,Lilium,pardalinum
Liliaceae,Lilium,parryi
Liliaceae,Lilium,pensylvanicum
Liliaceae,Lilium,philadelphicum
Liliaceae,Lilium,philippinense
Liliaceae,Lilium,poilanei
Liliaceae,Lilium,polyphyllum
Liliaceae,Lilium,pomponium
Liliaceae,Lilium,ponticum
Liliaceae,Lilium,primulinum × majoense
Liliaceae,Lilium,pumilum
Liliaceae,Lilium,pyrenaicum
Liliaceae,Lilium,regale
Liliaceae,Lilium,rosthornii
Liliaceae,Lilium,rubellum
Liliaceae,Lilium,rubescens
Liliaceae,Lilium,sargentiae
Liliaceae,Lilium,souliei
Liliaceae,Lilium,sp.
Liliaceae,Lilium,speciosum
Liliaceae,Lilium,stewartianum
Liliaceae,Lilium,sulphureum
Liliaceae,Lilium,superbum
Liliaceae,Lilium,szovitsianum
Liliaceae,Lilium,taliense
Liliaceae,Lilium,tsingtauense
Liliaceae,Lilium,washingtonianum
Liliaceae,Lilium,×
Liliaceae,Lilium,× testaceum
Liliaceae,Lloydia,serotina
Liliaceae,Medeola,virginiana
Liliaceae,Nomocharis,farreri
Liliaceae,Nomocharis,pardanthina
Liliaceae,Nomocharis,saluenensis
Liliaceae,Nomocharis,sp.
Liliaceae,Notholirion,(CLD.0446)
Liliaceae,Notholirion,(KR.4136)
Liliaceae,Notholirion,(L.0921)
Liliaceae,Notholirion,bulbiferum
Liliaceae,Notholirion,campanulatum
Liliaceae,Notholirion,thomsonianum
Liliaceae,Prosartes,hookeri
Liliaceae,Prosartes,lanuginosa
Liliaceae,Prosartes,smithii
Liliaceae,Scoliopus,bigelovii
Liliaceae,Streptopus,(CJM.73-215)
Liliaceae,Streptopus,(NT.0398)
Liliaceae,Streptopus,amplexifolius
Liliaceae,Streptopus,roseus
Liliaceae,Streptopus,sp.
Liliaceae,Streptopus,sp.(pw.169)
Liliaceae,Streptopus,streptopoides
Liliaceae,Tricyrtis,
Liliaceae,Tricyrtis,affinis
Liliaceae,Tricyrtis,bakeri
Liliaceae,Tricyrtis,dilatata
Liliaceae,Tricyrtis,formosana
Liliaceae,Tricyrtis,hirta
Liliaceae,Tricyrtis,ishiiana
Liliaceae,Tricyrtis,latifolia
Liliaceae,Tricyrtis,macrantha
Liliaceae,Tricyrtis,macranthopsis
Liliaceae,Tricyrtis,macropoda
Liliaceae,Tricyrtis,nana
Liliaceae,Tricyrtis,ohsumiensis
Liliaceae,Tricyrtis,perfoliata
Liliaceae,Tricyrtis,pilosa
Liliaceae,Tricyrtis,puberula
Liliaceae,Tricyrtis,sp.
Liliaceae,Tricyrtis,stolonifera
Liliaceae,Tulipa,
Liliaceae,Tulipa,(M.1262)
Liliaceae,Tulipa,(MT.2013)
Liliaceae,Tulipa,(MT.2014)
Liliaceae,Tulipa,(MT.2043)
Liliaceae,Tulipa,(MT.2502)
Liliaceae,Tulipa,(MT.2512)
Liliaceae,Tulipa,(MT.2517)
Liliaceae,Tulipa,(MT.2524)
Liliaceae,Tulipa,acuminata
Liliaceae,Tulipa,agenensis
Liliaceae,Tulipa,aitchinsonii
Liliaceae,Tulipa,aitchisonii
Liliaceae,Tulipa,albertii
Liliaceae,Tulipa,altaica
Liliaceae,Tulipa,armena
Liliaceae,Tulipa,australis
Liliaceae,Tulipa,bakeri
Liliaceae,Tulipa,batalinii
Liliaceae,Tulipa,biebersteiniana
Liliaceae,Tulipa,biflora
Liliaceae,Tulipa,chrysantha
Liliaceae,Tulipa,cinnabarina
Liliaceae,Tulipa,clusiana
Liliaceae,Tulipa,eichleri
Liliaceae,Tulipa,fosteriana
Liliaceae,Tulipa,greigii
Liliaceae,Tulipa,hageri
Liliaceae,Tulipa,hissarica
Liliaceae,Tulipa,humilis
Liliaceae,Tulipa,iliensis
Liliaceae,Tulipa,kaufmanniana
Liliaceae,Tulipa,kolpakowskiana
Liliaceae,Tulipa,korshinskyi
Liliaceae,Tulipa,linifolia
Liliaceae,Tulipa,marjolettii
Liliaceae,Tulipa,maximowiczii
Liliaceae,Tulipa,micheliana
Liliaceae,Tulipa,montana
Liliaceae,Tulipa,orphanidea
Liliaceae,Tulipa,persica
Liliaceae,Tulipa,praestans
Liliaceae,Tulipa,pulchella
Liliaceae,Tulipa,saxatilis
Liliaceae,Tulipa,sprengeri
Liliaceae,Tulipa,stellata
Liliaceae,Tulipa,subpraestans
Liliaceae,Tulipa,sylvestris
Liliaceae,Tulipa,tarda
Liliaceae,Tulipa,tschimganica
Liliaceae,Tulipa,turkestanica
Liliaceae,Tulipa,urumiensis
Liliaceae,Tulipa,vvedenskyi
Liliaceae,Tulipa,vvedenskyii
Liliaceae,Tulipa,whittallii
Liliaceae,Tulipa,×
Limnanthaceae,Limnanthes,douglasii
Linaceae,Linum,africanum
Linaceae,Linum,alpinum
Linaceae,Linum,amurense
Linaceae,Linum,aristatum
Linaceae,Linum,campanulatum
Linaceae,Linum,dolomiticum
Linaceae,Linum,elegans
Linaceae,Linum,flavum
Linaceae,Linum,grandiflorum
Linaceae,Linum,hirsutum
Linaceae,Linum,hologynum
Linaceae,Linum,hypericifolium
Linaceae,Linum,leonii
Linaceae,Linum,lewisii
Linaceae,Linum,monogynum
Linaceae,Linum,mucronatum
Linaceae,Linum,obtusatum
Linaceae,Linum,perenne
Linaceae,Linum,tauricum
Linaceae,Linum,tenuifolium
Linaceae,Linum,uninerve
Linaceae,Linum,×
Loasaceae,Blumenbachia,hieronymii
Loasaceae,Caiophora,(F&W.7835)
Loasaceae,Caiophora,coronata
Loasaceae,Caiophora,lateritia
Loasaceae,Loasa,nana
Loasaceae,Loasa,triphylla
Loasaceae,Mentzelia,laevicaulis
Loganiaceae,Spigelia,marilandica
Lycopodiaceae,Huperzia,haleakalae
Lycopodiaceae,Huperzia,lucidula
Lycopodiaceae,Huperzia,miyoshiana
Lycopodiaceae,Lycopodium,alpinum
Lycopodiaceae,Lycopodium,annotinum
Lycopodiaceae,Lycopodium,clavatum
Lycopodiaceae,Lycopodium,complanatum
Lycopodiaceae,Lycopodium,dendroideum
Lycopodiaceae,Lycopodium,obscurum
Lycopodiaceae,Lycopodium,sitchense
Lythraceae,Cuphea,
Lythraceae,Cuphea,cyanea
Lythraceae,Lagerstroemia,chekiangensis
Lythraceae,Lagerstroemia,indica
Lythraceae,Lagerstroemia,subcostata
Lythraceae,Lythrum,salicaria
Lythraceae,Pleurophora,patagonica
Lythraceae,Punica,granatum
Magnoliaceae,Alcimandra,cathcartii
Magnoliaceae,Liriodendron,chinense
Magnoliaceae,Liriodendron,tulipifera
Magnoliaceae,Magnolia,
Magnoliaceae,Magnolia,acuminata
Magnoliaceae,Magnolia,amoena
Magnoliaceae,Magnolia,aromatica
Magnoliaceae,Magnolia,ashei
Magnoliaceae,Magnolia,biondii
Magnoliaceae,Magnolia,campbellii
Magnoliaceae,Magnolia,cavaleriei
Magnoliaceae,Magnolia,chapensis
Magnoliaceae,Magnolia,chevalieri
Magnoliaceae,Magnolia,compressa
Magnoliaceae,Magnolia,conifera
Magnoliaceae,Magnolia,cylindrica
Magnoliaceae,Magnolia,dandyi
Magnoliaceae,Magnolia,dawsoniana
Magnoliaceae,Magnolia,dealbata
Magnoliaceae,Magnolia,delavayi
Magnoliaceae,Magnolia,denudata
Magnoliaceae,Magnolia,doltsopa
Magnoliaceae,Magnolia,ernestii
Magnoliaceae,Magnolia,figo
Magnoliaceae,Magnolia,floribunda
Magnoliaceae,Magnolia,fordiana
Magnoliaceae,Magnolia,foveolata
Magnoliaceae,Magnolia,fraseri
Magnoliaceae,Magnolia,globosa
Magnoliaceae,Magnolia,grandiflora
Magnoliaceae,Magnolia,insignis
Magnoliaceae,Magnolia,kobus
Magnoliaceae,Magnolia,lacei
Magnoliaceae,Magnolia,laevifolia
Magnoliaceae,Magnolia,liliiflora
Magnoliaceae,Magnolia,lotungensis
Magnoliaceae,Magnolia,macrophylla
Magnoliaceae,Magnolia,martini
Magnoliaceae,Magnolia,maudiae
Magnoliaceae,Magnolia,nitida
Magnoliaceae,Magnolia,obovata
Magnoliaceae,Magnolia,oerissima
Magnoliaceae,Magnolia,officinalis
Magnoliaceae,Magnolia,patungensis
Magnoliaceae,Magnolia,pyramidata
Magnoliaceae,Magnolia,salicifolia
Magnoliaceae,Magnolia,sapaensis
Magnoliaceae,Magnolia,sargentiana
Magnoliaceae,Magnolia,sieboldii
Magnoliaceae,Magnolia,sinica
Magnoliaceae,Magnolia,sp.
Magnoliaceae,Magnolia,sphaerantha
Magnoliaceae,Magnolia,sprengeri
Magnoliaceae,Magnolia,stellata
Magnoliaceae,Magnolia,tripetala
Magnoliaceae,Magnolia,virginiana
Magnoliaceae,Magnolia,wilsonii
Magnoliaceae,Magnolia,yunnanensis
Magnoliaceae,Magnolia,zenii
Magnoliaceae,Magnolia,×
Magnoliaceae,Magnolia,× loebneri
Magnoliaceae,Magnolia,× soulangeana
Magnoliaceae,Magnolia,× veitchii
Magnoliaceae,Magnolia,× wiesneri
Malpighiaceae,Heteropterys,glabra
Malvaceae,Abelmoschus,esculentus
Malvaceae,Abutilon,
Malvaceae,Abutilon,megapotamicum
Malvaceae,Abutilon,vitifolium
Malvaceae,Abutilon,×
Malvaceae,Abutilon,× milleri
Malvaceae,Alcea,
Malvaceae,Alcea,ficifolia
Malvaceae,Alcea,rosea
Malvaceae,Alcea,rugosa
Malvaceae,Alcea,sulphurea
Malvaceae,Althaea,cannabina
Malvaceae,Althaea,officinalis
Malvaceae,Althaea,rugosa
Malvaceae,Alyogyne,hakeifolia
Malvaceae,Alyogyne,huegelii
Malvaceae,Anisodontea,julii
Malvaceae,Anisodontea,triloba
Malvaceae,Asterotrichion,discolor
Malvaceae,Callirhoe,involucrata
Malvaceae,Cristaria,(P&W.6076)
Malvaceae,Firmiana,simplex
Malvaceae,Fremontodendron,
Malvaceae,Fremontodendron,californicum
Malvaceae,Fremontodendron,decumbens
Malvaceae,Fremontodendron,×
Malvaceae,Grewia,occidentalis
Malvaceae,Hermannia,denudata
Malvaceae,Hermannia,flammea
Malvaceae,Hibiscus,
Malvaceae,Hibiscus,moscheutos
Malvaceae,Hibiscus,sabdariffa
Malvaceae,Hibiscus,syriacus
Malvaceae,Hoheria,sexstylosa
Malvaceae,Hoheria,×
Malvaceae,Iliamna,rivularis
Malvaceae,Kitaibelia,vitifolia
Malvaceae,Lavatera,
Malvaceae,Lavatera,arborea
Malvaceae,Lavatera,cachemiriana
Malvaceae,Lavatera,olbia
Malvaceae,Lavatera,thuringiaca
Malvaceae,Lavatera,×
Malvaceae,Lavatera,× clementii
Malvaceae,Malacothamnus,fremontii
Malvaceae,Malva,alcea
Malvaceae,Malva,moschata
Malvaceae,Malva,neglecta
Malvaceae,Malva,sylvestris
Malvaceae,Malva,thuringiaca
Malvaceae,Malvastrum,lateritium
Malvaceae,Nototriche,compacta
Malvaceae,Nototriche,transandina
Malvaceae,Plagianthus,regius
Malvaceae,Sida,hermaphrodita
Malvaceae,Sidalcea,
Malvaceae,Sidalcea,asprella
Malvaceae,Sidalcea,hendersonii
Malvaceae,Sidalcea,malviflora
Malvaceae,Sidalcea,malviiflora
Malvaceae,Sidalcea,oregana
Malvaceae,Sidalcea,virgata
Malvaceae,Sidalcea,×
Malvaceae,Sphaeralcea,
Malvaceae,Sphaeralcea,ambigua
Malvaceae,Sphaeralcea,caespitosa
Malvaceae,Sphaeralcea,coccinea
Malvaceae,Sphaeralcea,grossulariaefolia
Malvaceae,Sphaeralcea,miniata
Malvaceae,Sphaeralcea,multifida
Malvaceae,Sphaeralcea,munroana
Malvaceae,Tarasa,humilis
Malvaceae,Tarasa,sp.
Malvaceae,Tilia,americana
Malvaceae,Tilia,amurensis
Malvaceae,Tilia,chinensis
Malvaceae,Tilia,chingiana
Malvaceae,Tilia,cordata
Malvaceae,Tilia,dasystyla
Malvaceae,Tilia,hengshanensis
Malvaceae,Tilia,insularis
Malvaceae,Tilia,kiusiana
Malvaceae,Tilia,koreana
Malvaceae,Tilia,laetevirens
Malvaceae,Tilia,mandshurica
Malvaceae,Tilia,maximowicziana
Malvaceae,Tilia,megaphylla
Malvaceae,Tilia,mongolica
Malvaceae,Tilia,oliveri
Malvaceae,Tilia,paucicostata
Malvaceae,Tilia,platyphyllos
Malvaceae,Tilia,sp.
Malvaceae,Tilia,tomentosa
Malvaceae,Urocarpidium,peruvianum
Marchantiaceae,Marchantia,polymorpha
Marsileaceae,Marsilea,macropoda
Marsileaceae,Marsilea,vestita
Marsileaceae,Pilularia,americana
Mazaceae,Lancea,tibetica
Mazaceae,Mazus,
Mazaceae,Mazus,miquelii
Mazaceae,Mazus,pumilio
Mazaceae,Mazus,radicans
Mazaceae,Mazus,reptans
Melanthiaceae,Melanthium,virginicum
Melanthiaceae Tribe Chinographidae,Chionographis,japonica
Melanthiaceae Tribe Heloniadeae,Helonias,bullata
Melanthiaceae Tribe Heloniadeae,Helonias,thibetica
Melanthiaceae Tribe Heloniadeae,Heloniopsis,orientalis
Melanthiaceae Tribe Heloniadeae,Heloniopsis,umbellata
Melanthiaceae Tribe Melanthieae,Stenanthium,diffusum
Melanthiaceae Tribe Melanthieae,Stenanthium,occidentale
Melanthiaceae Tribe Melanthieae,Toxicoscordion,paniculatum
Melanthiaceae Tribe Melanthieae,Toxicoscordion,venenosum
Melanthiaceae Tribe Melanthieae,Veratrum,formosanum
Melanthiaceae Tribe Melanthieae,Veratrum,lobelianum
Melanthiaceae Tribe Melanthieae,Veratrum,maackii
Melanthiaceae Tribe Melanthieae,Veratrum,viride
Melanthiaceae Tribe Melanthieae,Zigadenus,(CW.0094)
Melanthiaceae Tribe Melanthieae,Zigadenus,(RLT.6587)
Melanthiaceae Tribe Melanthieae,Zigadenus,elegans
Melanthiaceae Tribe Melanthieae,Zigadenus,fremontii
Melanthiaceae Tribe Parideae,Paris,fargesii
Melanthiaceae Tribe Parideae,Paris,japonica
Melanthiaceae Tribe Parideae,Paris,mairei
Melanthiaceae Tribe Parideae,Paris,polyphylla
Melanthiaceae Tribe Parideae,Paris,quadrifolia
Melanthiaceae Tribe Parideae,Paris,rugosa
Melanthiaceae Tribe Parideae,Paris,thibetica
Melanthiaceae Tribe Parideae,Trillium,
Melanthiaceae Tribe Parideae,Trillium,albidum
Melanthiaceae Tribe Parideae,Trillium,apetalon
Melanthiaceae Tribe Parideae,Trillium,californicum
Melanthiaceae Tribe Parideae,Trillium,catesbaei
Melanthiaceae Tribe Parideae,Trillium,cernuum
Melanthiaceae Tribe Parideae,Trillium,chloropetalum
Melanthiaceae Tribe Parideae,Trillium,cuneatum
Melanthiaceae Tribe Parideae,Trillium,erectum
Melanthiaceae Tribe Parideae,Trillium,flexipes
Melanthiaceae Tribe Parideae,Trillium,grandiflorum
Melanthiaceae Tribe Parideae,Trillium,hibbersonii
Melanthiaceae Tribe Parideae,Trillium,kamtschaticum
Melanthiaceae Tribe Parideae,Trillium,kurabayashii
Melanthiaceae Tribe Parideae,Trillium,luteum
Melanthiaceae Tribe Parideae,Trillium,miyabeanum
Melanthiaceae Tribe Parideae,Trillium,nivale
Melanthiaceae Tribe Parideae,Trillium,ovatum
Melanthiaceae Tribe Parideae,Trillium,ozarkianum
Melanthiaceae Tribe Parideae,Trillium,parviflorum
Melanthiaceae Tribe Parideae,Trillium,petiolatum
Melanthiaceae Tribe Parideae,Trillium,pusillum
Melanthiaceae Tribe Parideae,Trillium,recurvatum
Melanthiaceae Tribe Parideae,Trillium,rivale
Melanthiaceae Tribe Parideae,Trillium,sessile
Melanthiaceae Tribe Parideae,Trillium,smallii
Melanthiaceae Tribe Parideae,Trillium,sp.
Melanthiaceae Tribe Parideae,Trillium,stenosepalum
Melanthiaceae Tribe Parideae,Trillium,stylosum
Melanthiaceae Tribe Parideae,Trillium,sulcatum
Melanthiaceae Tribe Parideae,Trillium,tschonoskii
Melanthiaceae Tribe Parideae,Trillium,undulatum
Melanthiaceae Tribe Parideae,Trillium,×
Melanthiaceae Tribe Xerophylleae,Xerophyllum,tenax
Melastomataceae,Osbeckia,sp.
Melastomataceae,Osbeckia,stellata
Melastomataceae,Oxyspora,paniculata
Melastomataceae,Rhexia,virginica
Melastomataceae,Sporoxeia,sciadophila
Meliaceae,Cedrela,sinensis
Meliaceae,Melia,azedarach
Meliaceae,Nymania,capensis
Meliaceae,Toona,sinensis
Menispermaceae,Cocculus,laurifolius
Menispermaceae,Cocculus,trilobus
Menispermaceae,Menispermum,canadense
Menispermaceae,Sinomenium,acutum
Menispermaceae,Stephania,sp.
Menyanthaceae,Menyanthes,trifoliata
Menyanthaceae,Nephrophyllidium,crista-galli
Menyanthaceae,Nymphoides,peltata
Mniaceae,Plagiomnium,insigne
Mniaceae,Rhizomnium,glabrescens
Montiaceae,Calandrinia,
Montiaceae,Calandrinia,(P&W.6475)
Montiaceae,Calandrinia,(W.0004)
Montiaceae,Calandrinia,(W.0024)
Montiaceae,Calandrinia,(W.0035)
Montiaceae,Calandrinia,(W.0056)
Montiaceae,Calandrinia,caespitosa
Montiaceae,Calandrinia,ciliata
Montiaceae,Calandrinia,dianthoides
Montiaceae,Calandrinia,ranunculina
Montiaceae,Calandrinia,setosa
Montiaceae,Calandrinia,sp.f&w.
Montiaceae,Calandrinia,tenuifolia
Montiaceae,Calandrinia,tricolor
Montiaceae,Calyptridium,monospermum
Montiaceae,Calyptridium,umbellatum
Montiaceae,Cistanthe,grandiflora
Montiaceae,Cistanthe,tweedyi
Montiaceae,Cistanthe,umbellata
Montiaceae,Claytonia,australasica
Montiaceae,Claytonia,caroliniana
Montiaceae,Claytonia,cordifolia
Montiaceae,Claytonia,lanceolata
Montiaceae,Claytonia,megarhiza
Montiaceae,Claytonia,perfoliata
Montiaceae,Claytonia,sibirica
Montiaceae,Claytonia,umbellata
Montiaceae,Hectorella,(PNDS.1169)
Montiaceae,Lewisia,
Montiaceae,Lewisia,bernadensa
Montiaceae,Lewisia,brachycalyx
Montiaceae,Lewisia,cantelovii
Montiaceae,Lewisia,columbia
Montiaceae,Lewisia,columbiana
Montiaceae,Lewisia,congdonii
Montiaceae,Lewisia,cotyledon
Montiaceae,Lewisia,finchae
Montiaceae,Lewisia,glandulosa
Montiaceae,Lewisia,hybrid
Montiaceae,Lewisia,leana
Montiaceae,Lewisia,leeana
Montiaceae,Lewisia,longiscapa
Montiaceae,Lewisia,nevadensis
Montiaceae,Lewisia,oppositifolia
Montiaceae,Lewisia,pygmaea
Montiaceae,Lewisia,rediviva
Montiaceae,Lewisia,serrata
Montiaceae,Lewisia,sierrae
Montiaceae,Lewisia,sp.
Montiaceae,Lewisia,stebbinsii
Montiaceae,Lewisia,triphylla
Montiaceae,Lewisia,whiteae
Montiaceae,Lewisia,×
Montiaceae,Lewisia,× whiteae
Montiaceae,Montia,linearis
Montiaceae,Montia,parvifolia
Montiaceae,Montiopsis,cistiflora
Montiaceae,Montiopsis,gilliesii
Montiaceae,Montiopsis,sp.alplains
Montiaceae,Montiopsis,umbellata
Montiaceae,Phemeranthus,brevicaulis
Montiaceae,Phemeranthus,brevifolius
Montiaceae,Phemeranthus,sediformis
Montiaceae,Phemeranthus,spinescens
Moraceae,Broussonetia,papyrifera
Moraceae,Ficus,carica
Moraceae,Ficus,macrophylla
Moraceae,Ficus,sarmentosa
Moraceae,Ficus,tikoua
Moraceae,Ficus,tinctoria
Moraceae,Maclura,pomifera
Moraceae,Maclura,tricuspidata
Moraceae,Morus,alba
Moraceae,Morus,australis
Moraceae,Morus,nigra
Musaceae,Musa,balbisiana
Myricaceae,Comptonia,peregrina
Myricaceae,Morella,californica
Myricaceae,Morella,cerifera
Myricaceae,Myrica,gale
Myricaceae,Myrica,pensylvanica
Myricaceae,Myrica,rubra
Myrtaceae,Astartea,fascicularis
Myrtaceae,Baeckea,gunniana
Myrtaceae,Baeckea,linifolia
Myrtaceae,Baeckea,virgata
Myrtaceae,Callistemon,citrinus
Myrtaceae,Callistemon,linearis
Myrtaceae,Callistemon,pallidus
Myrtaceae,Callistemon,paludosus
Myrtaceae,Callistemon,rigidus
Myrtaceae,Callistemon,subulatus
Myrtaceae,Callistemon,viminalis
Myrtaceae,Calothamnus,pinifolius
Myrtaceae,Calothamnus,validus
Myrtaceae,Calytrix,tetragona
Myrtaceae,Eucalyptus,
Myrtaceae,Eucalyptus,archeri
Myrtaceae,Eucalyptus,coccifera
Myrtaceae,Eucalyptus,conferruminata
Myrtaceae,Eucalyptus,consideniana
Myrtaceae,Eucalyptus,cordata
Myrtaceae,Eucalyptus,dalrympleana
Myrtaceae,Eucalyptus,delegatensis
Myrtaceae,Eucalyptus,glaucescens
Myrtaceae,Eucalyptus,globulus
Myrtaceae,Eucalyptus,gregsoniana
Myrtaceae,Eucalyptus,gunnii
Myrtaceae,Eucalyptus,johnstonii
Myrtaceae,Eucalyptus,macarthurii
Myrtaceae,Eucalyptus,moorei
Myrtaceae,Eucalyptus,neglecta
Myrtaceae,Eucalyptus,nitens
Myrtaceae,Eucalyptus,olsenii
Myrtaceae,Eucalyptus,parvifolia
Myrtaceae,Eucalyptus,parvula
Myrtaceae,Eucalyptus,pauciflora
Myrtaceae,Eucalyptus,perriniana
Myrtaceae,Eucalyptus,risdonii
Myrtaceae,Eucalyptus,rodwayi
Myrtaceae,Eucalyptus,rubida
Myrtaceae,Eucalyptus,stellulata
Myrtaceae,Eucalyptus,subcrenulata
Myrtaceae,Eucalyptus,urnigera
Myrtaceae,Eucalyptus,vernicosa
Myrtaceae,Eucalyptus,viminalis
Myrtaceae,Feijoa,sellowiana
Myrtaceae,Kunzea,
Myrtaceae,Kunzea,ambigua
Myrtaceae,Kunzea,capitata
Myrtaceae,Kunzea,muelleri
Myrtaceae,Kunzea,parvifolia
Myrtaceae,Leptospermum,(Charlton.#)
Myrtaceae,Leptospermum,arachnoides
Myrtaceae,Leptospermum,blakeleyi
Myrtaceae,Leptospermum,cunninghamii
Myrtaceae,Leptospermum,glaucescens
Myrtaceae,Leptospermum,grandiflorum
Myrtaceae,Leptospermum,juniperinum
Myrtaceae,Leptospermum,lanigerum
Myrtaceae,Leptospermum,liversidgei
Myrtaceae,Leptospermum,macrocarpum
Myrtaceae,Leptospermum,myrtifolium
Myrtaceae,Leptospermum,namadgiensis
Myrtaceae,Leptospermum,nitidum
Myrtaceae,Leptospermum,obovatum
Myrtaceae,Leptospermum,phylicoides
Myrtaceae,Leptospermum,riparium
Myrtaceae,Leptospermum,rupestre
Myrtaceae,Leptospermum,scoparium
Myrtaceae,Leptospermum,semibaccatum
Myrtaceae,Leptospermum,squarrosum
Myrtaceae,Leptospermum,turbinatum
Myrtaceae,Luma,apiculata
Myrtaceae,Melaleuca,armillaris
Myrtaceae,Melaleuca,capitata
Myrtaceae,Melaleuca,gibbosa
Myrtaceae,Melaleuca,lophantha
Myrtaceae,Melaleuca,nematophylla
Myrtaceae,Melaleuca,nesophila
Myrtaceae,Melaleuca,nodosa
Myrtaceae,Melaleuca,pallida
Myrtaceae,Melaleuca,pityoides
Myrtaceae,Melaleuca,squamea
Myrtaceae,Melaleuca,squarrosa
Myrtaceae,Melaleuca,virens
Myrtaceae,Metrosideros,carminea
Myrtaceae,Metrosideros,umbellatus
Myrtaceae,Myrceugenia,
Myrtaceae,Myrceugenia,chrysocarpa
Myrtaceae,Myrceugenia,ovata
Myrtaceae,Myrcianthes,pungens
Myrtaceae,Myrteola,nummularia
Myrtaceae,Myrtus,chequen
Myrtaceae,Myrtus,communis
Myrtaceae,Phymatocarpus,maxwellii
Myrtaceae,Sannantha,pluriflora
Myrtaceae,Ugni,molinae
Nartheciaceae,Aletris,farinosa
Nartheciaceae,Narthecium,asiaticum
Nartheciaceae,Narthecium,californicum
Nartheciaceae,Narthecium,ossifragum
Neckeraceae,Neckera,douglasii
Neckeraceae,Porotrichum,bigelovii
Nepenthaceae,Nepenthes,alata
Nothofagaceae,Nothofagus,antarctica
Nothofagaceae,Nothofagus,dombeyi
Nothofagaceae,Nothofagus,menziesii
Nothofagaceae,Nothofagus,pumilio
Nyctaginaceae,Abronia,fragrans
Nyctaginaceae,Abronia,latifolia
Nyctaginaceae,Mirabilis,hirsuta
Nyctaginaceae,Mirabilis,multiflora
Nymphaeaceae,Euryale,ferox
Nymphaeaceae,Nuphar,polysepala
Nymphaeaceae,Nuphar,variegatum
Nymphaeaceae,Nymphaea,tetragona
Nyssaceae,Camptotheca,acuminata
Nyssaceae,Davidia,involucrata
Nyssaceae,Nyssa,aquatica
Nyssaceae,Nyssa,ogeche
Nyssaceae,Nyssa,sinensis
Nyssaceae,Nyssa,sylvatica
Oleaceae,Abeliophyllum,distichum
Oleaceae,Chionanthus,pygmaeus
Oleaceae,Chionanthus,retusus
Oleaceae,Chionanthus,virginicus
Oleaceae,Forsythia,
Oleaceae,Forsythia,giraldiana
Oleaceae,Forsythia,ovata
Oleaceae,Forsythia,suspensa
Oleaceae,Forsythia,viridissima
Oleaceae,Forsythia,× intermedia
Oleaceae,Fraxinus,americana
Oleaceae,Fraxinus,angustifolia
Oleaceae,Fraxinus,baroniana
Oleaceae,Fraxinus,bungeana
Oleaceae,Fraxinus,chinensis
Oleaceae,Fraxinus,cuspidata
Oleaceae,Fraxinus,dipetala
Oleaceae,Fraxinus,excelsior
Oleaceae,Fraxinus,griffithii
Oleaceae,Fraxinus,insularis
Oleaceae,Fraxinus,latifolia
Oleaceae,Fraxinus,nigra
Oleaceae,Fraxinus,ornus
Oleaceae,Fraxinus,paxiana
Oleaceae,Fraxinus,pennsylvanica
Oleaceae,Fraxinus,platypoda
Oleaceae,Fraxinus,quadrangulata
Oleaceae,Fraxinus,sieboldiana
Oleaceae,Fraxinus,sikkimensis
Oleaceae,Fraxinus,sp.
Oleaceae,Fraxinus,spaethiana
Oleaceae,Fraxinus,xanthoxyloides
Oleaceae,Jasminum,fruticans
Oleaceae,Jasminum,humile
Oleaceae,Jasminum,nudiflorum
Oleaceae,Jasminum,officinale
Oleaceae,Jasminum,parkeri
Oleaceae,Jasminum,pubigerum
Oleaceae,Ligustrum,compactum
Oleaceae,Ligustrum,delavayanum
Oleaceae,Ligustrum,japonicum
Oleaceae,Ligustrum,lucidum
Oleaceae,Ligustrum,quihoui
Oleaceae,Ligustrum,tschonoskii
Oleaceae,Osmanthus,armatus
Oleaceae,Osmanthus,decorus
Oleaceae,Osmanthus,delavayi
Oleaceae,Osmanthus,fragrans
Oleaceae,Osmanthus,heterophyllus
Oleaceae,Osmanthus,serrulatus
Oleaceae,Osmanthus,sp.
Oleaceae,Osmanthus,suavis
Oleaceae,Osmanthus,yunnanensis
Oleaceae,Osmanthus,× burkwoodii
Oleaceae,Osmanthus,× fortunei
Oleaceae,Phillyrea,angustifolia
Oleaceae,Phillyrea,latifolia
Oleaceae,Syringa,(SICH.0680)
Oleaceae,Syringa,emodi
Oleaceae,Syringa,meyeri
Oleaceae,Syringa,microphylla
Oleaceae,Syringa,oblata
Oleaceae,Syringa,palibiniana
Oleaceae,Syringa,pinnatifolia
Oleaceae,Syringa,potaninii
Oleaceae,Syringa,pubescens
Oleaceae,Syringa,reticulata
Oleaceae,Syringa,sp.
Oleaceae,Syringa,sweginzowii
Oleaceae,Syringa,tigerstedtii
Oleaceae,Syringa,velutina
Oleaceae,Syringa,villosa
Oleaceae,Syringa,vulgaris
Oleaceae,Syringa,wulingensis
Oleaceae,Syringa,yunnanensis
Oleaceae,Syringa,× laciniata
Onagraceae,Camissonia,contorta
Onagraceae,Camissonia,subacaulis
Onagraceae,Chamaenerion,latifolium
Onagraceae,Circaea,alpina
Onagraceae,Clarkia,amoena
Onagraceae,Clarkia,pulchella
Onagraceae,Clarkia,purpurea
Onagraceae,Clarkia,rhomboidea
Onagraceae,Epilobium,anagallidifolium
Onagraceae,Epilobium,angustifolium
Onagraceae,Epilobium,canum
Onagraceae,Epilobium,ciliatum
Onagraceae,Epilobium,clavatum
Onagraceae,Epilobium,crassum
Onagraceae,Epilobium,dodonaei
Onagraceae,Epilobium,forbesii
Onagraceae,Epilobium,glaberrimum
Onagraceae,Epilobium,hirsutum
Onagraceae,Epilobium,hornemannii
Onagraceae,Epilobium,luteum
Onagraceae,Epilobium,obcordatum
Onagraceae,Epilobium,oregonense
Onagraceae,Epilobium,palustre
Onagraceae,Epilobium,rigidum
Onagraceae,Epilobium,sp.
Onagraceae,Epilobium,tasmanicum
Onagraceae,Fuchsia,
Onagraceae,Fuchsia,excorticata
Onagraceae,Fuchsia,hybrid
Onagraceae,Fuchsia,magellanica
Onagraceae,Fuchsia,microphylla
Onagraceae,Fuchsia,procumbens
Onagraceae,Fuchsia,regia
Onagraceae,Fuchsia,thymifolia
Onagraceae,Fuchsia,× bacillaris
Onagraceae,Ludwigia,alternifolia
Onagraceae,Oenothera,
Onagraceae,Oenothera,(C.Porter)
Onagraceae,Oenothera,acaulis
Onagraceae,Oenothera,ammophila
Onagraceae,Oenothera,berlandieri
Onagraceae,Oenothera,biennis
Onagraceae,Oenothera,brachycarpa
Onagraceae,Oenothera,caespitosa
Onagraceae,Oenothera,cheiranthifolia
Onagraceae,Oenothera,cinaeus
Onagraceae,Oenothera,flava
Onagraceae,Oenothera,fruticosa
Onagraceae,Oenothera,glazioviana
Onagraceae,Oenothera,kunthiana
Onagraceae,Oenothera,lavandulifolia
Onagraceae,Oenothera,lindheimeri
Onagraceae,Oenothera,macrocarpa
Onagraceae,Oenothera,missourensis
Onagraceae,Oenothera,nuttallii
Onagraceae,Oenothera,odorata
Onagraceae,Oenothera,pallida
Onagraceae,Oenothera,perennis
Onagraceae,Oenothera,speciosa
Onagraceae,Oenothera,triloba
Onagraceae,Oenothera,villosa
Onagraceae,Taraxia,tanacetifolia
Onagraceae,Zauschneria,californica
Onagraceae,Zauschneria,cana
Onocleaceae,Matteuccia,struthiopteris
Onocleaceae,Onoclea,sensibilis
Ophioglossaceae,Botrychium,(GBS.2706)
Ophioglossaceae,Botrychium,lunaria
Ophioglossaceae,Botrychium,multifidum
Ophioglossaceae,Botrychium,pinnatum
Ophioglossaceae,Botrychium,sp.
Ophioglossaceae,Botrychium,virginianum
Ophioglossaceae,Sceptridium,multifidum
Orchidaceae,Anacamptis,pyramidalis
Orchidaceae,Bletilla,hybrid
Orchidaceae,Bletilla,striata
Orchidaceae,Calanthe,discolor
Orchidaceae,Calanthe,reflexa
Orchidaceae,Calanthe,strigosa
Orchidaceae,Calanthe,tricarinata
Orchidaceae,Calypso,bulbosa
Orchidaceae,Coeloglossum,viride
Orchidaceae,Corallorhiza,maculata
Orchidaceae,Corallorhiza,mertensiana
Orchidaceae,Corallorhiza,trifida
Orchidaceae,Cypripedium,acaule
Orchidaceae,Cypripedium,arietinum
Orchidaceae,Cypripedium,calceolus
Orchidaceae,Cypripedium,californicum
Orchidaceae,Cypripedium,cordigerum
Orchidaceae,Cypripedium,formosanum
Orchidaceae,Cypripedium,japonicum
Orchidaceae,Cypripedium,macranthum
Orchidaceae,Cypripedium,montanum
Orchidaceae,Cypripedium,parviflorum
Orchidaceae,Cypripedium,passerinum
Orchidaceae,Cypripedium,pubescens
Orchidaceae,Cypripedium,reginae
Orchidaceae,Dactylorhiza,
Orchidaceae,Dactylorhiza,elata
Orchidaceae,Dactylorhiza,fuchsii
Orchidaceae,Dactylorhiza,macrocapnos
Orchidaceae,Dactylorhiza,maculata
Orchidaceae,Dactylorhiza,majalis
Orchidaceae,Dactylorhiza,occidentalis
Orchidaceae,Dactylorhiza,praetermissa
Orchidaceae,Dactylorhiza,purpurella
Orchidaceae,Dactylorhiza,sambucina
Orchidaceae,Dactylorhiza,sp.dhtu.0017
Orchidaceae,Dactylorhiza,×
Orchidaceae,Dendrobium,kingianum
Orchidaceae,Dendrobium,moniliforme
Orchidaceae,Eleorchis,japonica
Orchidaceae,Epipactis,gigantea
Orchidaceae,Epipactis,helleborine
Orchidaceae,Epipactis,palustris
Orchidaceae,Epipactis,sp.
Orchidaceae,Goodyera,maximowicziana
Orchidaceae,Goodyera,oblongifolia
Orchidaceae,Goodyera,repens
Orchidaceae,Goodyera,sp.
Orchidaceae,Habenaria,unalascensis
Orchidaceae,Hammarbya,paludosa
Orchidaceae,Listera,caurina
Orchidaceae,Listera,cordata
Orchidaceae,Listera,ovata
Orchidaceae,Orchis,graminifolia
Orchidaceae,Orchis,spitzellii
Orchidaceae,Oreorchis,patens
Orchidaceae,Pecteilis,radiata
Orchidaceae,Piperia,unalascensis
Orchidaceae,Platanthera,bifolia
Orchidaceae,Platanthera,chlorantha
Orchidaceae,Platanthera,chorisiana
Orchidaceae,Platanthera,dilatata
Orchidaceae,Platanthera,hyperborea
Orchidaceae,Platanthera,obtusata
Orchidaceae,Platanthera,orbiculata
Orchidaceae,Platanthera,stricta
Orchidaceae,Platanthera,unalascensis
Orchidaceae,Platanthera,viridis
Orchidaceae,Pleione,bulbocodioides
Orchidaceae,Pleione,formosana
Orchidaceae,Pleione,forrestii
Orchidaceae,Pleione,humilis
Orchidaceae,Pleione,pleionoides
Orchidaceae,Pleione,sp.
Orchidaceae,Pleione,yunnanensis
Orchidaceae,Spiranthes,romanzoffiana
Orobanchaceae,Aureolaria,flava
Orobanchaceae,Aureolaria,pedicularia
Orobanchaceae,Boschniakia,hookeri
Orobanchaceae,Castilleja,arachnoidea
Orobanchaceae,Castilleja,cervina
Orobanchaceae,Castilleja,cusickii
Orobanchaceae,Castilleja,elmeri
Orobanchaceae,Castilleja,hispida
Orobanchaceae,Castilleja,levisecta
Orobanchaceae,Castilleja,linariifolia
Orobanchaceae,Castilleja,lutescens
Orobanchaceae,Castilleja,miniata
Orobanchaceae,Castilleja,pallescens
Orobanchaceae,Castilleja,parviflora
Orobanchaceae,Castilleja,rhexifolia
Orobanchaceae,Castilleja,sp.
Orobanchaceae,Castilleja,sulphurea
Orobanchaceae,Castilleja,thompsonii
Orobanchaceae,Castilleja,unalaschcensis
Orobanchaceae,Cycnium,racemosum
Orobanchaceae,Euphrasia,officinalis
Orobanchaceae,Graderia,scabra
Orobanchaceae,Orobanche,californica
Orobanchaceae,Orobanche,corymbosa
Orobanchaceae,Orobanche,fasciculata
Orobanchaceae,Orobanche,grayana
Orobanchaceae,Orobanche,uniflora
Orobanchaceae,Orthocarpus,cuspidatus
Orobanchaceae,Orthocarpus,imbricatus
Orobanchaceae,Orthocarpus,luteus
Orobanchaceae,Orthocarpus,pusillus
Orobanchaceae,Parentucellia,viscosa
Orobanchaceae,Pedicularis,
Orobanchaceae,Pedicularis,(NS.0119)
Orobanchaceae,Pedicularis,(RLT.6499)
Orobanchaceae,Pedicularis,bracteosa
Orobanchaceae,Pedicularis,groenlandica
Orobanchaceae,Pedicularis,lanata
Orobanchaceae,Pedicularis,ludwigii
Orobanchaceae,Pedicularis,oederi
Orobanchaceae,Pedicularis,parviflora
Orobanchaceae,Pedicularis,racemosa
Orobanchaceae,Pedicularis,rostrato-capitata
Orobanchaceae,Pedicularis,sibthorpii
Orobanchaceae,Rehmannia,angulata
Orobanchaceae,Rehmannia,elata
Orobanchaceae,Rehmannia,glutinosa
Orobanchaceae,Rhinanthus,minor
Orthotrichaceae,Orthotrichum,consimile
Orthotrichaceae,Orthotrichum,lyellii
Orthotrichaceae,Orthotrichum,pulchellum
Orthotrichaceae,Orthotrichum,striatum
Orthotrichaceae,Ulota,obtusiuscula
Osmundaceae,Osmunda,claytoniana
Osmundaceae,Osmunda,regalis
Osmundaceae,Osmundastrum,cinnamomeum
Oxalidaceae,Oxalis,
Oxalidaceae,Oxalis,(W.0064)
Oxalidaceae,Oxalis,adenophylla
Oxalidaceae,Oxalis,corniculata
Oxalidaceae,Oxalis,deppei
Oxalidaceae,Oxalis,depressa
Oxalidaceae,Oxalis,enneaphylla
Oxalidaceae,Oxalis,griffithii
Oxalidaceae,Oxalis,laciniata
Oxalidaceae,Oxalis,magellanica
Oxalidaceae,Oxalis,megalorrhiza
Oxalidaceae,Oxalis,oregana
Oxalidaceae,Oxalis,purpurea
Oxalidaceae,Oxalis,regnellii
Oxalidaceae,Oxalis,sp.
Oxalidaceae,Oxalis,squamata
Oxalidaceae,Oxalis,stricta
Oxalidaceae,Oxalis,tortuosa
Oxalidaceae,Oxalis,tuberosa
Oxalidaceae,Oxalis,valdiviensis
Paeoniaceae,Paeonia,
Paeoniaceae,Paeonia,anomala
Paeoniaceae,Paeonia,brownii
Paeoniaceae,Paeonia,cambessedesii
Paeoniaceae,Paeonia,caucasica
Paeoniaceae,Paeonia,daurica
Paeoniaceae,Paeonia,delavayi
Paeoniaceae,Paeonia,intermedia
Paeoniaceae,Paeonia,jishanensis
Paeoniaceae,Paeonia,lactiflora
Paeoniaceae,Paeonia,ludlowii
Paeoniaceae,Paeonia,mairei
Paeoniaceae,Paeonia,mascula
Paeoniaceae,Paeonia,obovata
Paeoniaceae,Paeonia,officinalis
Paeoniaceae,Paeonia,peregrina
Paeoniaceae,Paeonia,rockii
Paeoniaceae,Paeonia,sp.
Paeoniaceae,Paeonia,suffruticosa
Paeoniaceae,Paeonia,tenuifolia
Papaveraceae,Adlumia,fungosa
Papaveraceae,Arctomecon,californica
Papaveraceae,Arctomecon,merriamii
Papaveraceae,Cathcartia,villosa
Papaveraceae,Cysticapnos,pruinosa
Papaveraceae,Hunnemannia,fumariifolia
Papaveraceae,Oreomecon,alpina
Papaveraceae,Oreomecon,lapponica
Papaveraceae,Pseudofumaria,alba
Papaveraceae,Sanguinaria,canadensis
Papaveraceae,Sarcocapnos,baetica
Papaveraceae,Sarcocapnos,crassifolia
Papaveraceae subfam. Fumarioideae,Capnoides,sempervirens
Papaveraceae subfam. Fumarioideae,Corydalis,adunca
Papaveraceae subfam. Fumarioideae,Corydalis,ambigua
Papaveraceae subfam. Fumarioideae,Corydalis,aurea
Papaveraceae subfam. Fumarioideae,Corydalis,buschii
Papaveraceae subfam. Fumarioideae,Corydalis,calycosa
Papaveraceae subfam. Fumarioideae,Corydalis,cheilanthifolia
Papaveraceae subfam. Fumarioideae,Corydalis,densiflora
Papaveraceae subfam. Fumarioideae,Corydalis,flexuosa
Papaveraceae subfam. Fumarioideae,Corydalis,glaucescens
Papaveraceae subfam. Fumarioideae,Corydalis,integra
Papaveraceae subfam. Fumarioideae,Corydalis,nobilis
Papaveraceae subfam. Fumarioideae,Corydalis,omeiana
Papaveraceae subfam. Fumarioideae,Corydalis,pauciflora
Papaveraceae subfam. Fumarioideae,Corydalis,petrophila
Papaveraceae subfam. Fumarioideae,Corydalis,remota
Papaveraceae subfam. Fumarioideae,Corydalis,rupestris
Papaveraceae subfam. Fumarioideae,Corydalis,scouleri
Papaveraceae subfam. Fumarioideae,Corydalis,seisumsiana
Papaveraceae subfam. Fumarioideae,Corydalis,solida
Papaveraceae subfam. Fumarioideae,Corydalis,sp.
Papaveraceae subfam. Fumarioideae,Corydalis,wilsonii
Papaveraceae subfam. Fumarioideae,Dicentra,
Papaveraceae subfam. Fumarioideae,Dicentra,(KR.1715)
Papaveraceae subfam. Fumarioideae,Dicentra,canadensis
Papaveraceae subfam. Fumarioideae,Dicentra,cucullaria
Papaveraceae subfam. Fumarioideae,Dicentra,eximia
Papaveraceae subfam. Fumarioideae,Dicentra,formosa
Papaveraceae subfam. Fumarioideae,Dicentra,macrocapnos
Papaveraceae subfam. Fumarioideae,Dicentra,oregana
Papaveraceae subfam. Fumarioideae,Dicentra,peregrina
Papaveraceae subfam. Fumarioideae,Fumaria,officinalis
Papaveraceae subfam. Fumarioideae,Lamprocapnos,spectabilis
Papaveraceae subfam. Papaveroideae,Argemone,corymbosa
Papaveraceae subfam. Papaveroideae,Argemone,mexicana
Papaveraceae subfam. Papaveroideae,Argemone,munita
Papaveraceae subfam. Papaveroideae,Chelidonium,asiaticum
Papaveraceae subfam. Papaveroideae,Chelidonium,majus
Papaveraceae subfam. Papaveroideae,Dactylicapnos,scandens
Papaveraceae subfam. Papaveroideae,Dendromecon,rigida
Papaveraceae subfam. Papaveroideae,Dicranostigma,lactucoides
Papaveraceae subfam. Papaveroideae,Eomecon,chionantha
Papaveraceae subfam. Papaveroideae,Eschscholzia,caespitosa
Papaveraceae subfam. Papaveroideae,Eschscholzia,californica
Papaveraceae subfam. Papaveroideae,Glaucium,acutidentatum
Papaveraceae subfam. Papaveroideae,Glaucium,fimbrilligerum
Papaveraceae subfam. Papaveroideae,Glaucium,flavum
Papaveraceae subfam. Papaveroideae,Hylomecon,japonica
Papaveraceae subfam. Papaveroideae,Macleaya,cordata
Papaveraceae subfam. Papaveroideae,Macleaya,microcarpa
Papaveraceae subfam. Papaveroideae,Meconopsis,
Papaveraceae subfam. Papaveroideae,Meconopsis,aculeata
Papaveraceae subfam. Papaveroideae,Meconopsis,baileyi
Papaveraceae subfam. Papaveroideae,Meconopsis,betonicifolia
Papaveraceae subfam. Papaveroideae,Meconopsis,cambrica
Papaveraceae subfam. Papaveroideae,Meconopsis,delavayi
Papaveraceae subfam. Papaveroideae,Meconopsis,grandis
Papaveraceae subfam. Papaveroideae,Meconopsis,horridula
Papaveraceae subfam. Papaveroideae,Meconopsis,hybrid
Papaveraceae subfam. Papaveroideae,Meconopsis,integrifolia
Papaveraceae subfam. Papaveroideae,Meconopsis,napaulensis
Papaveraceae subfam. Papaveroideae,Meconopsis,paniculata
Papaveraceae subfam. Papaveroideae,Meconopsis,quintuplinervia
Papaveraceae subfam. Papaveroideae,Meconopsis,regia
Papaveraceae subfam. Papaveroideae,Meconopsis,robusta
Papaveraceae subfam. Papaveroideae,Meconopsis,sp.
Papaveraceae subfam. Papaveroideae,Meconopsis,superba
Papaveraceae subfam. Papaveroideae,Meconopsis,wilsonii
Papaveraceae subfam. Papaveroideae,Meconopsis,× sheldonii
Papaveraceae subfam. Papaveroideae,Papaver,
Papaveraceae subfam. Papaveroideae,Papaver,aculeatum
Papaveraceae subfam. Papaveroideae,Papaver,alboroseum
Papaveraceae subfam. Papaveroideae,Papaver,alpinum
Papaveraceae subfam. Papaveroideae,Papaver,anomalum
Papaveraceae subfam. Papaveroideae,Papaver,apokrinomenon
Papaveraceae subfam. Papaveroideae,Papaver,atlanticum
Papaveraceae subfam. Papaveroideae,Papaver,commutatum
Papaveraceae subfam. Papaveroideae,Papaver,dubium
Papaveraceae subfam. Papaveroideae,Papaver,ernesti-mayeri
Papaveraceae subfam. Papaveroideae,Papaver,lisae
Papaveraceae subfam. Papaveroideae,Papaver,miyabeanum
Papaveraceae subfam. Papaveroideae,Papaver,monanthum
Papaveraceae subfam. Papaveroideae,Papaver,nudicaulis
Papaveraceae subfam. Papaveroideae,Papaver,oreophilum
Papaveraceae subfam. Papaveroideae,Papaver,orientale
Papaveraceae subfam. Papaveroideae,Papaver,polychaetum
Papaveraceae subfam. Papaveroideae,Papaver,pyrenaicum
Papaveraceae subfam. Papaveroideae,Papaver,rhaeticum
Papaveraceae subfam. Papaveroideae,Papaver,rhoeas
Papaveraceae subfam. Papaveroideae,Papaver,setigerum
Papaveraceae subfam. Papaveroideae,Papaver,somniferum
Papaveraceae subfam. Papaveroideae,Papaver,sp.
Papaveraceae subfam. Papaveroideae,Papaver,spicatum
Papaveraceae subfam. Papaveroideae,Romneya,coulteri
Papaveraceae subfam. Papaveroideae,Romneya,trichocalyx
Papaveraceae subfam. Papaveroideae,Stylophorum,diphyllum
Papaveraceae subfam. Papaveroideae,Stylophorum,lasiocarpum
Papaveraceae subfam. Pteridophylloideae,Pteridophyllum,racemosum
Passifloraceae,Malesherbia,linearifolia
Passifloraceae,Passiflora,
Passifloraceae,Passiflora,caerulea
Passifloraceae,Passiflora,edulis
Passifloraceae,Passiflora,incarnata
Passifloraceae,Passiflora,lutea
Passifloraceae,Passiflora,mollissima
Passifloraceae,Passiflora,umbilicata
Paulowniaceae,Paulownia,fargesii
Paulowniaceae,Paulownia,fortunei
Paulowniaceae,Paulownia,kawakamii
Paulowniaceae,Paulownia,tomentosa
Pedaliaceae,Ceratotheca,triloba
Pedaliaceae,Sesamum,indicum
Pentaphylacaceae,Adinandra,bockiana
Pentaphylacaceae,Adinandra,glischroloma
Pentaphylacaceae,Adinandra,millettii
Pentaphylacaceae,Adinandra,sp.
Pentaphylacaceae,Cleyera,japonica
Pentaphylacaceae,Eurya,emarginata
Pentaphylacaceae,Eurya,japonica
Pentaphylacaceae,Eurya,muricata
Pentaphylacaceae,Eurya,saxicola
Pentaphylacaceae,Eurya,sp.
Pentaphylacaceae,Ternstroemia,gymnanthera
Pentaphylacaceae,Ternstroemia,sp.
Philesiaceae,Lapageria,rosea
Philesiaceae,Philesia,buxifolia
Philesiaceae,Philesia,magellanica
Phrymaceae,Diplacus,aurantiacus
Phrymaceae,Diplacus,grandiflorus
Phrymaceae,Diplacus,longiflorus
Phrymaceae,Diplacus,puniceus
Phrymaceae,Erythranthe,alsinoides
Phrymaceae,Erythranthe,caespitosa
Phrymaceae,Erythranthe,cardinalis
Phrymaceae,Erythranthe,cuprea
Phrymaceae,Erythranthe,eastwoodiae
Phrymaceae,Erythranthe,floribunda
Phrymaceae,Erythranthe,glabrata
Phrymaceae,Erythranthe,guttata
Phrymaceae,Erythranthe,lewisii
Phrymaceae,Erythranthe,linearifolia
Phrymaceae,Erythranthe,lutea
Phrymaceae,Erythranthe,moschata
Phrymaceae,Erythranthe,naiandina
Phrymaceae,Erythranthe,sp.
Phrymaceae,Mimulus,
Phrymaceae,Mimulus,ringens
Phrymaceae,Mimulus,sp.
Phyllanthaceae,Antidesma,japonicum
Phyllanthaceae,Bischofia,polycarpa
Phytolaccaceae,Ercilla,spicata
Phytolaccaceae,Phytolacca,americana
Phytolaccaceae,Phytolacca,hybrid
Phytolaccaceae,Phytolacca,polyandra
Pinaceae,Abies,alba
Pinaceae,Abies,amabilis
Pinaceae,Abies,balsamea
Pinaceae,Abies,bracteata
Pinaceae,Abies,cephalonica
Pinaceae,Abies,chensiensis
Pinaceae,Abies,concolor
Pinaceae,Abies,delavayi
Pinaceae,Abies,densa
Pinaceae,Abies,fabri
Pinaceae,Abies,fargesii
Pinaceae,Abies,fraseri
Pinaceae,Abies,georgei
Pinaceae,Abies,grandis
Pinaceae,Abies,holophylla
Pinaceae,Abies,homolepis
Pinaceae,Abies,kawakamii
Pinaceae,Abies,koreana
Pinaceae,Abies,lasiocarpa
Pinaceae,Abies,magnifica
Pinaceae,Abies,mariesii
Pinaceae,Abies,numidica
Pinaceae,Abies,pindrow
Pinaceae,Abies,pinsapo
Pinaceae,Abies,procera
Pinaceae,Abies,recurvata
Pinaceae,Abies,sachalinensis
Pinaceae,Abies,sp.
Pinaceae,Abies,squamata
Pinaceae,Abies,× shastensis
Pinaceae,Cathaya,argyrophylla
Pinaceae,Cedrus,atlantica
Pinaceae,Cedrus,deodara
Pinaceae,Cedrus,libani
Pinaceae,Keteleeria,davidiana
Pinaceae,Keteleeria,evelyniana
Pinaceae,Larix,decidua
Pinaceae,Larix,gmelinii
Pinaceae,Larix,griffithii
Pinaceae,Larix,kaempferi
Pinaceae,Larix,laricina
Pinaceae,Larix,lyallii
Pinaceae,Larix,occidentalis
Pinaceae,Larix,potaninii
Pinaceae,Larix,speciosa
Pinaceae,Larix,× marschlinsii
Pinaceae,Picea,abies
Pinaceae,Picea,alcoquiana
Pinaceae,Picea,asperata
Pinaceae,Picea,brachytyla
Pinaceae,Picea,breweriana
Pinaceae,Picea,chihuahuana
Pinaceae,Picea,crassifolia
Pinaceae,Picea,engelmannii
Pinaceae,Picea,glauca
Pinaceae,Picea,glehnii
Pinaceae,Picea,humilis
Pinaceae,Picea,jezoensis
Pinaceae,Picea,koraiensis
Pinaceae,Picea,likiangensis
Pinaceae,Picea,linzhiensis
Pinaceae,Picea,mariana
Pinaceae,Picea,morrisonicola
Pinaceae,Picea,omorika
Pinaceae,Picea,orientalis
Pinaceae,Picea,pungens
Pinaceae,Picea,purpurea
Pinaceae,Picea,rubens
Pinaceae,Picea,schrenkiana
Pinaceae,Picea,sitchensis
Pinaceae,Picea,smithiana
Pinaceae,Picea,sp.
Pinaceae,Picea,spinulosa
Pinaceae,Picea,torano
Pinaceae,Picea,wilsonii
Pinaceae,Picea,× lutzii
Pinaceae,Pinus,
Pinaceae,Pinus,albicaulis
Pinaceae,Pinus,aristata
Pinaceae,Pinus,armandii
Pinaceae,Pinus,attenuata
Pinaceae,Pinus,balfouriana
Pinaceae,Pinus,bhutanica
Pinaceae,Pinus,brutia
Pinaceae,Pinus,bungeana
Pinaceae,Pinus,cembra
Pinaceae,Pinus,contorta
Pinaceae,Pinus,densata
Pinaceae,Pinus,densiflora
Pinaceae,Pinus,flexilis
Pinaceae,Pinus,halepensis
Pinaceae,Pinus,heldreichii
Pinaceae,Pinus,jeffreyi
Pinaceae,Pinus,koraiensis
Pinaceae,Pinus,kwangtungensis
Pinaceae,Pinus,lambertiana
Pinaceae,Pinus,longaeva
Pinaceae,Pinus,monophylla
Pinaceae,Pinus,monticola
Pinaceae,Pinus,mugo
Pinaceae,Pinus,muricata
Pinaceae,Pinus,nigra
Pinaceae,Pinus,parviflora
Pinaceae,Pinus,patula
Pinaceae,Pinus,peuce
Pinaceae,Pinus,pinea
Pinaceae,Pinus,ponderosa
Pinaceae,Pinus,pumila
Pinaceae,Pinus,pungens
Pinaceae,Pinus,resinosa
Pinaceae,Pinus,rigida
Pinaceae,Pinus,sabiniana
Pinaceae,Pinus,sp.
Pinaceae,Pinus,strobiformis
Pinaceae,Pinus,strobus
Pinaceae,Pinus,sylvestris
Pinaceae,Pinus,taeda
Pinaceae,Pinus,taiwanensis
Pinaceae,Pinus,thunbergii
Pinaceae,Pinus,uncinata
Pinaceae,Pinus,virginiana
Pinaceae,Pinus,wallichiana
Pinaceae,Pseudolarix,amabilis
Pinaceae,Pseudotsuga,menziesii
Pinaceae,Pseudotsuga,sinensis
Pinaceae,Tsuga,canadensis
Pinaceae,Tsuga,caroliniana
Pinaceae,Tsuga,chinensis
Pinaceae,Tsuga,diversifolia
Pinaceae,Tsuga,dumosa
Pinaceae,Tsuga,heterophylla
Pinaceae,Tsuga,mertensiana
Pinaceae,Tsuga,sieboldii
Piperaceae,Piper,arborescens
Pittosporaceae,Billardiera,cymosa
Pittosporaceae,Billardiera,heterophylla
Pittosporaceae,Billardiera,longiflora
Pittosporaceae,Billardiera,scandens
Pittosporaceae,Bursaria,spinosa
Pittosporaceae,Pittosporum,
Pittosporaceae,Pittosporum,adaphniphylloides
Pittosporaceae,Pittosporum,bicolor
Pittosporaceae,Pittosporum,brevicalyx
Pittosporaceae,Pittosporum,colensoi
Pittosporaceae,Pittosporum,crassifolium
Pittosporaceae,Pittosporum,daphniphylloides
Pittosporaceae,Pittosporum,eugenioides
Pittosporaceae,Pittosporum,illicioides
Pittosporaceae,Pittosporum,sp.
Pittosporaceae,Pittosporum,subulisepalum
Pittosporaceae,Pittosporum,tenuifolium
Pittosporaceae,Pittosporum,tobira
Pittosporaceae,Pittosporum,truncatum
Pittosporaceae,Pittosporum,xylocarpum
Plagiotheciaceae,Pseudotaxiphyllum,elegans
Plantaginaceae,Antirrhinum,asarina
Plantaginaceae,Antirrhinum,barrelieri
Plantaginaceae,Antirrhinum,braun-blanquetii
Plantaginaceae,Antirrhinum,majus
Plantaginaceae,Antirrhinum,molle
Plantaginaceae,Antirrhinum,pulverulentum
Plantaginaceae,Antirrhinum,sempervirens
Plantaginaceae,Antirrhinum,siculum
Plantaginaceae,Antirrhinum,sp.
Plantaginaceae,Asarina,procumbens
Plantaginaceae,Besseya,alpina
Plantaginaceae,Besseya,ritterana
Plantaginaceae,Besseya,rubra
Plantaginaceae,Callitriche,stagnalis
Plantaginaceae,Chaenorhinum,glareosum
Plantaginaceae,Chaenorhinum,minus
Plantaginaceae,Chaenorhinum,origanifolium
Plantaginaceae,Chaenorhinum,villosum
Plantaginaceae,Chelone,glabra
Plantaginaceae,Chelone,obliqua
Plantaginaceae,Chionophila,jamesii
Plantaginaceae,Collinsia,grandiflora
Plantaginaceae,Collinsia,parviflora
Plantaginaceae,Digitalis,
Plantaginaceae,Digitalis,canariensis
Plantaginaceae,Digitalis,cariensis
Plantaginaceae,Digitalis,ciliata
Plantaginaceae,Digitalis,ferruginea
Plantaginaceae,Digitalis,grandiflora
Plantaginaceae,Digitalis,laevigata
Plantaginaceae,Digitalis,lanata
Plantaginaceae,Digitalis,lutea
Plantaginaceae,Digitalis,nervosa
Plantaginaceae,Digitalis,obscura
Plantaginaceae,Digitalis,parviflora
Plantaginaceae,Digitalis,purpurea
Plantaginaceae,Digitalis,thapsi
Plantaginaceae,Digitalis,viridiflora
Plantaginaceae,Digitalis,×
Plantaginaceae,Digitalis,× mertonensis
Plantaginaceae,Digitalis,× valinii
Plantaginaceae,Ellisiophyllum,pinnatum
Plantaginaceae,Erinus,alpinus
Plantaginaceae,Galvezia,speciosa
Plantaginaceae,Globularia,
Plantaginaceae,Globularia,(YUGOSLAVIA)
Plantaginaceae,Globularia,alypum
Plantaginaceae,Globularia,bisnagarica
Plantaginaceae,Globularia,cordifolia
Plantaginaceae,Globularia,incanescens
Plantaginaceae,Globularia,meridionalis
Plantaginaceae,Globularia,nudicaulis
Plantaginaceae,Globularia,pygmaea
Plantaginaceae,Globularia,repens
Plantaginaceae,Globularia,sarcophylla
Plantaginaceae,Globularia,stygia
Plantaginaceae,Globularia,trichosantha
Plantaginaceae,Globularia,vulgaris
Plantaginaceae,Globularia,willkommii
Plantaginaceae,Hemiphragma,heterophylla
Plantaginaceae,Hippuris,montana
Plantaginaceae,Hippuris,vulgaris
Plantaginaceae,Keckiella,breviflora
Plantaginaceae,Keckiella,cordifolia
Plantaginaceae,Keckiella,corymbosa
Plantaginaceae,Keckiella,lemmonii
Plantaginaceae,Keckiella,rothrockii
Plantaginaceae,Keckiella,ternata
Plantaginaceae,Lagotis,yesoensis
Plantaginaceae,Linaria,(SCR 0.51)
Plantaginaceae,Linaria,aeruginea
Plantaginaceae,Linaria,alpina
Plantaginaceae,Linaria,anticaria
Plantaginaceae,Linaria,genistifolia
Plantaginaceae,Linaria,hepaticifolia
Plantaginaceae,Linaria,peloponnesiaca
Plantaginaceae,Linaria,purpurea
Plantaginaceae,Linaria,sessilis
Plantaginaceae,Linaria,triornithophora
Plantaginaceae,Linaria,vulgaris
Plantaginaceae,Melosperma,andicola
Plantaginaceae,Nothochelone,nemorosa
Plantaginaceae,Ourisia,alpina
Plantaginaceae,Ourisia,caespitosa
Plantaginaceae,Ourisia,coccinea
Plantaginaceae,Ourisia,glandulosa
Plantaginaceae,Ourisia,macrocarpa
Plantaginaceae,Ourisia,macrophylla
Plantaginaceae,Ourisia,microphylla
Plantaginaceae,Ourisia,×
Plantaginaceae,Paederota,bonarota
Plantaginaceae,Paederota,lutea
Plantaginaceae,Penstemon,
Plantaginaceae,Penstemon,(BL.0022)
Plantaginaceae,Penstemon,(BL.0049)
Plantaginaceae,Penstemon,(BL.0060)
Plantaginaceae,Penstemon,(BL.0133)
Plantaginaceae,Penstemon,(BL.0134)
Plantaginaceae,Penstemon,(BL.0137)
Plantaginaceae,Penstemon,(BL.0142)
Plantaginaceae,Penstemon,(BL.0212)
Plantaginaceae,Penstemon,(BL.0230)
Plantaginaceae,Penstemon,(GBS.8151)
Plantaginaceae,Penstemon,(M.79082)
Plantaginaceae,Penstemon,(MT.79016)
Plantaginaceae,Penstemon,(RLT.6634)
Plantaginaceae,Penstemon,alamosensis
Plantaginaceae,Penstemon,albertinus
Plantaginaceae,Penstemon,albidus
Plantaginaceae,Penstemon,alpinus
Plantaginaceae,Penstemon,ambiguus
Plantaginaceae,Penstemon,anguineus
Plantaginaceae,Penstemon,arenicola
Plantaginaceae,Penstemon,aridus
Plantaginaceae,Penstemon,attenuatus
Plantaginaceae,Penstemon,azureus
Plantaginaceae,Penstemon,barbatus
Plantaginaceae,Penstemon,barretiae
Plantaginaceae,Penstemon,barrettiae
Plantaginaceae,Penstemon,berryi
Plantaginaceae,Penstemon,bridgesii
Plantaginaceae,Penstemon,caespitosus
Plantaginaceae,Penstemon,calycosus
Plantaginaceae,Penstemon,campanulatus
Plantaginaceae,Penstemon,cardwellii
Plantaginaceae,Penstemon,clevelandii
Plantaginaceae,Penstemon,clutei
Plantaginaceae,Penstemon,cobaea
Plantaginaceae,Penstemon,confertus
Plantaginaceae,Penstemon,confusus
Plantaginaceae,Penstemon,crandallii
Plantaginaceae,Penstemon,cyananthus
Plantaginaceae,Penstemon,davidsonii
Plantaginaceae,Penstemon,davidsonii × cardwellii
Plantaginaceae,Penstemon,deustus
Plantaginaceae,Penstemon,digitalis
Plantaginaceae,Penstemon,duchesnensis
Plantaginaceae,Penstemon,eatonii
Plantaginaceae,Penstemon,ellipticus
Plantaginaceae,Penstemon,eriantherus
Plantaginaceae,Penstemon,euglaucus
Plantaginaceae,Penstemon,fendleri
Plantaginaceae,Penstemon,flavescens
Plantaginaceae,Penstemon,fruticosus
Plantaginaceae,Penstemon,gairdneri
Plantaginaceae,Penstemon,glaber
Plantaginaceae,Penstemon,glandulosus
Plantaginaceae,Penstemon,globosus
Plantaginaceae,Penstemon,gormanii
Plantaginaceae,Penstemon,gracilentus
Plantaginaceae,Penstemon,gracilis
Plantaginaceae,Penstemon,grandiflorus
Plantaginaceae,Penstemon,hartwegii
Plantaginaceae,Penstemon,heterophyllus
Plantaginaceae,Penstemon,hirsutus
Plantaginaceae,Penstemon,humilis
Plantaginaceae,Penstemon,hybrid
Plantaginaceae,Penstemon,incertus
Plantaginaceae,Penstemon,jamesii
Plantaginaceae,Penstemon,janishiae
Plantaginaceae,Penstemon,kingii
Plantaginaceae,Penstemon,kunthii
Plantaginaceae,Penstemon,labrosus
Plantaginaceae,Penstemon,laetus
Plantaginaceae,Penstemon,laricifolius
Plantaginaceae,Penstemon,leiophyllus
Plantaginaceae,Penstemon,linarioides
Plantaginaceae,Penstemon,lyallii
Plantaginaceae,Penstemon,mensarum
Plantaginaceae,Penstemon,montanus
Plantaginaceae,Penstemon,murrayanus
Plantaginaceae,Penstemon,neotericus
Plantaginaceae,Penstemon,newberryi
Plantaginaceae,Penstemon,nitidus
Plantaginaceae,Penstemon,osterhoutii
Plantaginaceae,Penstemon,ovatus
Plantaginaceae,Penstemon,pachyphyllus
Plantaginaceae,Penstemon,palmeri
Plantaginaceae,Penstemon,parryi
Plantaginaceae,Penstemon,parvulus
Plantaginaceae,Penstemon,perpulcher
Plantaginaceae,Penstemon,petiolatus
Plantaginaceae,Penstemon,pinifolius
Plantaginaceae,Penstemon,procerus
Plantaginaceae,Penstemon,pruinosus
Plantaginaceae,Penstemon,pulchellus
Plantaginaceae,Penstemon,purpusii
Plantaginaceae,Penstemon,richardsonii
Plantaginaceae,Penstemon,roezlii
Plantaginaceae,Penstemon,rostriflorus
Plantaginaceae,Penstemon,rubicundus
Plantaginaceae,Penstemon,rupicola
Plantaginaceae,Penstemon,rydbergii
Plantaginaceae,Penstemon,secundiflorus
Plantaginaceae,Penstemon,serrulatus
Plantaginaceae,Penstemon,smallii
Plantaginaceae,Penstemon,sp
Plantaginaceae,Penstemon,sp.
Plantaginaceae,Penstemon,sp.bah.98-010
Plantaginaceae,Penstemon,sp.beverly.wa
Plantaginaceae,Penstemon,sp.unknown1
Plantaginaceae,Penstemon,speciosus
Plantaginaceae,Penstemon,subglaber
Plantaginaceae,Penstemon,subserratus
Plantaginaceae,Penstemon,superbus
Plantaginaceae,Penstemon,thurberi
Plantaginaceae,Penstemon,tracyi
Plantaginaceae,Penstemon,triphyllus
Plantaginaceae,Penstemon,tubiflorus
Plantaginaceae,Penstemon,tusharensis
Plantaginaceae,Penstemon,venustus
Plantaginaceae,Penstemon,virens
Plantaginaceae,Penstemon,virgatus
Plantaginaceae,Penstemon,washingtonensis
Plantaginaceae,Penstemon,whippleanus
Plantaginaceae,Penstemon,wilcoxii
Plantaginaceae,Penstemon,×
Plantaginaceae,Picrorhiza,kurrooa
Plantaginaceae,Picrorhiza,scrophulariifolia
Plantaginaceae,Plantago,(P&W.6216)
Plantaginaceae,Plantago,(P&W.6224)
Plantaginaceae,Plantago,antarctica
Plantaginaceae,Plantago,arborescens
Plantaginaceae,Plantago,barbata
Plantaginaceae,Plantago,lanceolata
Plantaginaceae,Plantago,lanigera
Plantaginaceae,Plantago,macrocarpa
Plantaginaceae,Plantago,major
Plantaginaceae,Plantago,maritima
Plantaginaceae,Plantago,nivalis
Plantaginaceae,Plantago,patagonica
Plantaginaceae,Plantago,raoulii
Plantaginaceae,Plantago,sempervirens
Plantaginaceae,Plantago,subulata
Plantaginaceae,Plantago,tasmanica
Plantaginaceae,Plantago,uniglumis
Plantaginaceae,Plantago,webbii
Plantaginaceae,Rhodochiton,atrosanguineum
Plantaginaceae,Synthyris,canbyi
Plantaginaceae,Synthyris,laciniata
Plantaginaceae,Synthyris,lanuginosa
Plantaginaceae,Synthyris,missurica
Plantaginaceae,Synthyris,pinnatifida
Plantaginaceae,Synthyris,platycarpa
Plantaginaceae,Synthyris,reniformis
Plantaginaceae,Synthyris,rotundifolia
Plantaginaceae,Synthyris,stellata
Plantaginaceae,Tetranema,mexicanum
Plantaginaceae,Veronica,
Plantaginaceae,Veronica,albicans
Plantaginaceae,Veronica,allionii
Plantaginaceae,Veronica,americana
Plantaginaceae,Veronica,amplexicaulis
Plantaginaceae,Veronica,anagallis-aquatica
Plantaginaceae,Veronica,aphylla
Plantaginaceae,Veronica,armena
Plantaginaceae,Veronica,armstrongii
Plantaginaceae,Veronica,arvensis
Plantaginaceae,Veronica,austriaca
Plantaginaceae,Veronica,bachofenii
Plantaginaceae,Veronica,barkeri
Plantaginaceae,Veronica,baylyi
Plantaginaceae,Veronica,bellidioides
Plantaginaceae,Veronica,biloba
Plantaginaceae,Veronica,bollonsii
Plantaginaceae,Veronica,bombycina
Plantaginaceae,Veronica,brachysiphon
Plantaginaceae,Veronica,buchananii
Plantaginaceae,Veronica,caespitosa
Plantaginaceae,Veronica,canterburiensis
Plantaginaceae,Veronica,catarractae
Plantaginaceae,Veronica,catenata
Plantaginaceae,Veronica,chamaedrys
Plantaginaceae,Veronica,ciliolata
Plantaginaceae,Veronica,colensoi
Plantaginaceae,Veronica,corriganii
Plantaginaceae,Veronica,cupressoides
Plantaginaceae,Veronica,cusickii
Plantaginaceae,Veronica,decora
Plantaginaceae,Veronica,decumbens
Plantaginaceae,Veronica,densifolia
Plantaginaceae,Veronica,diosmifolia
Plantaginaceae,Veronica,elliptica
Plantaginaceae,Veronica,epacridea
Plantaginaceae,Veronica,evenosa
Plantaginaceae,Veronica,formosa
Plantaginaceae,Veronica,fruticans
Plantaginaceae,Veronica,fruticulosa
Plantaginaceae,Veronica,gentianoides
Plantaginaceae,Veronica,gibbsii
Plantaginaceae,Veronica,glaucophylla
Plantaginaceae,Veronica,grandiflora
Plantaginaceae,Veronica,grandis
Plantaginaceae,Veronica,haastii
Plantaginaceae,Veronica,hectorii
Plantaginaceae,Veronica,hookeriana
Plantaginaceae,Veronica,hulkeana
Plantaginaceae,Veronica,incana
Plantaginaceae,Veronica,kiusiana
Plantaginaceae,Veronica,lavaudiana
Plantaginaceae,Veronica,lilliputiana
Plantaginaceae,Veronica,linifolia
Plantaginaceae,Veronica,liwanensis
Plantaginaceae,Veronica,longifolia
Plantaginaceae,Veronica,lyallii
Plantaginaceae,Veronica,lycopodioides
Plantaginaceae,Veronica,macrantha
Plantaginaceae,Veronica,macrocalyx
Plantaginaceae,Veronica,macrocarpa
Plantaginaceae,Veronica,minuta
Plantaginaceae,Veronica,nipponica
Plantaginaceae,Veronica,ochracea
Plantaginaceae,Veronica,odora
Plantaginaceae,Veronica,officinalis
Plantaginaceae,Veronica,oltensis
Plantaginaceae,Veronica,onoei
Plantaginaceae,Veronica,orientalis
Plantaginaceae,Veronica,ornata
Plantaginaceae,Veronica,parviflora
Plantaginaceae,Veronica,pauciramosa
Plantaginaceae,Veronica,peduncularis
Plantaginaceae,Veronica,peregrina
Plantaginaceae,Veronica,perfoliata
Plantaginaceae,Veronica,persica
Plantaginaceae,Veronica,pimeleoides
Plantaginaceae,Veronica,pinguifolia
Plantaginaceae,Veronica,ponae
Plantaginaceae,Veronica,pontica
Plantaginaceae,Veronica,prostrata
Plantaginaceae,Veronica,raoulii
Plantaginaceae,Veronica,rigidula
Plantaginaceae,Veronica,rupicola
Plantaginaceae,Veronica,salicifolia
Plantaginaceae,Veronica,salicornioides
Plantaginaceae,Veronica,saturejoides
Plantaginaceae,Veronica,schmidtiana
Plantaginaceae,Veronica,scutellata
Plantaginaceae,Veronica,senanensis
Plantaginaceae,Veronica,serpyllifolia
Plantaginaceae,Veronica,sp.
Plantaginaceae,Veronica,speciosa
Plantaginaceae,Veronica,spicata
Plantaginaceae,Veronica,stenophylla
Plantaginaceae,Veronica,stricta
Plantaginaceae,Veronica,subalpina
Plantaginaceae,Veronica,subsessilis
Plantaginaceae,Veronica,surculosa
Plantaginaceae,Veronica,szechuanica
Plantaginaceae,Veronica,tetragona
Plantaginaceae,Veronica,topiaria
Plantaginaceae,Veronica,traversii
Plantaginaceae,Veronica,treadwellii
Plantaginaceae,Veronica,turrilliana
Plantaginaceae,Veronica,urvilleana
Plantaginaceae,Veronica,venustula
Plantaginaceae,Veronica,vernicosa
Plantaginaceae,Veronica,wyomingensis
Plantaginaceae,Veronica,× andersonii
Plantaginaceae,Veronicastrum,sibiricum
Plantaginaceae,Veronicastrum,virginica
Plantaginaceae,Veronicastrum,virginicum
Plantaginaceae,Wulfenia,amherstiana
Plantaginaceae,Wulfenia,baldaccii
Plantaginaceae,Wulfenia,carinthiaca
Plantaginaceae,Wulfenia,orientalis
Plantaginaceae,Wulfenia,× schwartzii
Platanaceae,Platanus,cashmeriana
Platanaceae,Platanus,occidentalis
Platanaceae,Platanus,orientalis
Plumbaginaceae,Acantholimon,
Plumbaginaceae,Acantholimon,acerosum
Plumbaginaceae,Acantholimon,alexeenkoanum
Plumbaginaceae,Acantholimon,androsaceum
Plumbaginaceae,Acantholimon,armenum
Plumbaginaceae,Acantholimon,brachystachyum
Plumbaginaceae,Acantholimon,bromifolium
Plumbaginaceae,Acantholimon,caesareum
Plumbaginaceae,Acantholimon,capitatum
Plumbaginaceae,Acantholimon,caryophyllaceum
Plumbaginaceae,Acantholimon,confertiflorum
Plumbaginaceae,Acantholimon,diapensioides
Plumbaginaceae,Acantholimon,festucaceum
Plumbaginaceae,Acantholimon,glumaceum
Plumbaginaceae,Acantholimon,hilariae
Plumbaginaceae,Acantholimon,pamiricum
Plumbaginaceae,Acantholimon,parviflorum
Plumbaginaceae,Acantholimon,sahendicum
Plumbaginaceae,Acantholimon,saxifragiforme
Plumbaginaceae,Acantholimon,tenuifolium
Plumbaginaceae,Acantholimon,ulicinum
Plumbaginaceae,Aeoniopsis,cabulica
Plumbaginaceae,Armeria,
Plumbaginaceae,Armeria,alpina
Plumbaginaceae,Armeria,caespitosa
Plumbaginaceae,Armeria,juniperifolia
Plumbaginaceae,Armeria,maritima
Plumbaginaceae,Armeria,pseudarmeria
Plumbaginaceae,Armeria,pungens
Plumbaginaceae,Armeria,ruscinonensis
Plumbaginaceae,Armeria,sp.
Plumbaginaceae,Armeria,splendens
Plumbaginaceae,Armeria,trojana
Plumbaginaceae,Armeria,welwitschii
Plumbaginaceae,Bukiniczia,cabulica
Plumbaginaceae,Ceratostigma,
Plumbaginaceae,Ceratostigma,griffithii
Plumbaginaceae,Ceratostigma,minus
Plumbaginaceae,Ceratostigma,plumbaginoides
Plumbaginaceae,Ceratostigma,willmottianum
Plumbaginaceae,Dictyolimon,macrorrhabdos
Plumbaginaceae,Goniolimon,speciosum
Plumbaginaceae,Goniolimon,tataricum
Plumbaginaceae,Limonium,binervosum
Plumbaginaceae,Limonium,cosyrense
Plumbaginaceae,Limonium,gougetianum
Plumbaginaceae,Limonium,latifolium
Plumbaginaceae,Limonium,minutum
Plumbaginaceae,Limonium,sinuatum
Plumbaginaceae,Limonium,virgatum
Poaceae,Ampelodesmos,mauritanicus
Poaceae,Andropogon,gerardi
Poaceae,Austroderia,fulvida
Poaceae,Austroderia,richardii
Poaceae,Celtica,gigantea
Poaceae,Chascolytrum,subaristatum
Poaceae,Chrysopogon,gryllus
Poaceae,Diarrhena,americana
Poaceae,Indet Poaceae,
Poaceae,Jarava,ichu
Poaceae,Lagurus,ovatus
Poaceae,Melinis,nerviglumis
Poaceae,Merxmuellera,stereophylla
Poaceae,Oryzopsis,asperifolia
Poaceae,Pleuropogon,refractus
Poaceae,Schizachne,purpurascens
Poaceae,Sesleria,autumnalis
Poaceae,Sesleria,caerulea
Poaceae,Sesleria,heufleriana
Poaceae,Sesleria,nitida
Poaceae,Sesleria,sadleriana
Poaceae,Sorghum,bicolor
Poaceae,Sporobolus,heterolepis
Poaceae,Tripidium,ravennae
Poaceae,Triticum,aestivum
Poaceae,Triticum,dicoccon
Poaceae,Vahlodea,atropurpurea
Poaceae,Zea,mays
Poaceae,Zizania,aquatica
Poaceae subfam. Arundinoideae,Arundo,donax
Poaceae subfam. Arundinoideae,Molinia,arundinacea
Poaceae subfam. Arundinoideae,Molinia,caerulea
Poaceae subfam. Bambusoideae,Bambusa,multiplex
Poaceae subfam. Bambusoideae,Borinda,fungosa
Poaceae subfam. Bambusoideae,Borinda,macclureana
Poaceae subfam. Bambusoideae,Borinda,sp.
Poaceae subfam. Bambusoideae,Borinda,utilis
Poaceae subfam. Bambusoideae,Borinda,yulongshanensis
Poaceae subfam. Bambusoideae,Chimonobambusa,tumidissinoda
Poaceae subfam. Bambusoideae,Chusquea,culeou
Poaceae subfam. Bambusoideae,Chusquea,montana
Poaceae subfam. Bambusoideae,Drepanostachyum,khasianum
Poaceae subfam. Bambusoideae,Fargesia,
Poaceae subfam. Bambusoideae,Fargesia,apicirubens
Poaceae subfam. Bambusoideae,Fargesia,denudata
Poaceae subfam. Bambusoideae,Fargesia,dracocephala
Poaceae subfam. Bambusoideae,Fargesia,murielae
Poaceae subfam. Bambusoideae,Fargesia,nitida
Poaceae subfam. Bambusoideae,Fargesia,robusta
Poaceae subfam. Bambusoideae,Fargesia,scabrida
Poaceae subfam. Bambusoideae,Fargesia,sp.
Poaceae subfam. Bambusoideae,Himalayacalamus,falconeri
Poaceae subfam. Bambusoideae,Phyllostachys,atrovaginata
Poaceae subfam. Bambusoideae,Phyllostachys,aureosulcata
Poaceae subfam. Bambusoideae,Phyllostachys,bambusoides
Poaceae subfam. Bambusoideae,Phyllostachys,edulis
Poaceae subfam. Bambusoideae,Phyllostachys,flexuosa
Poaceae subfam. Bambusoideae,Phyllostachys,glauca
Poaceae subfam. Bambusoideae,Phyllostachys,kwangsiensis
Poaceae subfam. Bambusoideae,Phyllostachys,makinoi
Poaceae subfam. Bambusoideae,Phyllostachys,nigra
Poaceae subfam. Bambusoideae,Phyllostachys,sulphurea
Poaceae subfam. Bambusoideae,Phyllostachys,vivax
Poaceae subfam. Bambusoideae,Pleioblastus,argenteostriatus
Poaceae subfam. Bambusoideae,Pleioblastus,fortunei
Poaceae subfam. Bambusoideae,Pleioblastus,viridistriatus
Poaceae subfam. Bambusoideae,Pseudosasa,humilis
Poaceae subfam. Bambusoideae,Pseudosasa,japonica
Poaceae subfam. Bambusoideae,Sasa,disticha
Poaceae subfam. Bambusoideae,Sasa,minima
Poaceae subfam. Bambusoideae,Sasa,palmata
Poaceae subfam. Bambusoideae,Sasa,veitchii
Poaceae subfam. Bambusoideae,Semiarundinaria,fastuosa
Poaceae subfam. Bambusoideae,Shibataea,chinensis
Poaceae subfam. Bambusoideae,Shibataea,kumasaca
Poaceae subfam. Bambusoideae,Sinarundinaria,nitida
Poaceae subfam. Bambusoideae,Thamnocalamus,crassinodus
Poaceae subfam. Bambusoideae,Thamnocalamus,spathiflorus
Poaceae subfam. Bambusoideae,Yushania,anceps
Poaceae subfam. Bambusoideae,Yushania,brevipaniculata
Poaceae subfam. Bambusoideae,× Phyllosasa,tranquillans
Poaceae subfam. Centothecoideae,Chasmanthium,latifolium
Poaceae subfam. Chloridoideae,Bouteloua,gracilis
Poaceae subfam. Chloridoideae,Eragrostis,airoides
Poaceae subfam. Chloridoideae,Eragrostis,cilianensis
Poaceae subfam. Chloridoideae,Eragrostis,curvula
Poaceae subfam. Chloridoideae,Eragrostis,ferruginea
Poaceae subfam. Chloridoideae,Eragrostis,minor
Poaceae subfam. Chloridoideae,Eragrostis,spectabilis
Poaceae subfam. Chloridoideae,Eragrostis,superba
Poaceae subfam. Chloridoideae,Eragrostis,tef
Poaceae subfam. Chloridoideae,Eragrostis,trichodes
Poaceae subfam. Chloridoideae,Harpochloa,falx
Poaceae subfam. Chloridoideae,Muhlenbergia,(BLM.0248)
Poaceae subfam. Chloridoideae,Muhlenbergia,dubia
Poaceae subfam. Chloridoideae,Muhlenbergia,rigens
Poaceae subfam. Danthonioideae,Chionochloa,conspicua
Poaceae subfam. Danthonioideae,Chionochloa,flavicans
Poaceae subfam. Danthonioideae,Chionochloa,sp.
Poaceae subfam. Danthonioideae,Cortaderia,pilosa
Poaceae subfam. Danthonioideae,Cortaderia,rudiuscula
Poaceae subfam. Danthonioideae,Cortaderia,selloana
Poaceae subfam. Danthonioideae,Danthonia,californica
Poaceae subfam. Danthonioideae,Danthonia,carphoides
Poaceae subfam. Danthonioideae,Danthonia,intermedia
Poaceae subfam. Panicoideae,Cenchrus,alopecuroides
Poaceae subfam. Panicoideae,Cenchrus,americanus
Poaceae subfam. Panicoideae,Cenchrus,caudatus
Poaceae subfam. Panicoideae,Cenchrus,longisetus
Poaceae subfam. Panicoideae,Cenchrus,longispinus
Poaceae subfam. Panicoideae,Cenchrus,orientalis
Poaceae subfam. Panicoideae,Cymbopogon,citratus
Poaceae subfam. Panicoideae,Digitaria,ischaemum
Poaceae subfam. Panicoideae,Echinochloa,frumentacea
Poaceae subfam. Panicoideae,Imperata,cylindrica
Poaceae subfam. Panicoideae,Panicum,miliaceum
Poaceae subfam. Panicoideae,Panicum,occidentale
Poaceae subfam. Panicoideae,Panicum,oligosanthes
Poaceae subfam. Panicoideae,Panicum,virgatum
Poaceae subfam. Panicoideae,Pennisetum,alopecuroides
Poaceae subfam. Panicoideae,Setaria,glauca
Poaceae subfam. Panicoideae,Setaria,italica
Poaceae subfam. Panicoideae,Sorghastrum,nutans
Poaceae subfam. Panicoideae,Themeda,triandra
Poaceae subfam. Pharoideae,Achnatherum,splendens
Poaceae subfam. Pharoideae,Agrostis,exarata
Poaceae subfam. Pharoideae,Agrostis,muscosa
Poaceae subfam. Pharoideae,Agrostis,oregonensis
Poaceae subfam. Pharoideae,Alopecurus,aequalis
Poaceae subfam. Pharoideae,Alopecurus,geniculatus
Poaceae subfam. Pharoideae,Alopecurus,lanatus
Poaceae subfam. Pharoideae,Alopecurus,magellanicus
Poaceae subfam. Pharoideae,Ammophila,arenaria
Poaceae subfam. Pharoideae,Anthoxanthum,odoratum
Poaceae subfam. Pharoideae,Arrhenatherum,elatius
Poaceae subfam. Pharoideae,Avena,sativa
Poaceae subfam. Pharoideae,Beckmannia,syzigachne
Poaceae subfam. Pharoideae,Briza,maxima
Poaceae subfam. Pharoideae,Briza,media
Poaceae subfam. Pharoideae,Briza,minor
Poaceae subfam. Pharoideae,Bromus,briziformis
Poaceae subfam. Pharoideae,Bromus,carinatus
Poaceae subfam. Pharoideae,Bromus,ciliatus
Poaceae subfam. Pharoideae,Bromus,erectus
Poaceae subfam. Pharoideae,Bromus,inermis
Poaceae subfam. Pharoideae,Bromus,pumpellianus
Poaceae subfam. Pharoideae,Bromus,sitchensis
Poaceae subfam. Pharoideae,Bromus,vulgaris
Poaceae subfam. Pharoideae,Calamagrostis,
Poaceae subfam. Pharoideae,Calamagrostis,(RLT.6515)
Poaceae subfam. Pharoideae,Calamagrostis,arundinacea
Poaceae subfam. Pharoideae,Calamagrostis,canadensis
Poaceae subfam. Pharoideae,Calamagrostis,epigejos
Poaceae subfam. Pharoideae,Calamagrostis,hakonensis
Poaceae subfam. Pharoideae,Calamagrostis,inexpansa
Poaceae subfam. Pharoideae,Calamagrostis,lapponica
Poaceae subfam. Pharoideae,Calamagrostis,nutkaensis
Poaceae subfam. Pharoideae,Calamagrostis,purpurascens
Poaceae subfam. Pharoideae,Calamagrostis,× acutiflora
Poaceae subfam. Pharoideae,Cinna,latifolia
Poaceae subfam. Pharoideae,Cynosurus,echinatus
Poaceae subfam. Pharoideae,Dactylis,glomerata
Poaceae subfam. Pharoideae,Dactylis,polygama
Poaceae subfam. Pharoideae,Deschampsia,cespitosa
Poaceae subfam. Pharoideae,Deschampsia,elongata
Poaceae subfam. Pharoideae,Deschampsia,flexuosa
Poaceae subfam. Pharoideae,Ehrharta,avenacea
Poaceae subfam. Pharoideae,Elymus,canadensis
Poaceae subfam. Pharoideae,Elymus,elymoides
Poaceae subfam. Pharoideae,Elymus,glaucus
Poaceae subfam. Pharoideae,Elymus,hystrix
Poaceae subfam. Pharoideae,Elymus,magellanicus
Poaceae subfam. Pharoideae,Elymus,sibiricus
Poaceae subfam. Pharoideae,Elymus,smithii
Poaceae subfam. Pharoideae,Glyceria,borealis
Poaceae subfam. Pharoideae,Glyceria,elata
Poaceae subfam. Pharoideae,Glyceria,leptostachya
Poaceae subfam. Pharoideae,Glyceria,pulchella
Poaceae subfam. Pharoideae,Glyceria,striata
Poaceae subfam. Pharoideae,Hakonechloa,macra
Poaceae subfam. Pharoideae,Helictotrichon,sempervirens
Poaceae subfam. Pharoideae,Hierochloe,alpina
Poaceae subfam. Pharoideae,Hierochloe,hirta
Poaceae subfam. Pharoideae,Holcus,lanatus
Poaceae subfam. Pharoideae,Koeleria,glauca
Poaceae subfam. Pharoideae,Koeleria,macrantha
Poaceae subfam. Pharoideae,Koeleria,vallesiana
Poaceae subfam. Pharoideae,Leymus,arenarius
Poaceae subfam. Pharoideae,Leymus,cinereus
Poaceae subfam. Pharoideae,Leymus,innovatus
Poaceae subfam. Pharoideae,Leymus,mollis
Poaceae subfam. Pharoideae,Leymus,× vancouverensis
Poaceae subfam. Pharoideae,Lolium,mairei
Poaceae subfam. Pharoideae,Lolium,multiflorum
Poaceae subfam. Pharoideae,Melica,altissima
Poaceae subfam. Pharoideae,Melica,californica
Poaceae subfam. Pharoideae,Melica,ciliata
Poaceae subfam. Pharoideae,Melica,persica
Poaceae subfam. Pharoideae,Melica,subulata
Poaceae subfam. Pharoideae,Melica,uniflora
Poaceae subfam. Pharoideae,Milium,effusum
Poaceae subfam. Pharoideae,Miscanthus,
Poaceae subfam. Pharoideae,Miscanthus,nepalensis
Poaceae subfam. Pharoideae,Miscanthus,sacchariflorus
Poaceae subfam. Pharoideae,Miscanthus,sinensis
Poaceae subfam. Pharoideae,Miscanthus,yakushimensis
Poaceae subfam. Pharoideae,Nassella,lepida
Poaceae subfam. Pharoideae,Nassella,tenuissima
Poaceae subfam. Pharoideae,Nassella,trichotoma
Poaceae subfam. Pharoideae,Phalaris,arundinacea
Poaceae subfam. Pharoideae,Phalaris,canariensis
Poaceae subfam. Pharoideae,Phalaris,glauca
Poaceae subfam. Pharoideae,Phleum,alpinum
Poaceae subfam. Pharoideae,Phleum,phleoides
Poaceae subfam. Pharoideae,Phleum,pratense
Poaceae subfam. Pharoideae,Poa,alpina
Poaceae subfam. Pharoideae,Poa,annua
Poaceae subfam. Pharoideae,Poa,arctica
Poaceae subfam. Pharoideae,Poa,buchananii
Poaceae subfam. Pharoideae,Poa,bulbosa
Poaceae subfam. Pharoideae,Poa,cita
Poaceae subfam. Pharoideae,Poa,cusickii
Poaceae subfam. Pharoideae,Poa,glauca
Poaceae subfam. Pharoideae,Poa,howellii
Poaceae subfam. Pharoideae,Poa,interior
Poaceae subfam. Pharoideae,Poa,laxa
Poaceae subfam. Pharoideae,Poa,macrantha
Poaceae subfam. Pharoideae,Poa,nemoralis
Poaceae subfam. Pharoideae,Poa,pratensis
Poaceae subfam. Pharoideae,Poa,reflexa
Poaceae subfam. Pharoideae,Poa,secunda
Poaceae subfam. Pharoideae,Poa,stenantha
Poaceae subfam. Pharoideae,Spodiopogon,sibiricus
Poaceae subfam. Pharoideae,Trisetum,distichophyllum
Poaceae subfam. Pharoideae,Trisetum,spicatum
Poaceae subfam. Pharoideae,Vulpia,myuros
Poaceae subfam. Pooideae,Festuca,
Poaceae subfam. Pooideae,Festuca,altaica
Poaceae subfam. Pooideae,Festuca,amethystina
Poaceae subfam. Pooideae,Festuca,brachyphylla
Poaceae subfam. Pooideae,Festuca,californica
Poaceae subfam. Pooideae,Festuca,crassifolia
Poaceae subfam. Pooideae,Festuca,gigantea
Poaceae subfam. Pooideae,Festuca,glacialis
Poaceae subfam. Pooideae,Festuca,glauca
Poaceae subfam. Pooideae,Festuca,novae-zelandiae
Poaceae subfam. Pooideae,Festuca,occidentalis
Poaceae subfam. Pooideae,Festuca,ovina
Poaceae subfam. Pooideae,Festuca,prolifera
Poaceae subfam. Pooideae,Festuca,punctoria
Poaceae subfam. Pooideae,Festuca,roemeri
Poaceae subfam. Pooideae,Festuca,rubra
Poaceae subfam. Pooideae,Festuca,saximontana
Poaceae subfam. Pooideae,Festuca,scoparia
Poaceae subfam. Pooideae,Festuca,sp.
Poaceae subfam. Pooideae,Festuca,subulata
Poaceae subfam. Pooideae,Festuca,tenuifolia
Poaceae subfam. Pooideae,Festuca,valesiaca
Poaceae subfam. Pooideae,Festuca,violacea
Poaceae subfam. Pooideae,Festuca,vivipara
Poaceae subfam. Pooideae,Hordeum,jubatum
Poaceae subfam. Pooideae,Hordeum,vulgare
Poaceae subfam. Pooideae,Secale,cereale
Poaceae subfam. Pooideae,Stipa,(P&W.6071)
Poaceae subfam. Pooideae,Stipa,arabica
Poaceae subfam. Pooideae,Stipa,brandisii
Poaceae subfam. Pooideae,Stipa,bungeana
Poaceae subfam. Pooideae,Stipa,capensis
Poaceae subfam. Pooideae,Stipa,capillata
Poaceae subfam. Pooideae,Stipa,cernua
Poaceae subfam. Pooideae,Stipa,comata
Poaceae subfam. Pooideae,Stipa,elegantissima
Poaceae subfam. Pooideae,Stipa,extremiorientalis
Poaceae subfam. Pooideae,Stipa,hymenoides
Poaceae subfam. Pooideae,Stipa,joannis
Poaceae subfam. Pooideae,Stipa,lemmonii
Poaceae subfam. Pooideae,Stipa,leptostachya
Poaceae subfam. Pooideae,Stipa,megapotamia
Poaceae subfam. Pooideae,Stipa,neaei
Poaceae subfam. Pooideae,Stipa,occidentalis
Poaceae subfam. Pooideae,Stipa,pennata
Poaceae subfam. Pooideae,Stipa,pulchra
Poaceae subfam. Pooideae,Stipa,richardsonii
Poaceae subfam. Pooideae,Stipa,tenacissima
Poaceae subfam. Pooideae,Stipa,tenuissima
Poaceae subfam. Pooideae,Stipa,tirsa
Poaceae subfam. Pooideae,Stipa,trichotoma
Poaceae subfam. Pooideae,Stipa,turkestanica
Podocarpaceae,Dacrydium,cupressinum
Podocarpaceae,Dacrydium,laxifolium
Podocarpaceae,Halocarpus,bidwillii
Podocarpaceae,Lagarostrobos,franklinii
Podocarpaceae,Lepidothamnus,laxifolius
Podocarpaceae,Microcachrys,tetragona
Podocarpaceae,Pherosphaera,fitzgeraldii
Podocarpaceae,Phyllocladus,alpinus
Podocarpaceae,Phyllocladus,glaucus
Podocarpaceae,Phyllocladus,trichomanoides
Podocarpaceae,Podocarpus,
Podocarpaceae,Podocarpus,acutifolius
Podocarpaceae,Podocarpus,alpinus
Podocarpaceae,Podocarpus,andinus
Podocarpaceae,Podocarpus,ferrugineus
Podocarpaceae,Podocarpus,hallii
Podocarpaceae,Podocarpus,hybrid
Podocarpaceae,Podocarpus,lawrencei
Podocarpaceae,Podocarpus,macrophyllus
Podocarpaceae,Podocarpus,nivalis
Podocarpaceae,Podocarpus,pilgeri
Podocarpaceae,Podocarpus,salignus
Podocarpaceae,Podocarpus,sp.
Podocarpaceae,Podocarpus,spicatus
Podocarpaceae,Podocarpus,totara
Podocarpaceae,Prumnopitys,andina
Podocarpaceae,Saxegothaea,conspicua
Polemoniaceae,Aliciella,subnuda
Polemoniaceae,Cantua,buxifolia
Polemoniaceae,Collomia,debilis
Polemoniaceae,Collomia,grandiflora
Polemoniaceae,Collomia,heterophylla
Polemoniaceae,Eriastrum,densifolium
Polemoniaceae,Gilia,capitata
Polemoniaceae,Gilia,congesta
Polemoniaceae,Gilia,globularis
Polemoniaceae,Gilia,thurberi
Polemoniaceae,Gilia,tricolor
Polemoniaceae,Ipomopsis,aggregata
Polemoniaceae,Ipomopsis,congesta
Polemoniaceae,Ipomopsis,macombii
Polemoniaceae,Ipomopsis,rubra
Polemoniaceae,Ipomopsis,tenuituba
Polemoniaceae,Leptodactylon,californicum
Polemoniaceae,Leptodactylon,pungens
Polemoniaceae,Linanthastrum,nuttallii
Polemoniaceae,Linanthus,bicolor
Polemoniaceae,Microsteris,gracilis
Polemoniaceae,Phlox,
Polemoniaceae,Phlox,(BL.0217)
Polemoniaceae,Phlox,(BL.0218)
Polemoniaceae,Phlox,(BL.0233)
Polemoniaceae,Phlox,(M.79087)
Polemoniaceae,Phlox,(M.79098)
Polemoniaceae,Phlox,(MT.79058)
Polemoniaceae,Phlox,adsurgens
Polemoniaceae,Phlox,amplifolia
Polemoniaceae,Phlox,bifida
Polemoniaceae,Phlox,brittonii
Polemoniaceae,Phlox,caespitosa
Polemoniaceae,Phlox,carolina
Polemoniaceae,Phlox,diffusa
Polemoniaceae,Phlox,divaricata
Polemoniaceae,Phlox,douglasii
Polemoniaceae,Phlox,glaberrima
Polemoniaceae,Phlox,griseola
Polemoniaceae,Phlox,hirsuta
Polemoniaceae,Phlox,hoodii
Polemoniaceae,Phlox,jonesii
Polemoniaceae,Phlox,kelseyi
Polemoniaceae,Phlox,longifolia
Polemoniaceae,Phlox,maculata
Polemoniaceae,Phlox,mesoleuca
Polemoniaceae,Phlox,missoulensis
Polemoniaceae,Phlox,mollis
Polemoniaceae,Phlox,multiflora
Polemoniaceae,Phlox,nana
Polemoniaceae,Phlox,nivalis
Polemoniaceae,Phlox,opalensis
Polemoniaceae,Phlox,ovata
Polemoniaceae,Phlox,paniculata
Polemoniaceae,Phlox,pilosa
Polemoniaceae,Phlox,sibirica
Polemoniaceae,Phlox,sp.
Polemoniaceae,Phlox,speciosa
Polemoniaceae,Phlox,stansburyi
Polemoniaceae,Phlox,stolonifera
Polemoniaceae,Phlox,subulata
Polemoniaceae,Phlox,viscida
Polemoniaceae,Phlox,×
Polemoniaceae,Phlox,× procumbens
Polemoniaceae,Polemonium,(BL.0071)
Polemoniaceae,Polemonium,(M.79114)
Polemoniaceae,Polemonium,boreale
Polemoniaceae,Polemonium,brandegeei
Polemoniaceae,Polemonium,brandegei
Polemoniaceae,Polemonium,caeruleum
Polemoniaceae,Polemonium,carneum
Polemoniaceae,Polemonium,elegans
Polemoniaceae,Polemonium,eximium
Polemoniaceae,Polemonium,micranthum
Polemoniaceae,Polemonium,pauciflorum
Polemoniaceae,Polemonium,pulcherrimum
Polemoniaceae,Polemonium,reptans
Polemoniaceae,Polemonium,viscosum
Polemoniaceae,Polemonium,yezoense
Polemoniaceae,Polemonium,× richardsonii
Polygalaceae,Nylandtia,spinosa
Polygalaceae,Polygala,amarella
Polygalaceae,Polygala,amoenissima
Polygalaceae,Polygala,calcarea
Polygalaceae,Polygala,chamaebuxus
Polygalaceae,Polygala,major
Polygalaceae,Polygala,myrtifolia
Polygalaceae,Polygala,sibirica
Polygalaceae,Polygala,vayredae
Polygalaceae,Polygala,× hybrida
Polygonaceae,Atraphaxis,frutescens
Polygonaceae,Bistorta,affinis
Polygonaceae,Bistorta,amplexicaulis
Polygonaceae,Bistorta,officinalis
Polygonaceae,Bistorta,tenuicaulis
Polygonaceae,Bistorta,vacciniifolia
Polygonaceae,Bistorta,vivipara
Polygonaceae,Eriogonum,
Polygonaceae,Eriogonum,androsaceum
Polygonaceae,Eriogonum,bicolor
Polygonaceae,Eriogonum,caespitosum
Polygonaceae,Eriogonum,compositum
Polygonaceae,Eriogonum,douglasii
Polygonaceae,Eriogonum,flavum
Polygonaceae,Eriogonum,giganteum
Polygonaceae,Eriogonum,gracilipes
Polygonaceae,Eriogonum,heracleoides
Polygonaceae,Eriogonum,incanum
Polygonaceae,Eriogonum,jamesii
Polygonaceae,Eriogonum,kennedyi
Polygonaceae,Eriogonum,libertini
Polygonaceae,Eriogonum,lobbii
Polygonaceae,Eriogonum,niveum
Polygonaceae,Eriogonum,nudum
Polygonaceae,Eriogonum,ovalifolium
Polygonaceae,Eriogonum,panguicense
Polygonaceae,Eriogonum,pulchrum
Polygonaceae,Eriogonum,pyrolifolium
Polygonaceae,Eriogonum,robustum
Polygonaceae,Eriogonum,saxatile
Polygonaceae,Eriogonum,shockleyi
Polygonaceae,Eriogonum,siskiyouense
Polygonaceae,Eriogonum,soredium
Polygonaceae,Eriogonum,sp.gwakane.canyon
Polygonaceae,Eriogonum,sphaerocephalum
Polygonaceae,Eriogonum,strictum
Polygonaceae,Eriogonum,ternatum
Polygonaceae,Eriogonum,thymoides
Polygonaceae,Eriogonum,umbellatum
Polygonaceae,Eriogonum,vimineum
Polygonaceae,Eriogonum,wrightii
Polygonaceae,Fagopyrum,esculentum
Polygonaceae,Fallopia,aubertii
Polygonaceae,Fallopia,baldschuanica
Polygonaceae,Koenigia,campanulata
Polygonaceae,Koenigia,polystachya
Polygonaceae,Muehlenbeckia,astonii
Polygonaceae,Muehlenbeckia,axillaris
Polygonaceae,Muehlenbeckia,complexa
Polygonaceae,Oxyria,digyna
Polygonaceae,Persicaria,microcephala
Polygonaceae,Persicaria,nepalensis
Polygonaceae,Persicaria,tinctoria
Polygonaceae,Persicaria,vacciniifolia
Polygonaceae,Persicaria,virginiana
Polygonaceae,Polygonum,amphibium
Polygonaceae,Polygonum,amplexicaule
Polygonaceae,Polygonum,capitatum
Polygonaceae,Polygonum,cuspidatum
Polygonaceae,Polygonum,douglasii
Polygonaceae,Polygonum,emodi
Polygonaceae,Polygonum,equisetiforme
Polygonaceae,Polygonum,graminifolium
Polygonaceae,Polygonum,milettii
Polygonaceae,Polygonum,paronychia
Polygonaceae,Polygonum,persicaria
Polygonaceae,Polygonum,sp.
Polygonaceae,Polygonum,sp.af.myrtillifolium
Polygonaceae,Polygonum,vacciniifolium
Polygonaceae,Polygonum,viviparum
Polygonaceae,Polygonum,weyrichii
Polygonaceae,Rheum,(H.0087)
Polygonaceae,Rheum,acuminatum
Polygonaceae,Rheum,alexandrae
Polygonaceae,Rheum,altaicum
Polygonaceae,Rheum,australe
Polygonaceae,Rheum,compactum
Polygonaceae,Rheum,crispum
Polygonaceae,Rheum,delavayi
Polygonaceae,Rheum,francenbachii
Polygonaceae,Rheum,kialense
Polygonaceae,Rheum,macrocarpum
Polygonaceae,Rheum,moorcroftianum
Polygonaceae,Rheum,nobile
Polygonaceae,Rheum,palmatum
Polygonaceae,Rheum,rhabarbarum
Polygonaceae,Rheum,rhaponticum
Polygonaceae,Rheum,ribes
Polygonaceae,Rheum,sp.
Polygonaceae,Rheum,spiciforme
Polygonaceae,Rheum,tanguticum
Polygonaceae,Rheum,tataricum
Polygonaceae,Rheum,tetragonopus
Polygonaceae,Rheum,tibeticum
Polygonaceae,Rheum,webbianum
Polygonaceae,Rheum,wittrockii
Polygonaceae,Rheum,× hybridum
Polygonaceae,Rheum,× rhabarbarum
Polygonaceae,Rumex,acetosa
Polygonaceae,Rumex,acetosella
Polygonaceae,Rumex,arcticus
Polygonaceae,Rumex,crispus
Polygonaceae,Rumex,maritimus
Polygonaceae,Rumex,occidentalis
Polygonaceae,Rumex,salicifolius
Polygonaceae,Rumex,sanguineus
Polypodiaceae,Lepisorus,asterolepis
Polypodiaceae,Lepisorus,bicolor
Polypodiaceae,Lepisorus,sp.
Polypodiaceae,Neocheiropteris,ensata
Polypodiaceae,Pleopeltis,thunbergiana
Polypodiaceae,Polypodium,(CW.0063)
Polypodiaceae,Polypodium,(RLT.5212)
Polypodiaceae,Polypodium,amorphum
Polypodiaceae,Polypodium,appalachianum
Polypodiaceae,Polypodium,glycyrrhiza
Polypodiaceae,Polypodium,hesperium
Polypodiaceae,Polypodium,scouleri
Polypodiaceae,Polypodium,sp.
Polypodiaceae,Polypodium,virginianum
Polypodiaceae,Polypodium,× mantoniae
Polypodiaceae,Pyrrosia,hastata
Polypodiaceae,Pyrrosia,linearifolia
Polypodiaceae,Pyrrosia,lingua
Polypodiaceae,Pyrrosia,polydactylos
Polypodiaceae,Pyrrosia,sheareri
Polytrichaceae,Atrichum,undulatum
Polytrichaceae,Polytrichum,commune
Polytrichaceae,Polytrichum,juniperinum
Polytrichaceae,Polytrichum,piliferum
Polytrichaceae,Polytrichum,strictum
Pontederiaceae,Pontederia,cordata
Porellaceae,Porella,cordaeana
Portulacaceae,Neopaxia,australasica
Portulacaceae,Portulaca,oleracea
Portulacaceae,Spraguea,umbellata
Potamogetonaceae,Potamogeton,natans
Pottiaceae,Barbula,unguiculata
Pottiaceae,Didymodon,vinealis
Pottiaceae,Tortula,muralis
Primulaceae,Anagallis,arvensis
Primulaceae,Anagallis,monelli
Primulaceae,Anagallis,tenella
Primulaceae,Androsace,
Primulaceae,Androsace,albana
Primulaceae,Androsace,alpina
Primulaceae,Androsace,bulleyana
Primulaceae,Androsace,carnea
Primulaceae,Androsace,chaixii
Primulaceae,Androsace,chamaejasme
Primulaceae,Androsace,ciliata
Primulaceae,Androsace,cylindrica
Primulaceae,Androsace,delavayi
Primulaceae,Androsace,elongata
Primulaceae,Androsace,foliosa
Primulaceae,Androsace,geraniifolia
Primulaceae,Androsace,halleri
Primulaceae,Androsace,hausmannii
Primulaceae,Androsace,hedraeantha
Primulaceae,Androsace,helvetica
Primulaceae,Androsace,hirtella
Primulaceae,Androsace,incana
Primulaceae,Androsace,lactea
Primulaceae,Androsace,laevigata
Primulaceae,Androsace,lanuginosa
Primulaceae,Androsace,lehmannii
Primulaceae,Androsace,mathildae
Primulaceae,Androsace,montana
Primulaceae,Androsace,mucronata
Primulaceae,Androsace,mucronifolia
Primulaceae,Androsace,nivalis
Primulaceae,Androsace,obtusifolia
Primulaceae,Androsace,oculata
Primulaceae,Androsace,primuloides
Primulaceae,Androsace,pubescens
Primulaceae,Androsace,pyrenaica
Primulaceae,Androsace,rotundifolia
Primulaceae,Androsace,sarmentosa
Primulaceae,Androsace,sempervivoides
Primulaceae,Androsace,septentrionalis
Primulaceae,Androsace,spinulifera
Primulaceae,Androsace,strigillosa
Primulaceae,Androsace,studiosorum
Primulaceae,Androsace,tanggulashanensis
Primulaceae,Androsace,taurica
Primulaceae,Androsace,vandellii
Primulaceae,Androsace,villosa
Primulaceae,Androsace,vitaliana
Primulaceae,Androsace,wardii
Primulaceae,Androsace,wulfeniana
Primulaceae,Ardisia,crenata
Primulaceae,Ardisia,japonica
Primulaceae,Ardisia,pusilla
Primulaceae,Ardisia,sp.
Primulaceae,Ardisia,virens
Primulaceae,Cortusa,matthioli
Primulaceae,Cortusa,pekinensis
Primulaceae,Cortusa,turkestanica
Primulaceae,Cyclamen,
Primulaceae,Cyclamen,abchasicum
Primulaceae,Cyclamen,africanum
Primulaceae,Cyclamen,alpinum
Primulaceae,Cyclamen,cilicium
Primulaceae,Cyclamen,coum
Primulaceae,Cyclamen,cyprium
Primulaceae,Cyclamen,europeum
Primulaceae,Cyclamen,fatrense
Primulaceae,Cyclamen,graecum
Primulaceae,Cyclamen,hederifolium
Primulaceae,Cyclamen,hiemale
Primulaceae,Cyclamen,intaminatum
Primulaceae,Cyclamen,mirabile
Primulaceae,Cyclamen,neapolitanum
Primulaceae,Cyclamen,orbiculatum
Primulaceae,Cyclamen,parviflorum
Primulaceae,Cyclamen,persicum
Primulaceae,Cyclamen,pseudibericum
Primulaceae,Cyclamen,purpurascens
Primulaceae,Cyclamen,repandum
Primulaceae,Cyclamen,rhodium
Primulaceae,Cyclamen,rohlfsianum
Primulaceae,Cyclamen,sp.
Primulaceae,Cyclamen,× atkinsii
Primulaceae,Dionysia,aretioides
Primulaceae,Dionysia,hissarica
Primulaceae,Dionysia,involucrata
Primulaceae,Dionysia,revoluta
Primulaceae,Dionysia,vitaliana
Primulaceae,Dodecatheon,(BL.0053)
Primulaceae,Dodecatheon,(CW.0048)
Primulaceae,Dodecatheon,(CW.0054)
Primulaceae,Dodecatheon,(M.79021)
Primulaceae,Dodecatheon,alpinum
Primulaceae,Dodecatheon,austrofrigidum
Primulaceae,Dodecatheon,clevelandii
Primulaceae,Dodecatheon,conjugens
Primulaceae,Dodecatheon,cusickii
Primulaceae,Dodecatheon,dentatum
Primulaceae,Dodecatheon,ellisiae
Primulaceae,Dodecatheon,frigidum
Primulaceae,Dodecatheon,hendersonii
Primulaceae,Dodecatheon,jeffreyi
Primulaceae,Dodecatheon,meadia
Primulaceae,Dodecatheon,patulum
Primulaceae,Dodecatheon,pauciflorum
Primulaceae,Dodecatheon,pulchellum
Primulaceae,Dodecatheon,redolens
Primulaceae,Dodecatheon,tetrandrum
Primulaceae,Glaux,maritima
Primulaceae,Lysimachia,atropurpurea
Primulaceae,Lysimachia,christinae
Primulaceae,Lysimachia,ciliata
Primulaceae,Lysimachia,clethroides
Primulaceae,Lysimachia,congestiflora
Primulaceae,Lysimachia,ephemerum
Primulaceae,Lysimachia,ilwangiensis
Primulaceae,Lysimachia,japonica
Primulaceae,Lysimachia,lichiangensis
Primulaceae,Lysimachia,minoricensis
Primulaceae,Lysimachia,nummularia
Primulaceae,Lysimachia,paridiformis
Primulaceae,Lysimachia,punctata
Primulaceae,Lysimachia,thyrsiflora
Primulaceae,Lysimachia,vulgaris
Primulaceae,Maesa,(KR.1263)
Primulaceae,Maesa,indica
Primulaceae,Maesa,japonica
Primulaceae,Maesa,rugosa
Primulaceae,Myrsine,africana
Primulaceae,Myrsine,divaricata
Primulaceae,Myrsine,linearis
Primulaceae,Myrsine,nummularia
Primulaceae,Myrsine,seguinii
Primulaceae,Myrsine,semiserrata
Primulaceae,Primula,
Primulaceae,Primula,acaulis
Primulaceae,Primula,algida
Primulaceae,Primula,allionii
Primulaceae,Primula,alpicola
Primulaceae,Primula,altaica
Primulaceae,Primula,amoena
Primulaceae,Primula,angustifolia
Primulaceae,Primula,anisodora
Primulaceae,Primula,apoclita
Primulaceae,Primula,aurantiaca
Primulaceae,Primula,auricula
Primulaceae,Primula,auriculata
Primulaceae,Primula,beesiana
Primulaceae,Primula,blinii
Primulaceae,Primula,bullata
Primulaceae,Primula,bulleyana
Primulaceae,Primula,burmanica
Primulaceae,Primula,capitata
Primulaceae,Primula,cernua
Primulaceae,Primula,chionantha
Primulaceae,Primula,chungensis
Primulaceae,Primula,ciliata
Primulaceae,Primula,clarkei
Primulaceae,Primula,clusiana
Primulaceae,Primula,cockburniana
Primulaceae,Primula,columnae
Primulaceae,Primula,concholoba
Primulaceae,Primula,conspersa
Primulaceae,Primula,cortusoides
Primulaceae,Primula,cuneifolia
Primulaceae,Primula,daonensis
Primulaceae,Primula,darialica
Primulaceae,Primula,deflexa
Primulaceae,Primula,denticulata
Primulaceae,Primula,edelbergii
Primulaceae,Primula,edgeworthii
Primulaceae,Primula,elatior
Primulaceae,Primula,ellisiae
Primulaceae,Primula,fangii
Primulaceae,Primula,farinosa
Primulaceae,Primula,flaccida
Primulaceae,Primula,florindae
Primulaceae,Primula,frondosa
Primulaceae,Primula,gemmifera
Primulaceae,Primula,geraniifolia
Primulaceae,Primula,gighora
Primulaceae,Primula,glaucescens
Primulaceae,Primula,glomerata
Primulaceae,Primula,gracilipes
Primulaceae,Primula,grandis
Primulaceae,Primula,halleri
Primulaceae,Primula,helodoxa
Primulaceae,Primula,heucherifolia
Primulaceae,Primula,hidakana
Primulaceae,Primula,hirsuta
Primulaceae,Primula,hybrid
Primulaceae,Primula,incana
Primulaceae,Primula,integrifolia
Primulaceae,Primula,ioessa
Primulaceae,Primula,japonica
Primulaceae,Primula,jesoana
Primulaceae,Primula,juliae
Primulaceae,Primula,kaufmanniana
Primulaceae,Primula,kisoana
Primulaceae,Primula,laurentiana
Primulaceae,Primula,loeseneri
Primulaceae,Primula,longiflora
Primulaceae,Primula,luteola
Primulaceae,Primula,macrocalyx
Primulaceae,Primula,marginata
Primulaceae,Primula,minima
Primulaceae,Primula,mistassinica
Primulaceae,Primula,miyabeana
Primulaceae,Primula,modesta
Primulaceae,Primula,mollis
Primulaceae,Primula,moorcroftiana
Primulaceae,Primula,moupinensis
Primulaceae,Primula,munroi
Primulaceae,Primula,muscarioides
Primulaceae,Primula,nivalis
Primulaceae,Primula,nutans
Primulaceae,Primula,palinuri
Primulaceae,Primula,pallasii
Primulaceae,Primula,pamirica
Primulaceae,Primula,parryi
Primulaceae,Primula,pedemontana
Primulaceae,Primula,petiolaris
Primulaceae,Primula,poissonii
Primulaceae,Primula,polyneura
Primulaceae,Primula,prenantha
Primulaceae,Primula,prolifera
Primulaceae,Primula,pulverulenta
Primulaceae,Primula,purdomii
Primulaceae,Primula,reidii
Primulaceae,Primula,reinii
Primulaceae,Primula,reticulata
Primulaceae,Primula,rosea
Primulaceae,Primula,rusbyi
Primulaceae,Primula,saxatilis
Primulaceae,Primula,scotica
Primulaceae,Primula,secundiflora
Primulaceae,Primula,sieboldii
Primulaceae,Primula,sikkimensis
Primulaceae,Primula,sinopurpurea
Primulaceae,Primula,smithiana
Primulaceae,Primula,sonchifolia
Primulaceae,Primula,sp.
Primulaceae,Primula,spectabilis
Primulaceae,Primula,specuicola
Primulaceae,Primula,suffrutescens
Primulaceae,Primula,takedana
Primulaceae,Primula,tangutica
Primulaceae,Primula,tsariensis
Primulaceae,Primula,veris
Primulaceae,Primula,vialii
Primulaceae,Primula,villosa
Primulaceae,Primula,vulgaris
Primulaceae,Primula,waltonii
Primulaceae,Primula,warshenewskiana
Primulaceae,Primula,watsonii
Primulaceae,Primula,wollastonii
Primulaceae,Primula,woronowii
Primulaceae,Primula,wulfeniana
Primulaceae,Primula,yuparensis
Primulaceae,Primula,zambalensis
Primulaceae,Primula,×
Primulaceae,Primula,× auricula
Primulaceae,Primula,× berninae
Primulaceae,Primula,× bulleesiana
Primulaceae,Primula,× cockburniana
Primulaceae,Primula,× deschmannii
Primulaceae,Primula,× digenea
Primulaceae,Primula,× forsteri
Primulaceae,Primula,× goebellii
Primulaceae,Primula,× heerii
Primulaceae,Primula,× polyantha
Primulaceae,Primula,× pruhonicensis
Primulaceae,Primula,× pseudoforsteri
Primulaceae,Primula,× pubescens
Primulaceae,Primula,× tommasinii
Primulaceae,Primula,× wettsteinii
Primulaceae,Samolus,repens
Primulaceae,Soldanella,alpina
Primulaceae,Soldanella,carpatica
Primulaceae,Soldanella,hungarica
Primulaceae,Soldanella,minima
Primulaceae,Soldanella,montana
Primulaceae,Soldanella,pindicola
Primulaceae,Soldanella,villosa
Primulaceae,Trientalis,europaea
Primulaceae,Trientalis,latifolia
Proteaceae,Agastachys,odorata
Proteaceae,Banksia,canei
Proteaceae,Banksia,integrifolia
Proteaceae,Banksia,marginata
Proteaceae,Banksia,saxicola
Proteaceae,Banksia,sp.
Proteaceae,Banksia,spinulosa
Proteaceae,Bellendena,montana
Proteaceae,Embothrium,coccineum
Proteaceae,Grevillea,
Proteaceae,Grevillea,alpina
Proteaceae,Grevillea,aspleniifolia
Proteaceae,Grevillea,australis
Proteaceae,Grevillea,juniperina
Proteaceae,Grevillea,lanigera
Proteaceae,Grevillea,petrophiloides
Proteaceae,Grevillea,rosmarinifolia
Proteaceae,Grevillea,thelemanniana
Proteaceae,Grevillea,tridentifera
Proteaceae,Grevillea,victoriae
Proteaceae,Hakea,epiglottis
Proteaceae,Hakea,lissosperma
Proteaceae,Leucadendron,salignum
Proteaceae,Lomatia,hirsuta
Proteaceae,Lomatia,myricoides
Proteaceae,Lomatia,polymorpha
Proteaceae,Lomatia,tinctoria
Proteaceae,Orites,revolutus
Proteaceae,Protea,lepidoscarpodendron
Proteaceae,Protea,sp.
Proteaceae,Protea,subvestita
Proteaceae,Telopea,speciosissima
Proteaceae,Telopea,truncata
Pteridaceae,Adiantum,aleuticum
Pteridaceae,Adiantum,capillus-veneris
Pteridaceae,Adiantum,fimbriatum
Pteridaceae,Adiantum,pedatum
Pteridaceae,Adiantum,shastense
Pteridaceae,Adiantum,venustum
Pteridaceae,Adiantum,× tracyi
Pteridaceae,Aspidotis,densa
Pteridaceae,Astrolepis,sinuata
Pteridaceae,Cheilanthes,alabamensis
Pteridaceae,Cheilanthes,argentea
Pteridaceae,Cheilanthes,eckloniana
Pteridaceae,Cheilanthes,feei
Pteridaceae,Cheilanthes,gracillima
Pteridaceae,Cheilanthes,lanosa
Pteridaceae,Cheilanthes,lindheimeri
Pteridaceae,Cheilanthes,marantae
Pteridaceae,Cheilanthes,mexicana
Pteridaceae,Cheilanthes,sp.
Pteridaceae,Coniogramme,japonica
Pteridaceae,Cryptogramma,acrostichoides
Pteridaceae,Cryptogramma,crispa
Pteridaceae,Cryptogramma,stelleri
Pteridaceae,Myriopteris,covillei
Pteridaceae,Notholaena,aurea
Pteridaceae,Notholaena,nivea
Pteridaceae,Onychium,japonicum
Pteridaceae,Paragymnopteris,marantae
Pteridaceae,Pellaea,andromedifolia
Pteridaceae,Pellaea,atropurpurea
Pteridaceae,Pellaea,brachyptera
Pteridaceae,Pellaea,bridgesii
Pteridaceae,Pellaea,calomelanos
Pteridaceae,Pellaea,mucronata
Pteridaceae,Pellaea,occidentalis
Pteridaceae,Pellaea,ornithopus
Pteridaceae,Pellaea,quadripinnata
Pteridaceae,Pellaea,ternifolia
Pteridaceae,Pentagramma,triangularis
Pteridaceae,Pteris,multifida
Ptychomitriaceae,Ptychomitrium,gardneri
Pylaisiaceae,Calliergonella,cuspidata
Ranunculaceae,Anemonoides,blanda
Ranunculaceae,Barneoudia,major
Ranunculaceae,Beesia,calthifolia
Ranunculaceae,Beesia,deltophylla
Ranunculaceae,Callianthemum,alatavicum
Ranunculaceae,Callianthemum,anemonoides
Ranunculaceae,Callianthemum,coriandrifolium
Ranunculaceae,Callianthemum,miyabeanum
Ranunculaceae,Callianthemum,rutifolium
Ranunculaceae,Hydrastis,canadensis
Ranunculaceae,Paraquilegia,
Ranunculaceae,Paraquilegia,anemonoides
Ranunculaceae,Paraquilegia,grandiflora
Ranunculaceae,Paraquilegia,microphylla
Ranunculaceae,Trautvetteria,caroliniensis
Ranunculaceae,Trautvetteria,fonticalcarea
Ranunculaceae subfam. Coptoideae,Coptis,aspleniifolia
Ranunculaceae subfam. Coptoideae,Coptis,teeta
Ranunculaceae subfam. Coptoideae,Coptis,trifolia
Ranunculaceae subfam. Coptoideae,Xanthorhiza,simplicissima
Ranunculaceae subfam. Glaucidioideae,Glaucidium,palmatum
Ranunculaceae subfam. Ranunculoideae,Aconitum,
Ranunculaceae subfam. Ranunculoideae,Aconitum,alboviolaceum
Ranunculaceae subfam. Ranunculoideae,Aconitum,anthora
Ranunculaceae subfam. Ranunculoideae,Aconitum,anthoroideum
Ranunculaceae subfam. Ranunculoideae,Aconitum,arcuatum
Ranunculaceae subfam. Ranunculoideae,Aconitum,carmichaelii
Ranunculaceae subfam. Ranunculoideae,Aconitum,columbianum
Ranunculaceae subfam. Ranunculoideae,Aconitum,compactum
Ranunculaceae subfam. Ranunculoideae,Aconitum,confertiflorum
Ranunculaceae subfam. Ranunculoideae,Aconitum,crassiflorum
Ranunculaceae subfam. Ranunculoideae,Aconitum,delphiniifolium
Ranunculaceae subfam. Ranunculoideae,Aconitum,episcopale
Ranunculaceae subfam. Ranunculoideae,Aconitum,ferox
Ranunculaceae subfam. Ranunculoideae,Aconitum,fischeri
Ranunculaceae subfam. Ranunculoideae,Aconitum,fukutomei
Ranunculaceae subfam. Ranunculoideae,Aconitum,grossedentatum
Ranunculaceae subfam. Ranunculoideae,Aconitum,hemsleyanum
Ranunculaceae subfam. Ranunculoideae,Aconitum,henryi
Ranunculaceae subfam. Ranunculoideae,Aconitum,jaluense
Ranunculaceae subfam. Ranunculoideae,Aconitum,japonicum
Ranunculaceae subfam. Ranunculoideae,Aconitum,kusnezoffii
Ranunculaceae subfam. Ranunculoideae,Aconitum,loczyanum
Ranunculaceae subfam. Ranunculoideae,Aconitum,napellus
Ranunculaceae subfam. Ranunculoideae,Aconitum,neotortuosum
Ranunculaceae subfam. Ranunculoideae,Aconitum,orientale
Ranunculaceae subfam. Ranunculoideae,Aconitum,pulchellum
Ranunculaceae subfam. Ranunculoideae,Aconitum,racemulosum
Ranunculaceae subfam. Ranunculoideae,Aconitum,sachalinense
Ranunculaceae subfam. Ranunculoideae,Aconitum,sanyoense
Ranunculaceae subfam. Ranunculoideae,Aconitum,septentrionale
Ranunculaceae subfam. Ranunculoideae,Aconitum,sinomontanum
Ranunculaceae subfam. Ranunculoideae,Aconitum,sp.
Ranunculaceae subfam. Ranunculoideae,Aconitum,uchiyamai
Ranunculaceae subfam. Ranunculoideae,Aconitum,variegatum
Ranunculaceae subfam. Ranunculoideae,Aconitum,vilmorinianum
Ranunculaceae subfam. Ranunculoideae,Aconitum,violaceum
Ranunculaceae subfam. Ranunculoideae,Aconitum,volubile
Ranunculaceae subfam. Ranunculoideae,Actaea,asiatica
Ranunculaceae subfam. Ranunculoideae,Actaea,biternata
Ranunculaceae subfam. Ranunculoideae,Actaea,cimicifuga
Ranunculaceae subfam. Ranunculoideae,Actaea,cordifolia
Ranunculaceae subfam. Ranunculoideae,Actaea,dahurica
Ranunculaceae subfam. Ranunculoideae,Actaea,elata
Ranunculaceae subfam. Ranunculoideae,Actaea,erythrocarpa
Ranunculaceae subfam. Ranunculoideae,Actaea,japonica
Ranunculaceae subfam. Ranunculoideae,Actaea,mairei
Ranunculaceae subfam. Ranunculoideae,Actaea,pachypoda
Ranunculaceae subfam. Ranunculoideae,Actaea,racemosa
Ranunculaceae subfam. Ranunculoideae,Actaea,rubra
Ranunculaceae subfam. Ranunculoideae,Actaea,simplex
Ranunculaceae subfam. Ranunculoideae,Actaea,sp.
Ranunculaceae subfam. Ranunculoideae,Adonis,aestivalis
Ranunculaceae subfam. Ranunculoideae,Adonis,amurensis
Ranunculaceae subfam. Ranunculoideae,Adonis,brevistyla
Ranunculaceae subfam. Ranunculoideae,Adonis,cyllenea
Ranunculaceae subfam. Ranunculoideae,Adonis,davidii
Ranunculaceae subfam. Ranunculoideae,Adonis,davurica
Ranunculaceae subfam. Ranunculoideae,Adonis,pyrenaica
Ranunculaceae subfam. Ranunculoideae,Adonis,ramosa
Ranunculaceae subfam. Ranunculoideae,Adonis,sibirica
Ranunculaceae subfam. Ranunculoideae,Adonis,vernalis
Ranunculaceae subfam. Ranunculoideae,Anemone,alpina
Ranunculaceae subfam. Ranunculoideae,Anemone,altaica
Ranunculaceae subfam. Ranunculoideae,Anemone,americana
Ranunculaceae subfam. Ranunculoideae,Anemone,baicalensis
Ranunculaceae subfam. Ranunculoideae,Anemone,baldensis
Ranunculaceae subfam. Ranunculoideae,Anemone,barbulata
Ranunculaceae subfam. Ranunculoideae,Anemone,biflora
Ranunculaceae subfam. Ranunculoideae,Anemone,blanda
Ranunculaceae subfam. Ranunculoideae,Anemone,canadensis
Ranunculaceae subfam. Ranunculoideae,Anemone,coronaria
Ranunculaceae subfam. Ranunculoideae,Anemone,crinita
Ranunculaceae subfam. Ranunculoideae,Anemone,cylindrica
Ranunculaceae subfam. Ranunculoideae,Anemone,deltoidea
Ranunculaceae subfam. Ranunculoideae,Anemone,dichotoma
Ranunculaceae subfam. Ranunculoideae,Anemone,drummondii
Ranunculaceae subfam. Ranunculoideae,Anemone,flaccida
Ranunculaceae subfam. Ranunculoideae,Anemone,henryi
Ranunculaceae subfam. Ranunculoideae,Anemone,hepatica
Ranunculaceae subfam. Ranunculoideae,Anemone,hupehensis
Ranunculaceae subfam. Ranunculoideae,Anemone,lutea
Ranunculaceae subfam. Ranunculoideae,Anemone,lyallii
Ranunculaceae subfam. Ranunculoideae,Anemone,magellanica
Ranunculaceae subfam. Ranunculoideae,Anemone,mexicana
Ranunculaceae subfam. Ranunculoideae,Anemone,multifida
Ranunculaceae subfam. Ranunculoideae,Anemone,narcissiflora
Ranunculaceae subfam. Ranunculoideae,Anemone,nemorosa
Ranunculaceae subfam. Ranunculoideae,Anemone,obtusiloba
Ranunculaceae subfam. Ranunculoideae,Anemone,occidentalis
Ranunculaceae subfam. Ranunculoideae,Anemone,oligotoma
Ranunculaceae subfam. Ranunculoideae,Anemone,oregana
Ranunculaceae subfam. Ranunculoideae,Anemone,palmata
Ranunculaceae subfam. Ranunculoideae,Anemone,parviflora
Ranunculaceae subfam. Ranunculoideae,Anemone,patens
Ranunculaceae subfam. Ranunculoideae,Anemone,pavonina
Ranunculaceae subfam. Ranunculoideae,Anemone,petiolulosa
Ranunculaceae subfam. Ranunculoideae,Anemone,piperi
Ranunculaceae subfam. Ranunculoideae,Anemone,polyanthes
Ranunculaceae subfam. Ranunculoideae,Anemone,protracta
Ranunculaceae subfam. Ranunculoideae,Anemone,ranunculoides
Ranunculaceae subfam. Ranunculoideae,Anemone,richardsonii
Ranunculaceae subfam. Ranunculoideae,Anemone,rivularis
Ranunculaceae subfam. Ranunculoideae,Anemone,sherriffii
Ranunculaceae subfam. Ranunculoideae,Anemone,sp.
Ranunculaceae subfam. Ranunculoideae,Anemone,sylvestris
Ranunculaceae subfam. Ranunculoideae,Anemone,tetrasepala
Ranunculaceae subfam. Ranunculoideae,Anemone,transsilvanica
Ranunculaceae subfam. Ranunculoideae,Anemone,trullifolia
Ranunculaceae subfam. Ranunculoideae,Anemone,tschernjaewii
Ranunculaceae subfam. Ranunculoideae,Anemone,tuberosa
Ranunculaceae subfam. Ranunculoideae,Anemone,virginiana
Ranunculaceae subfam. Ranunculoideae,Anemone,vitifolia
Ranunculaceae subfam. Ranunculoideae,Anemone,× hybrida
Ranunculaceae subfam. Ranunculoideae,Anemone,× lesseri
Ranunculaceae subfam. Ranunculoideae,Anemone,× lipsiensis
Ranunculaceae subfam. Ranunculoideae,Anemonella,thalictroides
Ranunculaceae subfam. Ranunculoideae,Anemonopsis,macrophylla
Ranunculaceae subfam. Ranunculoideae,Caltha,howelli
Ranunculaceae subfam. Ranunculoideae,Caltha,leptosepala
Ranunculaceae subfam. Ranunculoideae,Caltha,natans
Ranunculaceae subfam. Ranunculoideae,Caltha,palustris
Ranunculaceae subfam. Ranunculoideae,Caltha,sagittata
Ranunculaceae subfam. Ranunculoideae,Caltha,sinogracilis
Ranunculaceae subfam. Ranunculoideae,Clematis,
Ranunculaceae subfam. Ranunculoideae,Clematis,acutangula
Ranunculaceae subfam. Ranunculoideae,Clematis,aethusifolia
Ranunculaceae subfam. Ranunculoideae,Clematis,afoliata
Ranunculaceae subfam. Ranunculoideae,Clematis,akebioides
Ranunculaceae subfam. Ranunculoideae,Clematis,alpina
Ranunculaceae subfam. Ranunculoideae,Clematis,apiifolia
Ranunculaceae subfam. Ranunculoideae,Clematis,arenicola
Ranunculaceae subfam. Ranunculoideae,Clematis,argentilucida
Ranunculaceae subfam. Ranunculoideae,Clematis,aristata
Ranunculaceae subfam. Ranunculoideae,Clematis,armandii
Ranunculaceae subfam. Ranunculoideae,Clematis,brachiata
Ranunculaceae subfam. Ranunculoideae,Clematis,brachyura
Ranunculaceae subfam. Ranunculoideae,Clematis,brevicaudata
Ranunculaceae subfam. Ranunculoideae,Clematis,buchananiana
Ranunculaceae subfam. Ranunculoideae,Clematis,campaniflora
Ranunculaceae subfam. Ranunculoideae,Clematis,chrysocoma
Ranunculaceae subfam. Ranunculoideae,Clematis,cirrhosa
Ranunculaceae subfam. Ranunculoideae,Clematis,coactilis
Ranunculaceae subfam. Ranunculoideae,Clematis,columbiana
Ranunculaceae subfam. Ranunculoideae,Clematis,connata
Ranunculaceae subfam. Ranunculoideae,Clematis,denticulata
Ranunculaceae subfam. Ranunculoideae,Clematis,douglasii
Ranunculaceae subfam. Ranunculoideae,Clematis,fargesii
Ranunculaceae subfam. Ranunculoideae,Clematis,fasciculiflora
Ranunculaceae subfam. Ranunculoideae,Clematis,finetiana
Ranunculaceae subfam. Ranunculoideae,Clematis,flammula
Ranunculaceae subfam. Ranunculoideae,Clematis,florida
Ranunculaceae subfam. Ranunculoideae,Clematis,forsteri
Ranunculaceae subfam. Ranunculoideae,Clematis,fremontii
Ranunculaceae subfam. Ranunculoideae,Clematis,fruticosa
Ranunculaceae subfam. Ranunculoideae,Clematis,fusca
Ranunculaceae subfam. Ranunculoideae,Clematis,gentianoides
Ranunculaceae subfam. Ranunculoideae,Clematis,grata
Ranunculaceae subfam. Ranunculoideae,Clematis,heracleifolia
Ranunculaceae subfam. Ranunculoideae,Clematis,hexapetala
Ranunculaceae subfam. Ranunculoideae,Clematis,hirsutissima
Ranunculaceae subfam. Ranunculoideae,Clematis,integrifolia
Ranunculaceae subfam. Ranunculoideae,Clematis,intricata
Ranunculaceae subfam. Ranunculoideae,Clematis,kockiana
Ranunculaceae subfam. Ranunculoideae,Clematis,koreana
Ranunculaceae subfam. Ranunculoideae,Clematis,kweichowensis
Ranunculaceae subfam. Ranunculoideae,Clematis,lasiandra
Ranunculaceae subfam. Ranunculoideae,Clematis,ligusticifolia
Ranunculaceae subfam. Ranunculoideae,Clematis,macropetala
Ranunculaceae subfam. Ranunculoideae,Clematis,marmoraria
Ranunculaceae subfam. Ranunculoideae,Clematis,meyeniana
Ranunculaceae subfam. Ranunculoideae,Clematis,montana
Ranunculaceae subfam. Ranunculoideae,Clematis,nannophylla
Ranunculaceae subfam. Ranunculoideae,Clematis,napaulensis
Ranunculaceae subfam. Ranunculoideae,Clematis,occidentalis
Ranunculaceae subfam. Ranunculoideae,Clematis,ochroleuca
Ranunculaceae subfam. Ranunculoideae,Clematis,orientalis
Ranunculaceae subfam. Ranunculoideae,Clematis,paniculata
Ranunculaceae subfam. Ranunculoideae,Clematis,parviloba
Ranunculaceae subfam. Ranunculoideae,Clematis,patens
Ranunculaceae subfam. Ranunculoideae,Clematis,peterae
Ranunculaceae subfam. Ranunculoideae,Clematis,pitcheri
Ranunculaceae subfam. Ranunculoideae,Clematis,potaninii
Ranunculaceae subfam. Ranunculoideae,Clematis,ranunculoides
Ranunculaceae subfam. Ranunculoideae,Clematis,recta
Ranunculaceae subfam. Ranunculoideae,Clematis,rehderiana
Ranunculaceae subfam. Ranunculoideae,Clematis,repens
Ranunculaceae subfam. Ranunculoideae,Clematis,serratifolia
Ranunculaceae subfam. Ranunculoideae,Clematis,songarica
Ranunculaceae subfam. Ranunculoideae,Clematis,sp.
Ranunculaceae subfam. Ranunculoideae,Clematis,stans
Ranunculaceae subfam. Ranunculoideae,Clematis,szuyuanensis
Ranunculaceae subfam. Ranunculoideae,Clematis,tangutica
Ranunculaceae subfam. Ranunculoideae,Clematis,tenuiloba
Ranunculaceae subfam. Ranunculoideae,Clematis,terniflora
Ranunculaceae subfam. Ranunculoideae,Clematis,ternifolia
Ranunculaceae subfam. Ranunculoideae,Clematis,texensis
Ranunculaceae subfam. Ranunculoideae,Clematis,tibetana
Ranunculaceae subfam. Ranunculoideae,Clematis,tongluensis
Ranunculaceae subfam. Ranunculoideae,Clematis,uncinata
Ranunculaceae subfam. Ranunculoideae,Clematis,villosa
Ranunculaceae subfam. Ranunculoideae,Clematis,viorna
Ranunculaceae subfam. Ranunculoideae,Clematis,vitalba
Ranunculaceae subfam. Ranunculoideae,Clematis,viticella
Ranunculaceae subfam. Ranunculoideae,Clematis,× cartmanii
Ranunculaceae subfam. Ranunculoideae,Clematis,× durandii
Ranunculaceae subfam. Ranunculoideae,Clematis,× eriostemon
Ranunculaceae subfam. Ranunculoideae,Clematis,× jackmanii
Ranunculaceae subfam. Ranunculoideae,Clematis,× jouiniana
Ranunculaceae subfam. Ranunculoideae,Clematis,× triternata
Ranunculaceae subfam. Ranunculoideae,Clematis,× vedrariensis
Ranunculaceae subfam. Ranunculoideae,Delphinium,
Ranunculaceae subfam. Ranunculoideae,Delphinium,(H.0100)
Ranunculaceae subfam. Ranunculoideae,Delphinium,(KR.5136)
Ranunculaceae subfam. Ranunculoideae,Delphinium,(SICH.1366)
Ranunculaceae subfam. Ranunculoideae,Delphinium,barbeyi
Ranunculaceae subfam. Ranunculoideae,Delphinium,bicolor
Ranunculaceae subfam. Ranunculoideae,Delphinium,brunonianum
Ranunculaceae subfam. Ranunculoideae,Delphinium,bulleyanum
Ranunculaceae subfam. Ranunculoideae,Delphinium,burkei
Ranunculaceae subfam. Ranunculoideae,Delphinium,carolinianum
Ranunculaceae subfam. Ranunculoideae,Delphinium,cashmerianum
Ranunculaceae subfam. Ranunculoideae,Delphinium,ceratophorum
Ranunculaceae subfam. Ranunculoideae,Delphinium,delavayi
Ranunculaceae subfam. Ranunculoideae,Delphinium,elatum
Ranunculaceae subfam. Ranunculoideae,Delphinium,glareosum
Ranunculaceae subfam. Ranunculoideae,Delphinium,glaucum
Ranunculaceae subfam. Ranunculoideae,Delphinium,grandiflorum
Ranunculaceae subfam. Ranunculoideae,Delphinium,henryi
Ranunculaceae subfam. Ranunculoideae,Delphinium,himalayae
Ranunculaceae subfam. Ranunculoideae,Delphinium,likiangense
Ranunculaceae subfam. Ranunculoideae,Delphinium,lipskyi
Ranunculaceae subfam. Ranunculoideae,Delphinium,luteum
Ranunculaceae subfam. Ranunculoideae,Delphinium,menziesii
Ranunculaceae subfam. Ranunculoideae,Delphinium,multiplex
Ranunculaceae subfam. Ranunculoideae,Delphinium,nudicaule
Ranunculaceae subfam. Ranunculoideae,Delphinium,nuttallianum
Ranunculaceae subfam. Ranunculoideae,Delphinium,occidentale
Ranunculaceae subfam. Ranunculoideae,Delphinium,oxysepalum
Ranunculaceae subfam. Ranunculoideae,Delphinium,pachycentrum
Ranunculaceae subfam. Ranunculoideae,Delphinium,parishii
Ranunculaceae subfam. Ranunculoideae,Delphinium,parryi
Ranunculaceae subfam. Ranunculoideae,Delphinium,przewalskii
Ranunculaceae subfam. Ranunculoideae,Delphinium,pylzowii
Ranunculaceae subfam. Ranunculoideae,Delphinium,pyramidatum
Ranunculaceae subfam. Ranunculoideae,Delphinium,requienii
Ranunculaceae subfam. Ranunculoideae,Delphinium,sp.
Ranunculaceae subfam. Ranunculoideae,Delphinium,speciosum
Ranunculaceae subfam. Ranunculoideae,Delphinium,tatsienense
Ranunculaceae subfam. Ranunculoideae,Delphinium,trichophorum
Ranunculaceae subfam. Ranunculoideae,Delphinium,vestitum
Ranunculaceae subfam. Ranunculoideae,Delphinium,viscosum
Ranunculaceae subfam. Ranunculoideae,Delphinium,×
Ranunculaceae subfam. Ranunculoideae,Delphinium,× belladonna
Ranunculaceae subfam. Ranunculoideae,Eranthis,cilicica
Ranunculaceae subfam. Ranunculoideae,Eranthis,hyemalis
Ranunculaceae subfam. Ranunculoideae,Eranthis,longistipitata
Ranunculaceae subfam. Ranunculoideae,Eranthis,pinnatifida
Ranunculaceae subfam. Ranunculoideae,Helleborus,
Ranunculaceae subfam. Ranunculoideae,Helleborus,argutifolius
Ranunculaceae subfam. Ranunculoideae,Helleborus,atrorubens
Ranunculaceae subfam. Ranunculoideae,Helleborus,cyclophyllus
Ranunculaceae subfam. Ranunculoideae,Helleborus,foetidus
Ranunculaceae subfam. Ranunculoideae,Helleborus,lividus
Ranunculaceae subfam. Ranunculoideae,Helleborus,multifidus
Ranunculaceae subfam. Ranunculoideae,Helleborus,niger
Ranunculaceae subfam. Ranunculoideae,Helleborus,olympicus
Ranunculaceae subfam. Ranunculoideae,Helleborus,orientalis
Ranunculaceae subfam. Ranunculoideae,Helleborus,purpurascens
Ranunculaceae subfam. Ranunculoideae,Helleborus,thibetanus
Ranunculaceae subfam. Ranunculoideae,Helleborus,torquatus
Ranunculaceae subfam. Ranunculoideae,Helleborus,vesicarius
Ranunculaceae subfam. Ranunculoideae,Helleborus,viridis
Ranunculaceae subfam. Ranunculoideae,Helleborus,×
Ranunculaceae subfam. Ranunculoideae,Helleborus,× ericsmithii
Ranunculaceae subfam. Ranunculoideae,Helleborus,× hybridus
Ranunculaceae subfam. Ranunculoideae,Helleborus,× sternii
Ranunculaceae subfam. Ranunculoideae,Hepatica,acutiloba
Ranunculaceae subfam. Ranunculoideae,Hepatica,nobilis
Ranunculaceae subfam. Ranunculoideae,Hepatica,× media
Ranunculaceae subfam. Ranunculoideae,Myosurus,aristatus
Ranunculaceae subfam. Ranunculoideae,Nigella,bucharica
Ranunculaceae subfam. Ranunculoideae,Nigella,damascena
Ranunculaceae subfam. Ranunculoideae,Nigella,sativa
Ranunculaceae subfam. Ranunculoideae,Pulsatilla,alba
Ranunculaceae subfam. Ranunculoideae,Pulsatilla,albana
Ranunculaceae subfam. Ranunculoideae,Pulsatilla,alpina
Ranunculaceae subfam. Ranunculoideae,Pulsatilla,ambigua
Ranunculaceae subfam. Ranunculoideae,Pulsatilla,athana
Ranunculaceae subfam. Ranunculoideae,Pulsatilla,aurea
Ranunculaceae subfam. Ranunculoideae,Pulsatilla,campanella
Ranunculaceae subfam. Ranunculoideae,Pulsatilla,cernua
Ranunculaceae subfam. Ranunculoideae,Pulsatilla,chinensis
Ranunculaceae subfam. Ranunculoideae,Pulsatilla,georgica
Ranunculaceae subfam. Ranunculoideae,Pulsatilla,grandis
Ranunculaceae subfam. Ranunculoideae,Pulsatilla,halleri
Ranunculaceae subfam. Ranunculoideae,Pulsatilla,hybrid
Ranunculaceae subfam. Ranunculoideae,Pulsatilla,jarmilae
Ranunculaceae subfam. Ranunculoideae,Pulsatilla,koreana
Ranunculaceae subfam. Ranunculoideae,Pulsatilla,kostyczewii
Ranunculaceae subfam. Ranunculoideae,Pulsatilla,montana
Ranunculaceae subfam. Ranunculoideae,Pulsatilla,nipponica
Ranunculaceae subfam. Ranunculoideae,Pulsatilla,patens
Ranunculaceae subfam. Ranunculoideae,Pulsatilla,pratensis
Ranunculaceae subfam. Ranunculoideae,Pulsatilla,pseudo-slavica
Ranunculaceae subfam. Ranunculoideae,Pulsatilla,regeliana
Ranunculaceae subfam. Ranunculoideae,Pulsatilla,turczanovii
Ranunculaceae subfam. Ranunculoideae,Pulsatilla,vernalis
Ranunculaceae subfam. Ranunculoideae,Pulsatilla,violacea
Ranunculaceae subfam. Ranunculoideae,Pulsatilla,vulgaris
Ranunculaceae subfam. Ranunculoideae,Ranunculus,
Ranunculaceae subfam. Ranunculoideae,Ranunculus,(AAR.80660)
Ranunculaceae subfam. Ranunculoideae,Ranunculus,aconitifolius
Ranunculaceae subfam. Ranunculoideae,Ranunculus,acris
Ranunculaceae subfam. Ranunculoideae,Ranunculus,alpestris
Ranunculaceae subfam. Ranunculoideae,Ranunculus,amplexicaulis
Ranunculaceae subfam. Ranunculoideae,Ranunculus,andersonii
Ranunculaceae subfam. Ranunculoideae,Ranunculus,aquatilis
Ranunculaceae subfam. Ranunculoideae,Ranunculus,asiaticus
Ranunculaceae subfam. Ranunculoideae,Ranunculus,baldschuanicus
Ranunculaceae subfam. Ranunculoideae,Ranunculus,baurii
Ranunculaceae subfam. Ranunculoideae,Ranunculus,buchananii
Ranunculaceae subfam. Ranunculoideae,Ranunculus,calandrinioides
Ranunculaceae subfam. Ranunculoideae,Ranunculus,constantinopolitanus
Ranunculaceae subfam. Ranunculoideae,Ranunculus,crithmifolius
Ranunculaceae subfam. Ranunculoideae,Ranunculus,cymbalaria
Ranunculaceae subfam. Ranunculoideae,Ranunculus,dissectifolius
Ranunculaceae subfam. Ranunculoideae,Ranunculus,enysii
Ranunculaceae subfam. Ranunculoideae,Ranunculus,eschscholtzii
Ranunculaceae subfam. Ranunculoideae,Ranunculus,ficaria
Ranunculaceae subfam. Ranunculoideae,Ranunculus,flammula
Ranunculaceae subfam. Ranunculoideae,Ranunculus,glaberrimus
Ranunculaceae subfam. Ranunculoideae,Ranunculus,glacialis
Ranunculaceae subfam. Ranunculoideae,Ranunculus,gmelinii
Ranunculaceae subfam. Ranunculoideae,Ranunculus,godleyanus
Ranunculaceae subfam. Ranunculoideae,Ranunculus,gramineus
Ranunculaceae subfam. Ranunculoideae,Ranunculus,graniticola
Ranunculaceae subfam. Ranunculoideae,Ranunculus,grayi
Ranunculaceae subfam. Ranunculoideae,Ranunculus,gunnianus
Ranunculaceae subfam. Ranunculoideae,Ranunculus,hyperboreus
Ranunculaceae subfam. Ranunculoideae,Ranunculus,inamoenus
Ranunculaceae subfam. Ranunculoideae,Ranunculus,insignis
Ranunculaceae subfam. Ranunculoideae,Ranunculus,kuepferi
Ranunculaceae subfam. Ranunculoideae,Ranunculus,lobulatus
Ranunculaceae subfam. Ranunculoideae,Ranunculus,lyallii
Ranunculaceae subfam. Ranunculoideae,Ranunculus,monroi
Ranunculaceae subfam. Ranunculoideae,Ranunculus,montanus
Ranunculaceae subfam. Ranunculoideae,Ranunculus,muelleri
Ranunculaceae subfam. Ranunculoideae,Ranunculus,multiscapus
Ranunculaceae subfam. Ranunculoideae,Ranunculus,nivicolus
Ranunculaceae subfam. Ranunculoideae,Ranunculus,occidentalis
Ranunculaceae subfam. Ranunculoideae,Ranunculus,orthorhynchus
Ranunculaceae subfam. Ranunculoideae,Ranunculus,pachyrrhizus
Ranunculaceae subfam. Ranunculoideae,Ranunculus,parnassifolius
Ranunculaceae subfam. Ranunculoideae,Ranunculus,pensylvanicus
Ranunculaceae subfam. Ranunculoideae,Ranunculus,pilifera
Ranunculaceae subfam. Ranunculoideae,Ranunculus,pyrenaeus
Ranunculaceae subfam. Ranunculoideae,Ranunculus,repens
Ranunculaceae subfam. Ranunculoideae,Ranunculus,scapigerus
Ranunculaceae subfam. Ranunculoideae,Ranunculus,sceleratus
Ranunculaceae subfam. Ranunculoideae,Ranunculus,seguiri
Ranunculaceae subfam. Ranunculoideae,Ranunculus,spicatus
Ranunculaceae subfam. Ranunculoideae,Ranunculus,uncinatus
Ranunculaceae subfam. Ranunculoideae,Ranunculus,verecundus
Ranunculaceae subfam. Ranunculoideae,Ranunculus,verticillatus
Ranunculaceae subfam. Ranunculoideae,Ranunculus,yakushimensis
Ranunculaceae subfam. Ranunculoideae,Ranunculus,× victoriensis
Ranunculaceae subfam. Ranunculoideae,Trollius,acaulis
Ranunculaceae subfam. Ranunculoideae,Trollius,albiflorus
Ranunculaceae subfam. Ranunculoideae,Trollius,altaicus
Ranunculaceae subfam. Ranunculoideae,Trollius,asiaticus
Ranunculaceae subfam. Ranunculoideae,Trollius,chinensis
Ranunculaceae subfam. Ranunculoideae,Trollius,dschungaricus
Ranunculaceae subfam. Ranunculoideae,Trollius,europaeus
Ranunculaceae subfam. Ranunculoideae,Trollius,farreri
Ranunculaceae subfam. Ranunculoideae,Trollius,hondoensis
Ranunculaceae subfam. Ranunculoideae,Trollius,ircuticus
Ranunculaceae subfam. Ranunculoideae,Trollius,laxus
Ranunculaceae subfam. Ranunculoideae,Trollius,ledebourii
Ranunculaceae subfam. Ranunculoideae,Trollius,lilacinus
Ranunculaceae subfam. Ranunculoideae,Trollius,pulcher
Ranunculaceae subfam. Ranunculoideae,Trollius,pumilis
Ranunculaceae subfam. Ranunculoideae,Trollius,pumilus
Ranunculaceae subfam. Ranunculoideae,Trollius,yunnanensis
Ranunculaceae subfam. Ranunculoideae,Trollius,× cultorum
Ranunculaceae subfam. Thalictroideae,Aquilegia,
Ranunculaceae subfam. Thalictroideae,Aquilegia,akitensis
Ranunculaceae subfam. Thalictroideae,Aquilegia,alpina
Ranunculaceae subfam. Thalictroideae,Aquilegia,amurensis
Ranunculaceae subfam. Thalictroideae,Aquilegia,atrovinosa
Ranunculaceae subfam. Thalictroideae,Aquilegia,atroviolacea
Ranunculaceae subfam. Thalictroideae,Aquilegia,aurea
Ranunculaceae subfam. Thalictroideae,Aquilegia,baluchistanica
Ranunculaceae subfam. Thalictroideae,Aquilegia,barnebyi
Ranunculaceae subfam. Thalictroideae,Aquilegia,bernardii
Ranunculaceae subfam. Thalictroideae,Aquilegia,bertolonii
Ranunculaceae subfam. Thalictroideae,Aquilegia,brevistyla
Ranunculaceae subfam. Thalictroideae,Aquilegia,buergeriana
Ranunculaceae subfam. Thalictroideae,Aquilegia,caerulea
Ranunculaceae subfam. Thalictroideae,Aquilegia,canadensis
Ranunculaceae subfam. Thalictroideae,Aquilegia,cazorlensis
Ranunculaceae subfam. Thalictroideae,Aquilegia,chrysantha
Ranunculaceae subfam. Thalictroideae,Aquilegia,coerulea
Ranunculaceae subfam. Thalictroideae,Aquilegia,colchica
Ranunculaceae subfam. Thalictroideae,Aquilegia,desertorum
Ranunculaceae subfam. Thalictroideae,Aquilegia,discolor
Ranunculaceae subfam. Thalictroideae,Aquilegia,ecalcarata
Ranunculaceae subfam. Thalictroideae,Aquilegia,einseleana
Ranunculaceae subfam. Thalictroideae,Aquilegia,eximia
Ranunculaceae subfam. Thalictroideae,Aquilegia,flabellata
Ranunculaceae subfam. Thalictroideae,Aquilegia,flavescens
Ranunculaceae subfam. Thalictroideae,Aquilegia,formosa
Ranunculaceae subfam. Thalictroideae,Aquilegia,fragrans
Ranunculaceae subfam. Thalictroideae,Aquilegia,glandulosa
Ranunculaceae subfam. Thalictroideae,Aquilegia,grahamii
Ranunculaceae subfam. Thalictroideae,Aquilegia,grata
Ranunculaceae subfam. Thalictroideae,Aquilegia,jonesii
Ranunculaceae subfam. Thalictroideae,Aquilegia,kuhistanica
Ranunculaceae subfam. Thalictroideae,Aquilegia,lactiflora
Ranunculaceae subfam. Thalictroideae,Aquilegia,laramiensis
Ranunculaceae subfam. Thalictroideae,Aquilegia,longissima
Ranunculaceae subfam. Thalictroideae,Aquilegia,microphylla
Ranunculaceae subfam. Thalictroideae,Aquilegia,nana
Ranunculaceae subfam. Thalictroideae,Aquilegia,olympica
Ranunculaceae subfam. Thalictroideae,Aquilegia,ottinis
Ranunculaceae subfam. Thalictroideae,Aquilegia,ottonis
Ranunculaceae subfam. Thalictroideae,Aquilegia,oxysepala
Ranunculaceae subfam. Thalictroideae,Aquilegia,pubescens
Ranunculaceae subfam. Thalictroideae,Aquilegia,pyrenaica
Ranunculaceae subfam. Thalictroideae,Aquilegia,saximontana
Ranunculaceae subfam. Thalictroideae,Aquilegia,scopulorum
Ranunculaceae subfam. Thalictroideae,Aquilegia,shockleyi
Ranunculaceae subfam. Thalictroideae,Aquilegia,sibirica
Ranunculaceae subfam. Thalictroideae,Aquilegia,skinneri
Ranunculaceae subfam. Thalictroideae,Aquilegia,sp.
Ranunculaceae subfam. Thalictroideae,Aquilegia,triternata
Ranunculaceae subfam. Thalictroideae,Aquilegia,turkintanica
Ranunculaceae subfam. Thalictroideae,Aquilegia,viridiflora
Ranunculaceae subfam. Thalictroideae,Aquilegia,vulgaris
Ranunculaceae subfam. Thalictroideae,Aquilegia,yabeana
Ranunculaceae subfam. Thalictroideae,Aquilegia,×
Ranunculaceae subfam. Thalictroideae,Enemion,biternatum
Ranunculaceae subfam. Thalictroideae,Isopyrum,savilei
Ranunculaceae subfam. Thalictroideae,Isopyrum,stipitatum
Ranunculaceae subfam. Thalictroideae,Semiaquilegia,ecalcarata
Ranunculaceae subfam. Thalictroideae,Semiaquilegia,simulatrix
Ranunculaceae subfam. Thalictroideae,Thalictrum,actaeifolium
Ranunculaceae subfam. Thalictroideae,Thalictrum,acteaefolium
Ranunculaceae subfam. Thalictroideae,Thalictrum,alpinum
Ranunculaceae subfam. Thalictroideae,Thalictrum,aquilegifolium
Ranunculaceae subfam. Thalictroideae,Thalictrum,aquilegiifolium
Ranunculaceae subfam. Thalictroideae,Thalictrum,brevisericeum
Ranunculaceae subfam. Thalictroideae,Thalictrum,chelidonii
Ranunculaceae subfam. Thalictroideae,Thalictrum,coreanum
Ranunculaceae subfam. Thalictroideae,Thalictrum,cuernavacanum
Ranunculaceae subfam. Thalictroideae,Thalictrum,dasycarpum
Ranunculaceae subfam. Thalictroideae,Thalictrum,delavayi
Ranunculaceae subfam. Thalictroideae,Thalictrum,diffusiflorum
Ranunculaceae subfam. Thalictroideae,Thalictrum,dioicum
Ranunculaceae subfam. Thalictroideae,Thalictrum,dipterocarpum
Ranunculaceae subfam. Thalictroideae,Thalictrum,elegans
Ranunculaceae subfam. Thalictroideae,Thalictrum,filamentosum
Ranunculaceae subfam. Thalictroideae,Thalictrum,finetii
Ranunculaceae subfam. Thalictroideae,Thalictrum,flavum
Ranunculaceae subfam. Thalictroideae,Thalictrum,foeniculaceum
Ranunculaceae subfam. Thalictroideae,Thalictrum,foliolosum
Ranunculaceae subfam. Thalictroideae,Thalictrum,glaucum
Ranunculaceae subfam. Thalictroideae,Thalictrum,grandiflorum
Ranunculaceae subfam. Thalictroideae,Thalictrum,ichangense
Ranunculaceae subfam. Thalictroideae,Thalictrum,kiusianum
Ranunculaceae subfam. Thalictroideae,Thalictrum,lucidum
Ranunculaceae subfam. Thalictroideae,Thalictrum,minus
Ranunculaceae subfam. Thalictroideae,Thalictrum,morisonii
Ranunculaceae subfam. Thalictroideae,Thalictrum,occidentale
Ranunculaceae subfam. Thalictroideae,Thalictrum,omeiense
Ranunculaceae subfam. Thalictroideae,Thalictrum,petaloideum
Ranunculaceae subfam. Thalictroideae,Thalictrum,pubescens
Ranunculaceae subfam. Thalictroideae,Thalictrum,revolutum
Ranunculaceae subfam. Thalictroideae,Thalictrum,robustum
Ranunculaceae subfam. Thalictroideae,Thalictrum,rochebruneanum
Ranunculaceae subfam. Thalictroideae,Thalictrum,sp.
Ranunculaceae subfam. Thalictroideae,Thalictrum,sparsiflorum
Ranunculaceae subfam. Thalictroideae,Thalictrum,sultanabadense
Ranunculaceae subfam. Thalictroideae,Thalictrum,thalictroides
Ranunculaceae subfam. Thalictroideae,Thalictrum,tuberosum
Ranunculaceae subfam. Thalictroideae,Thalictrum,uncatum
Ranunculaceae subfam. Thalictroideae,Thalictrum,venulosum
Resedaceae,Reseda,lutea
Resedaceae,Reseda,luteola
Resedaceae,Sesamoides,pygmaea
Restionaceae,Elegia,capensis
Restionaceae,Elegia,cuspidata
Restionaceae,Elegia,tectorum
Restionaceae,Leptocarpus,similis
Restionaceae,Restio,festucaeformis
Restionaceae,Restio,tetraphyllus
Rhabdoweisiaceae,Dicranoweisia,cirrata
Rhamnaceae,Berchemia,racemosa
Rhamnaceae,Berchemia,scandens
Rhamnaceae,Ceanothus,
Rhamnaceae,Ceanothus,americanus
Rhamnaceae,Ceanothus,arboreus
Rhamnaceae,Ceanothus,arcuatus
Rhamnaceae,Ceanothus,cordulatus
Rhamnaceae,Ceanothus,cuneatus
Rhamnaceae,Ceanothus,divergens
Rhamnaceae,Ceanothus,fendleri
Rhamnaceae,Ceanothus,gloriosus
Rhamnaceae,Ceanothus,greggii
Rhamnaceae,Ceanothus,impressus
Rhamnaceae,Ceanothus,integerrimus
Rhamnaceae,Ceanothus,lemmonii
Rhamnaceae,Ceanothus,leucodermis
Rhamnaceae,Ceanothus,megacarpus
Rhamnaceae,Ceanothus,pauciflorus
Rhamnaceae,Ceanothus,pinetorum
Rhamnaceae,Ceanothus,prostratus
Rhamnaceae,Ceanothus,pumilus
Rhamnaceae,Ceanothus,sanguineus
Rhamnaceae,Ceanothus,sp.
Rhamnaceae,Ceanothus,spinosus
Rhamnaceae,Ceanothus,thyrsiflorus
Rhamnaceae,Ceanothus,velutinus
Rhamnaceae,Ceanothus,× delileanus
Rhamnaceae,Ceanothus,× pallidus
Rhamnaceae,Ceanothus,× veitchianus
Rhamnaceae,Colletia,hystrix
Rhamnaceae,Cryptandra,amara
Rhamnaceae,Discaria,nana
Rhamnaceae,Frangula,californica
Rhamnaceae,Frangula,caroliniana
Rhamnaceae,Frangula,purshiana
Rhamnaceae,Hovenia,acerba
Rhamnaceae,Hovenia,dulcis
Rhamnaceae,Hovenia,tomentella
Rhamnaceae,Paliurus,spina-christi
Rhamnaceae,Phylica,plumosa
Rhamnaceae,Rhamnella,franguloides
Rhamnaceae,Rhamnus,alnifolia
Rhamnaceae,Rhamnus,alpina
Rhamnaceae,Rhamnus,californicus
Rhamnaceae,Rhamnus,henryi
Rhamnaceae,Rhamnus,myrtifolius
Rhamnaceae,Rhamnus,pallasii
Rhamnaceae,Rhamnus,prinoides
Rhamnaceae,Rhamnus,pumilus
Rhamnaceae,Rhamnus,sp.
Rhamnaceae,Sageretia,thea
Rhamnaceae,Spyridium,parvifolium
Rhamnaceae,Ziziphus,jujuba
Rosaceae,Acaena,
Rosaceae,Acaena,argentea
Rosaceae,Acaena,buchananii
Rosaceae,Acaena,caesiiglauca
Rosaceae,Acaena,hieronymii
Rosaceae,Acaena,inermis
Rosaceae,Acaena,macrocephala
Rosaceae,Acaena,magellanica
Rosaceae,Acaena,microphylla
Rosaceae,Acaena,montana
Rosaceae,Acaena,myriophylla
Rosaceae,Acaena,novae-zelandiae
Rosaceae,Acaena,ovalifolia
Rosaceae,Acaena,pinnatifida
Rosaceae,Acaena,poeppigiana
Rosaceae,Acaena,saccaticupula
Rosaceae,Acaena,sericea
Rosaceae,Acaena,sp.
Rosaceae,Acaena,splendens
Rosaceae,Acaena,tenera
Rosaceae,Adenostoma,fasciculatum
Rosaceae,Agrimonia,eupatoria
Rosaceae,Alchemilla,
Rosaceae,Alchemilla,alpina
Rosaceae,Alchemilla,ellenbeckii
Rosaceae,Alchemilla,erythropoda
Rosaceae,Alchemilla,lithophila
Rosaceae,Alchemilla,mollis
Rosaceae,Alchemilla,sericea
Rosaceae,Alchemilla,sp.
Rosaceae,Alchemilla,xanthochlora
Rosaceae,Amelanchier,
Rosaceae,Amelanchier,alnifolia
Rosaceae,Amelanchier,bartramiana
Rosaceae,Amelanchier,canadensis
Rosaceae,Amelanchier,cusickii
Rosaceae,Amelanchier,laevis
Rosaceae,Amelanchier,ovalis
Rosaceae,Amelanchier,sanguinea
Rosaceae,Amelanchier,sp.
Rosaceae,Amelanchier,spicata
Rosaceae,Aphanes,occidentalis
Rosaceae,Aria,edulis
Rosaceae,Aronia,arbutifolia
Rosaceae,Aronia,melanocarpa
Rosaceae,Aruncus,
Rosaceae,Aruncus,aethusifolius
Rosaceae,Aruncus,dioicus
Rosaceae,Aruncus,sinensis
Rosaceae,Cercocarpus,betuloides
Rosaceae,Cercocarpus,ledifolius
Rosaceae,Cercocarpus,montanus
Rosaceae,Chaenomeles,cathayensis
Rosaceae,Chaenomeles,japonica
Rosaceae,Chaenomeles,sp.
Rosaceae,Chaenomeles,speciosa
Rosaceae,Chaenomeles,thibetica
Rosaceae,Chaenomeles,× superba
Rosaceae,Chamaebatia,foliolosa
Rosaceae,Chamaebatiaria,millefolium
Rosaceae,Chamaemespilus,alpina
Rosaceae,Comarum,palustre
Rosaceae,Cotoneaster,
Rosaceae,Cotoneaster,acutifolius
Rosaceae,Cotoneaster,adpressus
Rosaceae,Cotoneaster,affinis
Rosaceae,Cotoneaster,ambiguus
Rosaceae,Cotoneaster,astrophonus
Rosaceae,Cotoneaster,atropurpureus
Rosaceae,Cotoneaster,bullatus
Rosaceae,Cotoneaster,buxifolius
Rosaceae,Cotoneaster,cordifolius
Rosaceae,Cotoneaster,dammeri
Rosaceae,Cotoneaster,dielsianus
Rosaceae,Cotoneaster,duthieanus
Rosaceae,Cotoneaster,frigidus
Rosaceae,Cotoneaster,glabratus
Rosaceae,Cotoneaster,glaucophyllus
Rosaceae,Cotoneaster,harrovianus
Rosaceae,Cotoneaster,harrysmithii
Rosaceae,Cotoneaster,hebephyllus
Rosaceae,Cotoneaster,hedegaardii
Rosaceae,Cotoneaster,hodjingensis
Rosaceae,Cotoneaster,horizontalis
Rosaceae,Cotoneaster,insolitus
Rosaceae,Cotoneaster,integerrimus
Rosaceae,Cotoneaster,integrifolius
Rosaceae,Cotoneaster,konishii
Rosaceae,Cotoneaster,lancasteri
Rosaceae,Cotoneaster,langei
Rosaceae,Cotoneaster,microphyllus
Rosaceae,Cotoneaster,milkedandai
Rosaceae,Cotoneaster,nanshan
Rosaceae,Cotoneaster,nummularius
Rosaceae,Cotoneaster,otto-schwarzii
Rosaceae,Cotoneaster,perpusillus
Rosaceae,Cotoneaster,praecox
Rosaceae,Cotoneaster,procumbens
Rosaceae,Cotoneaster,rehderi
Rosaceae,Cotoneaster,rhytidophyllus
Rosaceae,Cotoneaster,roseus
Rosaceae,Cotoneaster,rotundifolius
Rosaceae,Cotoneaster,simonsii
Rosaceae,Cotoneaster,sp.
Rosaceae,Cotoneaster,thymifolius
Rosaceae,Cowania,mexicana
Rosaceae,Crataegus,azarolus
Rosaceae,Crataegus,brainerdii
Rosaceae,Crataegus,chrysocarpa
Rosaceae,Crataegus,chungtienensis
Rosaceae,Crataegus,coccinioides
Rosaceae,Crataegus,columbiana
Rosaceae,Crataegus,crus-galli
Rosaceae,Crataegus,douglasii
Rosaceae,Crataegus,flava
Rosaceae,Crataegus,germanica
Rosaceae,Crataegus,kansuensis
Rosaceae,Crataegus,laevigata
Rosaceae,Crataegus,marshallii
Rosaceae,Crataegus,mollis
Rosaceae,Crataegus,monogyna
Rosaceae,Crataegus,pennsylvanica
Rosaceae,Crataegus,pentagyna
Rosaceae,Crataegus,persimilis
Rosaceae,Crataegus,pinnatifida
Rosaceae,Crataegus,schuettei
Rosaceae,Crataegus,sp.
Rosaceae,Crataegus,submollis
Rosaceae,Crataegus,suksdorfii
Rosaceae,Crataegus,viridis
Rosaceae,Crataegus,× grignonensis
Rosaceae,Cydonia,oblonga
Rosaceae,Dasiphora,davurica
Rosaceae,Dasiphora,fruticosa
Rosaceae,Dichotomanthes,tristaniicarpa
Rosaceae,Docynia,delavayi
Rosaceae,Dryas,
Rosaceae,Dryas,alaskensis
Rosaceae,Dryas,drummondii
Rosaceae,Dryas,hookeriana
Rosaceae,Dryas,integrifolia
Rosaceae,Dryas,octopetala
Rosaceae,Dryas,× suendermannii
Rosaceae,Eriobotrya,japonica
Rosaceae,Eriolobus,trilobatus
Rosaceae,Exochorda,giraldii
Rosaceae,Exochorda,korolkowii
Rosaceae,Fallugia,paradoxa
Rosaceae,Filipendula,camtschatica
Rosaceae,Filipendula,multijuga
Rosaceae,Filipendula,palmata
Rosaceae,Filipendula,purpurea
Rosaceae,Filipendula,ulmaria
Rosaceae,Filipendula,vestita
Rosaceae,Filipendula,vulgaris
Rosaceae,Fragaria,chiloensis
Rosaceae,Fragaria,sp.
Rosaceae,Fragaria,vesca
Rosaceae,Fragaria,virginiana
Rosaceae,Fragaria,× ananassa
Rosaceae,Geum,
Rosaceae,Geum,aleppicum
Rosaceae,Geum,andicola
Rosaceae,Geum,calthifolium
Rosaceae,Geum,capense
Rosaceae,Geum,chiloense
Rosaceae,Geum,coccineum
Rosaceae,Geum,cockaynei
Rosaceae,Geum,leiospermum
Rosaceae,Geum,macrophyllum
Rosaceae,Geum,magellanicum
Rosaceae,Geum,montanum
Rosaceae,Geum,parviflorum
Rosaceae,Geum,pyrenaicum
Rosaceae,Geum,quellyon
Rosaceae,Geum,reptans
Rosaceae,Geum,rivale
Rosaceae,Geum,rossii
Rosaceae,Geum,schofieldii
Rosaceae,Geum,triflorum
Rosaceae,Geum,urbanum
Rosaceae,Geum,× borisii
Rosaceae,Geum,× chiloense
Rosaceae,Gillenia,trifoliata
Rosaceae,Hedlundia,arranensis
Rosaceae,Hedlundia,hybrida
Rosaceae,Heteromeles,arbutifolia
Rosaceae,Holodiscus,discolor
Rosaceae,Holodiscus,dumosus
Rosaceae,Horkelia,hendersonii
Rosaceae,Horkeliella,purpurascens
Rosaceae,Indet Rosaceae,
Rosaceae,Ivesia,lycopodioides
Rosaceae,Kageneckia,oblonga
Rosaceae,Kelseya,uniflora
Rosaceae,Kerria,japonica
Rosaceae,Leucosidea,sericea
Rosaceae,Luetkea,pectinata
Rosaceae,Lyonothamnus,floribundus
Rosaceae,Majovskya,sudetica
Rosaceae,Malus,
Rosaceae,Malus,asiatica
Rosaceae,Malus,baccata
Rosaceae,Malus,domestica
Rosaceae,Malus,doumeri
Rosaceae,Malus,fusca
Rosaceae,Malus,halliana
Rosaceae,Malus,prattii
Rosaceae,Malus,rockii
Rosaceae,Malus,sargentii
Rosaceae,Malus,sieboldii
Rosaceae,Malus,sieversii
Rosaceae,Malus,sp.
Rosaceae,Malus,sylvestris
Rosaceae,Malus,toringoides
Rosaceae,Malus,tschonoskii
Rosaceae,Malus,yunnanensis
Rosaceae,Margyricarpus,pinnatus
Rosaceae,Margyricarpus,setosus
Rosaceae,Mespilus,germanica
Rosaceae,Micromeles,alnifolia
Rosaceae,Micromeles,aronioides
Rosaceae,Micromeles,caloneura
Rosaceae,Micromeles,coronata
Rosaceae,Micromeles,decaisneana
Rosaceae,Micromeles,folgneri
Rosaceae,Micromeles,globosa
Rosaceae,Micromeles,hemsleyi
Rosaceae,Micromeles,karchungii
Rosaceae,Micromeles,megalocarpa
Rosaceae,Micromeles,meliosmifolia
Rosaceae,Micromeles,needhamii
Rosaceae,Micromeles,pallescens
Rosaceae,Micromeles,schwerinii
Rosaceae,Micromeles,thibetica
Rosaceae,Micromeles,thomsonii
Rosaceae,Micromeles,yuana
Rosaceae,Neillia,incisa
Rosaceae,Neillia,tanakae
Rosaceae,Neillia,thibetica
Rosaceae,Neillia,thyrsiflora
Rosaceae,Oemleria,cerasiformis
Rosaceae,Osteomeles,schweriniae
Rosaceae,Osteomeles,subrotunda
Rosaceae,Peraphyllum,ramosissimum
Rosaceae,Petrophytum,caespitosum
Rosaceae,Petrophytum,cinerascens
Rosaceae,Petrophytum,hendersonii
Rosaceae,Photinia,beauverdiana
Rosaceae,Photinia,davidiana
Rosaceae,Photinia,glabra
Rosaceae,Photinia,integrifolia
Rosaceae,Photinia,lasiogyne
Rosaceae,Photinia,schneideriana
Rosaceae,Photinia,serratifolia
Rosaceae,Photinia,villosa
Rosaceae,Photinia,× fraseri
Rosaceae,Physocarpus,amurensis
Rosaceae,Physocarpus,capitatus
Rosaceae,Physocarpus,malvaceus
Rosaceae,Physocarpus,opulifolius
Rosaceae,Polylepis,australis
Rosaceae,Polylepis,lanata
Rosaceae,Polylepis,tomentella
Rosaceae,Potentilla,
Rosaceae,Potentilla,alba
Rosaceae,Potentilla,alchemilloides
Rosaceae,Potentilla,ambigua
Rosaceae,Potentilla,andicola
Rosaceae,Potentilla,anserina
Rosaceae,Potentilla,arbuscula
Rosaceae,Potentilla,argentea
Rosaceae,Potentilla,arguta
Rosaceae,Potentilla,argyrophylla
Rosaceae,Potentilla,arnavatensis
Rosaceae,Potentilla,articulata
Rosaceae,Potentilla,atrosanguinea
Rosaceae,Potentilla,aurea
Rosaceae,Potentilla,biflora
Rosaceae,Potentilla,blaschkeana
Rosaceae,Potentilla,calabra
Rosaceae,Potentilla,caulescens
Rosaceae,Potentilla,chinensis
Rosaceae,Potentilla,cinerea
Rosaceae,Potentilla,clusiana
Rosaceae,Potentilla,coriandrifolia
Rosaceae,Potentilla,crantzii
Rosaceae,Potentilla,dickinsii
Rosaceae,Potentilla,diversifolia
Rosaceae,Potentilla,divina
Rosaceae,Potentilla,dombeyi
Rosaceae,Potentilla,drummondii
Rosaceae,Potentilla,eriocarpa
Rosaceae,Potentilla,flabellifolia
Rosaceae,Potentilla,floribunda
Rosaceae,Potentilla,fragarioides
Rosaceae,Potentilla,freyniana
Rosaceae,Potentilla,fruticosa
Rosaceae,Potentilla,glandulosa
Rosaceae,Potentilla,gracilis
Rosaceae,Potentilla,hippiana
Rosaceae,Potentilla,hookerana
Rosaceae,Potentilla,hyparctica
Rosaceae,Potentilla,indica
Rosaceae,Potentilla,kurdica
Rosaceae,Potentilla,leucopolitana
Rosaceae,Potentilla,libanotica
Rosaceae,Potentilla,matsumarae
Rosaceae,Potentilla,megalantha
Rosaceae,Potentilla,multifida
Rosaceae,Potentilla,multifidiformis
Rosaceae,Potentilla,nepalensis
Rosaceae,Potentilla,neumanniana
Rosaceae,Potentilla,nipponica
Rosaceae,Potentilla,nitida
Rosaceae,Potentilla,nivalis
Rosaceae,Potentilla,nivea
Rosaceae,Potentilla,norvegica
Rosaceae,Potentilla,nudicaulis
Rosaceae,Potentilla,oweriniana
Rosaceae,Potentilla,pamiroalaica
Rosaceae,Potentilla,parvifolia
Rosaceae,Potentilla,pedata
Rosaceae,Potentilla,peduncularis
Rosaceae,Potentilla,pensylvanica
Rosaceae,Potentilla,purpurea
Rosaceae,Potentilla,recta
Rosaceae,Potentilla,reptans
Rosaceae,Potentilla,rivalis
Rosaceae,Potentilla,rubricaulis
Rosaceae,Potentilla,rupestris
Rosaceae,Potentilla,sp.
Rosaceae,Potentilla,speciosa
Rosaceae,Potentilla,thurberi
Rosaceae,Potentilla,transcaspia
Rosaceae,Potentilla,uniflora
Rosaceae,Potentilla,valderia
Rosaceae,Potentilla,verna
Rosaceae,Potentilla,villosa
Rosaceae,Potentilla,villosula
Rosaceae,Potentilla,virginiana
Rosaceae,Pourthiaea,arguta
Rosaceae,Pourthiaea,villosa
Rosaceae,Prinsepia,sinensis
Rosaceae,Prinsepia,utilis
Rosaceae,Prunus,
Rosaceae,Prunus,andersonii
Rosaceae,Prunus,armeniaca
Rosaceae,Prunus,campanulata
Rosaceae,Prunus,cerasoides
Rosaceae,Prunus,davidiana
Rosaceae,Prunus,domestica
Rosaceae,Prunus,dulcis
Rosaceae,Prunus,emarginata
Rosaceae,Prunus,glandulosa
Rosaceae,Prunus,humilis
Rosaceae,Prunus,hybrid
Rosaceae,Prunus,incisa
Rosaceae,Prunus,itosakura
Rosaceae,Prunus,laurocerasus
Rosaceae,Prunus,lusitanica
Rosaceae,Prunus,maackii
Rosaceae,Prunus,mahaleb
Rosaceae,Prunus,maritima
Rosaceae,Prunus,microcarpa
Rosaceae,Prunus,mume
Rosaceae,Prunus,nigra
Rosaceae,Prunus,padus
Rosaceae,Prunus,persica
Rosaceae,Prunus,prostrata
Rosaceae,Prunus,pseudocerasus
Rosaceae,Prunus,pumila
Rosaceae,Prunus,sargentii
Rosaceae,Prunus,serotina
Rosaceae,Prunus,serrula
Rosaceae,Prunus,serrulata
Rosaceae,Prunus,sp.
Rosaceae,Prunus,speciosa
Rosaceae,Prunus,spinosa
Rosaceae,Prunus,subhirtella
Rosaceae,Prunus,tianshanica
Rosaceae,Prunus,virginiana
Rosaceae,Prunus,× yedoensis
Rosaceae,Purshia,stansburyana
Rosaceae,Purshia,tridentata
Rosaceae,Pyracantha,
Rosaceae,Pyracantha,angustifolia
Rosaceae,Pyracantha,atalantioides
Rosaceae,Pyracantha,coccinea
Rosaceae,Pyracantha,crenatoserrata
Rosaceae,Pyracantha,rogersiana
Rosaceae,Pyracomeles,vilmorinii
Rosaceae,Pyrus,
Rosaceae,Pyrus,calleryana
Rosaceae,Pyrus,communis
Rosaceae,Pyrus,elaeagrifolia
Rosaceae,Pyrus,heterophylla
Rosaceae,Pyrus,pyrifolia
Rosaceae,Pyrus,sp.
Rosaceae,Pyrus,ussuriensis
Rosaceae,Rhaphiolepis,indica
Rosaceae,Rhaphiolepis,× delacourii
Rosaceae,Rhodotypos,scandens
Rosaceae,Rosa,
Rosaceae,Rosa,acicularis
Rosaceae,Rosa,alberti
Rosaceae,Rosa,anemoniflora
Rosaceae,Rosa,arkansana
Rosaceae,Rosa,balcarica
Rosaceae,Rosa,banksiae
Rosaceae,Rosa,brunonii
Rosaceae,Rosa,canina
Rosaceae,Rosa,chinensis
Rosaceae,Rosa,chionistrae
Rosaceae,Rosa,corymbifera
Rosaceae,Rosa,cymosa
Rosaceae,Rosa,davidii
Rosaceae,Rosa,ecae
Rosaceae,Rosa,elegantula
Rosaceae,Rosa,filipes
Rosaceae,Rosa,forrestiana
Rosaceae,Rosa,gallica
Rosaceae,Rosa,gentiliana
Rosaceae,Rosa,giraldii
Rosaceae,Rosa,glauca
Rosaceae,Rosa,glomerata
Rosaceae,Rosa,gymnocarpa
Rosaceae,Rosa,helenae
Rosaceae,Rosa,hugonis
Rosaceae,Rosa,laevigata
Rosaceae,Rosa,longicuspis
Rosaceae,Rosa,luciae
Rosaceae,Rosa,macrophylla
Rosaceae,Rosa,morrisonensis
Rosaceae,Rosa,moschata
Rosaceae,Rosa,moyesii
Rosaceae,Rosa,mulliganii
Rosaceae,Rosa,multibracteata
Rosaceae,Rosa,multiflora
Rosaceae,Rosa,nutkana
Rosaceae,Rosa,omeiensis
Rosaceae,Rosa,palustris
Rosaceae,Rosa,pendulina
Rosaceae,Rosa,persica
Rosaceae,Rosa,pimpinellifolia
Rosaceae,Rosa,pisocarpa
Rosaceae,Rosa,pulverulenta
Rosaceae,Rosa,roxburghii
Rosaceae,Rosa,rubiginosa
Rosaceae,Rosa,rubus
Rosaceae,Rosa,rugosa
Rosaceae,Rosa,sambucina
Rosaceae,Rosa,sempervirens
Rosaceae,Rosa,serafinii
Rosaceae,Rosa,sericea
Rosaceae,Rosa,sertata
Rosaceae,Rosa,setipoda
Rosaceae,Rosa,sherardii
Rosaceae,Rosa,sikangensis
Rosaceae,Rosa,soulieana
Rosaceae,Rosa,sp.
Rosaceae,Rosa,sweginzowii
Rosaceae,Rosa,villosa
Rosaceae,Rosa,virginiana
Rosaceae,Rosa,wardii
Rosaceae,Rosa,webbiana
Rosaceae,Rosa,wichuraiana
Rosaceae,Rosa,willmottiae
Rosaceae,Rosa,woodsii
Rosaceae,Rosa,xanthina
Rosaceae,Rosa,× alba
Rosaceae,Rosa,× damascena
Rosaceae,Rosa,× odorata
Rosaceae,Rubus,
Rosaceae,Rubus,alaskensis
Rosaceae,Rubus,alceifolius
Rosaceae,Rubus,arcticus
Rosaceae,Rubus,armeniacus
Rosaceae,Rubus,bambusarum
Rosaceae,Rubus,biflorus
Rosaceae,Rubus,chamaemorus
Rosaceae,Rubus,chingii
Rosaceae,Rubus,cockburnianus
Rosaceae,Rubus,crataegifolius
Rosaceae,Rubus,flosculosus
Rosaceae,Rubus,geoides
Rosaceae,Rubus,henryi
Rosaceae,Rubus,ichangensis
Rosaceae,Rubus,idaeus
Rosaceae,Rubus,ikenoensis
Rosaceae,Rubus,innominatus
Rosaceae,Rubus,irenaeus
Rosaceae,Rubus,laciniatus
Rosaceae,Rubus,lambertianus
Rosaceae,Rubus,lasiostylus
Rosaceae,Rubus,leucodermis
Rosaceae,Rubus,lineatus
Rosaceae,Rubus,ludwigii
Rosaceae,Rubus,nepalensis
Rosaceae,Rubus,nivalis
Rosaceae,Rubus,odoratus
Rosaceae,Rubus,parkeri
Rosaceae,Rubus,parviflorus
Rosaceae,Rubus,parvus
Rosaceae,Rubus,pectinellus
Rosaceae,Rubus,pedatus
Rosaceae,Rubus,phoenicolasius
Rosaceae,Rubus,pinnatisepalus
Rosaceae,Rubus,pubescens
Rosaceae,Rubus,rolfei
Rosaceae,Rubus,setchuenensis
Rosaceae,Rubus,simplex
Rosaceae,Rubus,sp.
Rosaceae,Rubus,spectabilis
Rosaceae,Rubus,taiwanicola
Rosaceae,Rubus,tephrodes
Rosaceae,Rubus,thibetanus
Rosaceae,Rubus,treutleri
Rosaceae,Rubus,tricolor
Rosaceae,Rubus,tsangiorum
Rosaceae,Rubus,ursinus
Rosaceae,Rubus,×
Rosaceae,Rubus,× loganobaccus
Rosaceae,Sanguisorba,canadensis
Rosaceae,Sanguisorba,hakusanensis
Rosaceae,Sanguisorba,magnifica
Rosaceae,Sanguisorba,menziesii
Rosaceae,Sanguisorba,minor
Rosaceae,Sanguisorba,obtusa
Rosaceae,Sanguisorba,officinalis
Rosaceae,Sanguisorba,stipulata
Rosaceae,Sanguisorba,tenuifolia
Rosaceae,Sarcopoterium,spinosum
Rosaceae,Scandosorbus,intermedia
Rosaceae,Sibbaldia,cuneata
Rosaceae,Sibbaldia,olgae
Rosaceae,Sibbaldia,parviflora
Rosaceae,Sibbaldia,procumbens
Rosaceae,Sibbaldia,semiglabra
Rosaceae,Sibbaldia,sp.
Rosaceae,Sibbaldiopsis,tridentata
Rosaceae,Sibiraea,altaiensis
Rosaceae,Sieversia,pentapetala
Rosaceae,Sorbaria,
Rosaceae,Sorbaria,aitchisonii
Rosaceae,Sorbaria,arborea
Rosaceae,Sorbaria,sorbifolia
Rosaceae,Sorbaria,tomentosa
Rosaceae,Sorbus,
Rosaceae,Sorbus,alnifolia
Rosaceae,Sorbus,amabilis
Rosaceae,Sorbus,americana
Rosaceae,Sorbus,amurensis
Rosaceae,Sorbus,aria
Rosaceae,Sorbus,aucuparia
Rosaceae,Sorbus,bissetii
Rosaceae,Sorbus,cashmiriana
Rosaceae,Sorbus,commixta
Rosaceae,Sorbus,cuspidata
Rosaceae,Sorbus,decora
Rosaceae,Sorbus,discolor
Rosaceae,Sorbus,domestica
Rosaceae,Sorbus,eburnea
Rosaceae,Sorbus,esserteauana
Rosaceae,Sorbus,filipes
Rosaceae,Sorbus,folgneri
Rosaceae,Sorbus,foliolosa
Rosaceae,Sorbus,forrestii
Rosaceae,Sorbus,fruticosa
Rosaceae,Sorbus,glabriuscula
Rosaceae,Sorbus,glomerulata
Rosaceae,Sorbus,gonggashanica
Rosaceae,Sorbus,gracilis
Rosaceae,Sorbus,harrowiana
Rosaceae,Sorbus,hedlundii
Rosaceae,Sorbus,helenae
Rosaceae,Sorbus,hupehensis
Rosaceae,Sorbus,koehneana
Rosaceae,Sorbus,lanata
Rosaceae,Sorbus,laxiflora
Rosaceae,Sorbus,macrantha
Rosaceae,Sorbus,matsumurana
Rosaceae,Sorbus,microphylla
Rosaceae,Sorbus,monbeigii
Rosaceae,Sorbus,muliensis
Rosaceae,Sorbus,multijuga
Rosaceae,Sorbus,oligodonta
Rosaceae,Sorbus,poteriifolia
Rosaceae,Sorbus,prattii
Rosaceae,Sorbus,pseudohupehensis
Rosaceae,Sorbus,pseudovilmorinii
Rosaceae,Sorbus,randaiensis
Rosaceae,Sorbus,reducta
Rosaceae,Sorbus,rehderiana
Rosaceae,Sorbus,rhamnoides
Rosaceae,Sorbus,rosea
Rosaceae,Sorbus,rufopilosa
Rosaceae,Sorbus,sambucifolia
Rosaceae,Sorbus,sargentiana
Rosaceae,Sorbus,scalaris
Rosaceae,Sorbus,scopulina
Rosaceae,Sorbus,setschwanensis
Rosaceae,Sorbus,sitchensis
Rosaceae,Sorbus,sp.
Rosaceae,Sorbus,splendens
Rosaceae,Sorbus,tianschanica
Rosaceae,Sorbus,ulleungensis
Rosaceae,Sorbus,verrucosa
Rosaceae,Sorbus,vilmorinii
Rosaceae,Sorbus,× hostii
Rosaceae,Spiraea,
Rosaceae,Spiraea,alba
Rosaceae,Spiraea,arcuata
Rosaceae,Spiraea,baldschuanica
Rosaceae,Spiraea,betulifolia
Rosaceae,Spiraea,canescens
Rosaceae,Spiraea,cantoniensis
Rosaceae,Spiraea,chamaedryfolia
Rosaceae,Spiraea,crenata
Rosaceae,Spiraea,douglasii
Rosaceae,Spiraea,formosana
Rosaceae,Spiraea,fritschiana
Rosaceae,Spiraea,gemmata
Rosaceae,Spiraea,hayatana
Rosaceae,Spiraea,hemicryptophyta
Rosaceae,Spiraea,henryi
Rosaceae,Spiraea,humilis
Rosaceae,Spiraea,hypericifolia
Rosaceae,Spiraea,japonica
Rosaceae,Spiraea,lucida
Rosaceae,Spiraea,media
Rosaceae,Spiraea,micrantha
Rosaceae,Spiraea,mollifolia
Rosaceae,Spiraea,morrisonicola
Rosaceae,Spiraea,nipponica
Rosaceae,Spiraea,schneideriana
Rosaceae,Spiraea,sp.args.181
Rosaceae,Spiraea,sp.args0641
Rosaceae,Spiraea,splendens
Rosaceae,Spiraea,trichocarpa
Rosaceae,Spiraea,wilsonii
Rosaceae,Spiraea,yunnanensis
Rosaceae,Spiraea,× arguta
Rosaceae,Spiraea,× bumalda
Rosaceae,Spiraea,× hitchcockii
Rosaceae,Spiraea,× lemoinei
Rosaceae,Spiraea,× pyramidata
Rosaceae,Spiraea,× vanhouttei
Rosaceae,Stephanandra,incisa
Rosaceae,Stranvaesia,microphylla
Rosaceae,Stranvaesia,niitakayamensis
Rosaceae,Tetraglochin,alatum
Rosaceae,Torminalis,glaberrima
Rosaceae,Waldsteinia,fragarioides
Rosaceae,Waldsteinia,ternata
Rosaceae,× Sorbaronia,alpina
Rosaceae,× Sorbopyrus,auricularis
Rubiaceae,Adina,rubella
Rubiaceae,Asperula,affinis
Rubiaceae,Asperula,boissieri
Rubiaceae,Asperula,cynanchica
Rubiaceae,Asperula,gussonei
Rubiaceae,Asperula,hexaphylla
Rubiaceae,Asperula,lilicina
Rubiaceae,Asperula,nitida
Rubiaceae,Asperula,odorata
Rubiaceae,Asperula,suberosa
Rubiaceae,Asperula,taurina
Rubiaceae,Bouvardia,ternifolia
Rubiaceae,Cephalanthus,occidentalis
Rubiaceae,Coprosma,
Rubiaceae,Coprosma,areolata
Rubiaceae,Coprosma,atropurpurea
Rubiaceae,Coprosma,brunnea
Rubiaceae,Coprosma,cheesemanii
Rubiaceae,Coprosma,ciliata
Rubiaceae,Coprosma,colensoi
Rubiaceae,Coprosma,cuneata
Rubiaceae,Coprosma,depressa
Rubiaceae,Coprosma,foetidissima
Rubiaceae,Coprosma,grandiflora
Rubiaceae,Coprosma,lucida
Rubiaceae,Coprosma,nitida
Rubiaceae,Coprosma,petriei
Rubiaceae,Coprosma,rhamnoides
Rubiaceae,Coprosma,serrulata
Rubiaceae,Coprosma,×
Rubiaceae,Coprosma,× kirkii
Rubiaceae,Cynanchica,lilaciflora
Rubiaceae,Emmenopterys,henryi
Rubiaceae,Galium,(W.0044)
Rubiaceae,Galium,aparine
Rubiaceae,Galium,aretioides
Rubiaceae,Galium,bifolium
Rubiaceae,Galium,boreale
Rubiaceae,Galium,cilicicum
Rubiaceae,Galium,kamtschaticum
Rubiaceae,Galium,mollugo
Rubiaceae,Galium,odoratum
Rubiaceae,Galium,trifidum
Rubiaceae,Galium,triflorum
Rubiaceae,Galium,verum
Rubiaceae,Gardenia,thunbergia
Rubiaceae,Hedyotis,caerulea
Rubiaceae,Leptodermis,oblonga
Rubiaceae,Leptodermis,pilosa
Rubiaceae,Luculia,gratissima
Rubiaceae,Luculia,yunnanensis
Rubiaceae,Manettia,inflata
Rubiaceae,Mitchella,repens
Rubiaceae,Mussaenda,pubescens
Rubiaceae,Nertera,balfouriana
Rubiaceae,Oreopolus,glacialis
Rubiaceae,Paederia,foetida
Rubiaceae,Pentanisia,prunelloides
Rubiaceae,Phuopsis,stylosa
Rubiaceae,Pinckneya,bracteata
Rubiaceae,Plocama,calabrica
Rubiaceae,Rubia,cordifolia
Rubiaceae,Rubia,tinctoria
Rubiaceae,Serissa,foetida
Rubiaceae,Urophyllum,sp.
Rubiaceae,Urophyllum,streptopodium
Rutaceae,Acradenia,frankliniae
Rutaceae,Agathosma,serpyllacea
Rutaceae,Boenninghausenia,albiflora
Rutaceae,Choisya,ternata
Rutaceae,Choisya,× dewitteana
Rutaceae,Citrus,australasica
Rutaceae,Citrus,× junos
Rutaceae,Citrus,× latifolia
Rutaceae,Cneorum,tricoccum
Rutaceae,Coleonema,pulchrum
Rutaceae,Correa,alba
Rutaceae,Correa,backhousiana
Rutaceae,Correa,pulchella
Rutaceae,Correa,×
Rutaceae,Dictamnus,albus
Rutaceae,Dictamnus,angustifolia
Rutaceae,Diosma,ericoides
Rutaceae,Eriostemon,nodiflorum
Rutaceae,Melicope,pteleifolia
Rutaceae,Orixa,japonica
Rutaceae,Phebalium,
Rutaceae,Phellodendron,amurense
Rutaceae,Phellodendron,chinense
Rutaceae,Phellodendron,insulare
Rutaceae,Poncirus,trifoliata
Rutaceae,Ptelea,crenulata
Rutaceae,Ptelea,trifoliata
Rutaceae,Ruta,graveolens
Rutaceae,Ruta,mexicana
Rutaceae,Skimmia,anquetilia
Rutaceae,Skimmia,arborescens
Rutaceae,Skimmia,japonica
Rutaceae,Skimmia,reevesiana
Rutaceae,Skimmia,sp.
Rutaceae,Skimmia,× confusa
Rutaceae,Tetradium,daniellii
Rutaceae,Tetradium,fraxinifolium
Rutaceae,Tetradium,glabrifolium
Rutaceae,Tetradium,ruticarpum
Rutaceae,Zanthoxylum,ailanthoides
Rutaceae,Zanthoxylum,americanum
Rutaceae,Zanthoxylum,armatum
Rutaceae,Zanthoxylum,coreanum
Rutaceae,Zanthoxylum,dimorphophyllum
Rutaceae,Zanthoxylum,dissitum
Rutaceae,Zanthoxylum,oxyphyllum
Rutaceae,Zanthoxylum,piperitum
Rutaceae,Zanthoxylum,schinifolium
Rutaceae,Zanthoxylum,simulans
Rutaceae,Zanthoxylum,sp.
Sabiaceae,Meliosma,alba
Sabiaceae,Meliosma,cuneifolia
Sabiaceae,Meliosma,dilleniifolia
Sabiaceae,Meliosma,kirkii
Sabiaceae,Meliosma,myriantha
Sabiaceae,Meliosma,oldhamii
Sabiaceae,Meliosma,sp.
Sabiaceae,Meliosma,squamulata
Sabiaceae,Meliosma,veitchiorum
Salicaceae,Azara,alpina
Salicaceae,Azara,dentata
Salicaceae,Azara,lanceolata
Salicaceae,Azara,microphylla
Salicaceae,Azara,serrata
Salicaceae,Carrierea,calycina
Salicaceae,Chosenia,arbutifolia
Salicaceae,Idesia,polycarpa
Salicaceae,Poliothyrsis,sinensis
Salicaceae,Populus,balsamifera
Salicaceae,Populus,deltoides
Salicaceae,Populus,lasiocarpa
Salicaceae,Populus,maximowiczii
Salicaceae,Populus,szechuanica
Salicaceae,Populus,tremuloides
Salicaceae,Populus,trichocarpa
Salicaceae,Populus,× generosa
Salicaceae,Salix,
Salicaceae,Salix,acutifolia
Salicaceae,Salix,alaxensis
Salicaceae,Salix,amygdaloides
Salicaceae,Salix,arbuscula
Salicaceae,Salix,arbusculoides
Salicaceae,Salix,arctica
Salicaceae,Salix,babylonica
Salicaceae,Salix,barclayi
Salicaceae,Salix,barrattiana
Salicaceae,Salix,bebbiana
Salicaceae,Salix,bicolor
Salicaceae,Salix,brachista
Salicaceae,Salix,brachycarpa
Salicaceae,Salix,breviserrata
Salicaceae,Salix,candida
Salicaceae,Salix,cascadensis
Salicaceae,Salix,commutata
Salicaceae,Salix,daphnoides
Salicaceae,Salix,drummondiana
Salicaceae,Salix,eleagnos
Salicaceae,Salix,exigua
Salicaceae,Salix,fargesii
Salicaceae,Salix,farriae
Salicaceae,Salix,gilgiana
Salicaceae,Salix,glauca
Salicaceae,Salix,gracilistyla
Salicaceae,Salix,hastata
Salicaceae,Salix,helvetica
Salicaceae,Salix,herbacea
Salicaceae,Salix,hookeriana
Salicaceae,Salix,hylematica
Salicaceae,Salix,integra
Salicaceae,Salix,jejuna
Salicaceae,Salix,koriyanagi
Salicaceae,Salix,kurilensis
Salicaceae,Salix,lanata
Salicaceae,Salix,lapponum
Salicaceae,Salix,lasiandra
Salicaceae,Salix,lindleyana
Salicaceae,Salix,maccalliana
Salicaceae,Salix,magnifica
Salicaceae,Salix,matsudana
Salicaceae,Salix,myrtillifolia
Salicaceae,Salix,nakamurana
Salicaceae,Salix,niphoclada
Salicaceae,Salix,nivalis
Salicaceae,Salix,pedicellaris
Salicaceae,Salix,petrophila
Salicaceae,Salix,planifolia
Salicaceae,Salix,prolixa
Salicaceae,Salix,pseudomonticola
Salicaceae,Salix,pseudomyrsinites
Salicaceae,Salix,purpurea
Salicaceae,Salix,pyrenaica
Salicaceae,Salix,pyrifolia
Salicaceae,Salix,repens
Salicaceae,Salix,reticulata
Salicaceae,Salix,retusa
Salicaceae,Salix,rotundifolia
Salicaceae,Salix,scouleriana
Salicaceae,Salix,serpillifolia
Salicaceae,Salix,sitchensis
Salicaceae,Salix,sp.
Salicaceae,Salix,stolonifera
Salicaceae,Salix,triandra
Salicaceae,Salix,vestita
Salicaceae,Salix,waldsteiniana
Salicaceae,Salix,wolfii
Salicaceae,Salix,× boydii
Salicaceae,Salix,× cottetii
Salicaceae,Salix,× grahamii
Salicaceae,Salix,× sobrina
Salviniaceae,Azolla,mexicana
Santalaceae,Comandra,umbellata
Santalaceae,Geocaulon,lividum
Santalaceae,Pyrularia,pubera
Sapindaceae,Acer,acuminatum
Sapindaceae,Acer,amamiense
Sapindaceae,Acer,amoenum
Sapindaceae,Acer,amplum
Sapindaceae,Acer,barbinerve
Sapindaceae,Acer,brevipes
Sapindaceae,Acer,buergerianum
Sapindaceae,Acer,caesium
Sapindaceae,Acer,campbellii
Sapindaceae,Acer,campestre
Sapindaceae,Acer,capillipes
Sapindaceae,Acer,cappadocicum
Sapindaceae,Acer,carpinifolium
Sapindaceae,Acer,caudatum
Sapindaceae,Acer,ceriferum
Sapindaceae,Acer,chienii
Sapindaceae,Acer,circinatum
Sapindaceae,Acer,cissifolium
Sapindaceae,Acer,cordatum
Sapindaceae,Acer,coriaceifolium
Sapindaceae,Acer,crataegifolium
Sapindaceae,Acer,davidii
Sapindaceae,Acer,distylum
Sapindaceae,Acer,elegantulum
Sapindaceae,Acer,erianthum
Sapindaceae,Acer,erythranthum
Sapindaceae,Acer,fabri
Sapindaceae,Acer,flabellatum
Sapindaceae,Acer,forrestii
Sapindaceae,Acer,glabrum
Sapindaceae,Acer,granatense
Sapindaceae,Acer,grandidentatum
Sapindaceae,Acer,griseum
Sapindaceae,Acer,heldreichii
Sapindaceae,Acer,henryi
Sapindaceae,Acer,heptaphlebium
Sapindaceae,Acer,hybrid
Sapindaceae,Acer,japonicum
Sapindaceae,Acer,kawakamii
Sapindaceae,Acer,komarovii
Sapindaceae,Acer,laevigatum
Sapindaceae,Acer,laurinum
Sapindaceae,Acer,laxiflorum
Sapindaceae,Acer,longipes
Sapindaceae,Acer,macrophyllum
Sapindaceae,Acer,mandshuricum
Sapindaceae,Acer,maximowiczianum
Sapindaceae,Acer,maximowiczii
Sapindaceae,Acer,metcalfii
Sapindaceae,Acer,micranthum
Sapindaceae,Acer,miyabei
Sapindaceae,Acer,monspessulanum
Sapindaceae,Acer,morifolium
Sapindaceae,Acer,negundo
Sapindaceae,Acer,nipponicum
Sapindaceae,Acer,oblongum
Sapindaceae,Acer,obtusifolium
Sapindaceae,Acer,oliverianum
Sapindaceae,Acer,opalus
Sapindaceae,Acer,palmatum
Sapindaceae,Acer,pauciflorum
Sapindaceae,Acer,pectinatum
Sapindaceae,Acer,pensylvanicum
Sapindaceae,Acer,pentaphyllum
Sapindaceae,Acer,pictum
Sapindaceae,Acer,platanoides
Sapindaceae,Acer,pseudosieboldianum
Sapindaceae,Acer,pubinerve
Sapindaceae,Acer,pycnanthum
Sapindaceae,Acer,rubescens
Sapindaceae,Acer,rubrum
Sapindaceae,Acer,rufinerve
Sapindaceae,Acer,saccharum
Sapindaceae,Acer,sempervirens
Sapindaceae,Acer,serrulatum
Sapindaceae,Acer,shirasawanum
Sapindaceae,Acer,sieboldianum
Sapindaceae,Acer,sikkimense
Sapindaceae,Acer,sinense
Sapindaceae,Acer,sp.
Sapindaceae,Acer,spicatum
Sapindaceae,Acer,stachyophyllum
Sapindaceae,Acer,sterculiaceum
Sapindaceae,Acer,tataricum
Sapindaceae,Acer,tegmentosum
Sapindaceae,Acer,tonkinense
Sapindaceae,Acer,triflorum
Sapindaceae,Acer,truncatum
Sapindaceae,Acer,tsinglingense
Sapindaceae,Acer,velutinum
Sapindaceae,Acer,wilsonii
Sapindaceae,Acer,× conspicuum
Sapindaceae,Acer,× freemanii
Sapindaceae,Aesculus,assamica
Sapindaceae,Aesculus,californica
Sapindaceae,Aesculus,chinensis
Sapindaceae,Aesculus,flava
Sapindaceae,Aesculus,glabra
Sapindaceae,Aesculus,hippocastanum
Sapindaceae,Aesculus,indica
Sapindaceae,Aesculus,parviflora
Sapindaceae,Aesculus,pavia
Sapindaceae,Aesculus,sp.
Sapindaceae,Aesculus,× mutabilis
Sapindaceae,Diplopeltis,eriocarpa
Sapindaceae,Dipteronia,dyeriana
Sapindaceae,Dipteronia,sinensis
Sapindaceae,Dodonaea,boroniifolia
Sapindaceae,Dodonaea,viscosa
Sapindaceae,Guindilia,trinervis
Sapindaceae,Koelreuteria,paniculata
Sapindaceae,Sapindus,delavayi
Sapindaceae,Sapindus,mukorossi
Sapindaceae,Sapindus,saponaria
Sapindaceae,Ungnadia,speciosa
Sapindaceae,Xanthoceras,sorbifolium
Sapotaceae,Pouteria,lucuma
Sarraceniaceae,Darlingtonia,californica
Sarraceniaceae,Sarracenia,purpurea
Saururaceae,Houttuynia,cordata
Saururaceae,Saururus,cernuus
Saxifragaceae,Astilbe,
Saxifragaceae,Astilbe,"(S.C.335, Japan)"
Saxifragaceae,Astilbe,biternata
Saxifragaceae,Astilbe,chinensis
Saxifragaceae,Astilbe,glaberrima
Saxifragaceae,Astilbe,grandis
Saxifragaceae,Astilbe,japonica
Saxifragaceae,Astilbe,macroflora
Saxifragaceae,Astilbe,rivularis
Saxifragaceae,Astilbe,rubra
Saxifragaceae,Astilbe,simplicifolia
Saxifragaceae,Astilbe,sp.
Saxifragaceae,Astilbe,taquetii
Saxifragaceae,Astilbe,thunbergii
Saxifragaceae,Astilbe,× arendsii
Saxifragaceae,Astilbe,× crispa
Saxifragaceae,Astilbe,× rosea
Saxifragaceae,Astilboides,tabularis
Saxifragaceae,Bergenia,
Saxifragaceae,Bergenia,ciliata
Saxifragaceae,Bergenia,crassifolia
Saxifragaceae,Bergenia,emeiensis
Saxifragaceae,Bergenia,pacumbis
Saxifragaceae,Bergenia,purpurascens
Saxifragaceae,Bergenia,sp.
Saxifragaceae,Bergenia,stracheyi
Saxifragaceae,Boykinia,jamesii
Saxifragaceae,Boykinia,occidentalis
Saxifragaceae,Brewerimitella,ovalis
Saxifragaceae,Chrysosplenium,alternifolium
Saxifragaceae,Chrysosplenium,davidianum
Saxifragaceae,Chrysosplenium,macrophyllum
Saxifragaceae,Chrysosplenium,tetrandrum
Saxifragaceae,Darmera,peltata
Saxifragaceae,Elmera,racemosa
Saxifragaceae,Hemieva,ranunculifolia
Saxifragaceae,Heuchera,
Saxifragaceae,Heuchera,(COLL.N.VANCOUVER)
Saxifragaceae,Heuchera,(COLL.WYOMING)
Saxifragaceae,Heuchera,bracteata
Saxifragaceae,Heuchera,chlorantha
Saxifragaceae,Heuchera,cylindrica
Saxifragaceae,Heuchera,glabra
Saxifragaceae,Heuchera,grossulariifolia
Saxifragaceae,Heuchera,hallii
Saxifragaceae,Heuchera,himalayensis
Saxifragaceae,Heuchera,merriamii
Saxifragaceae,Heuchera,micrantha
Saxifragaceae,Heuchera,parviflora
Saxifragaceae,Heuchera,pulchella
Saxifragaceae,Heuchera,rubescens
Saxifragaceae,Heuchera,sp.
Saxifragaceae,Heuchera,versicolor
Saxifragaceae,Heuchera,villosa
Saxifragaceae,Heuchera,× brizoides
Saxifragaceae,Leptarrhena,pyrolifolia
Saxifragaceae,Lithophragma,glabrum
Saxifragaceae,Lithophragma,parviflorum
Saxifragaceae,Lithophragma,tenellum
Saxifragaceae,Micranthes,ferruginea
Saxifragaceae,Micranthes,integrifolia
Saxifragaceae,Micranthes,lyallii
Saxifragaceae,Micranthes,nelsoniana
Saxifragaceae,Micranthes,nivalis
Saxifragaceae,Micranthes,occidentalis
Saxifragaceae,Micranthes,rufidula
Saxifragaceae,Micranthes,tolmiei
Saxifragaceae,Mitella,nuda
Saxifragaceae,Mukdenia,rossii
Saxifragaceae,Ozomelis,trifida
Saxifragaceae,Pectiantia,breweri
Saxifragaceae,Pectiantia,pentandra
Saxifragaceae,Peltoboykinia,tellimoides
Saxifragaceae,Peltoboykinia,watanabei
Saxifragaceae,Rodgersia,
Saxifragaceae,Rodgersia,(KR.4857)
Saxifragaceae,Rodgersia,aesculifolia
Saxifragaceae,Rodgersia,henricii
Saxifragaceae,Rodgersia,nepalensis
Saxifragaceae,Rodgersia,pinnata
Saxifragaceae,Rodgersia,podophylla
Saxifragaceae,Rodgersia,sambucifolia
Saxifragaceae,Rodgersia,sp.
Saxifragaceae,Saxifraga,
Saxifragaceae,Saxifraga,adscendens
Saxifragaceae,Saxifraga,aizoides
Saxifragaceae,Saxifraga,androsacea
Saxifragaceae,Saxifraga,aspera
Saxifragaceae,Saxifraga,bronchialis
Saxifragaceae,Saxifraga,brunonis
Saxifragaceae,Saxifraga,bryoides
Saxifragaceae,Saxifraga,burseriana
Saxifragaceae,Saxifraga,caesia
Saxifragaceae,Saxifraga,callosa
Saxifragaceae,Saxifraga,canaliculata
Saxifragaceae,Saxifraga,cartilaginea
Saxifragaceae,Saxifraga,caucasica
Saxifragaceae,Saxifraga,cernua
Saxifragaceae,Saxifraga,cespitosa
Saxifragaceae,Saxifraga,cherlerioides
Saxifragaceae,Saxifraga,cochlearis
Saxifragaceae,Saxifraga,coriophylla
Saxifragaceae,Saxifraga,cotyledon
Saxifragaceae,Saxifraga,crustata
Saxifragaceae,Saxifraga,cuneata
Saxifragaceae,Saxifraga,cuneifolia
Saxifragaceae,Saxifraga,decipiens
Saxifragaceae,Saxifraga,demnatensis
Saxifragaceae,Saxifraga,dinnikii
Saxifragaceae,Saxifraga,exarata
Saxifragaceae,Saxifraga,federici-augusti
Saxifragaceae,Saxifraga,federici-augustii
Saxifragaceae,Saxifraga,ferdinandi-coburgi
Saxifragaceae,Saxifraga,flagellaris
Saxifragaceae,Saxifraga,fortunei
Saxifragaceae,Saxifraga,glabella
Saxifragaceae,Saxifraga,granulata
Saxifragaceae,Saxifraga,groenlandica
Saxifragaceae,Saxifraga,hirculus
Saxifragaceae,Saxifraga,hirsuta
Saxifragaceae,Saxifraga,hostii
Saxifragaceae,Saxifraga,irrigua
Saxifragaceae,Saxifraga,juniperifolia
Saxifragaceae,Saxifraga,lilacina
Saxifragaceae,Saxifraga,lingulata
Saxifragaceae,Saxifraga,longifolia
Saxifragaceae,Saxifraga,magellanica
Saxifragaceae,Saxifraga,manchuriensis
Saxifragaceae,Saxifraga,marginata
Saxifragaceae,Saxifraga,media
Saxifragaceae,Saxifraga,mertensiana
Saxifragaceae,Saxifraga,moschata
Saxifragaceae,Saxifraga,muscoides
Saxifragaceae,Saxifraga,mutata
Saxifragaceae,Saxifraga,nevadensis
Saxifragaceae,Saxifraga,nipponica
Saxifragaceae,Saxifraga,oppositifolia
Saxifragaceae,Saxifraga,paniculata
Saxifragaceae,Saxifraga,pentadactylis
Saxifragaceae,Saxifraga,porophylla
Saxifragaceae,Saxifraga,pseudo-fleischeri
Saxifragaceae,Saxifraga,retusa
Saxifragaceae,Saxifraga,rhomboidea
Saxifragaceae,Saxifraga,rivularis
Saxifragaceae,Saxifraga,rosacea
Saxifragaceae,Saxifraga,rotundifolia
Saxifragaceae,Saxifraga,rufescens
Saxifragaceae,Saxifraga,scardica
Saxifragaceae,Saxifraga,scleropoda
Saxifragaceae,Saxifraga,sempervivum
Saxifragaceae,Saxifraga,sibirica
Saxifragaceae,Saxifraga,sibthorpii
Saxifragaceae,Saxifraga,sostii
Saxifragaceae,Saxifraga,sp.
Saxifragaceae,Saxifraga,spathularis
Saxifragaceae,Saxifraga,squarrosa
Saxifragaceae,Saxifraga,stellaris
Saxifragaceae,Saxifraga,stolonifera
Saxifragaceae,Saxifraga,stribrnyi
Saxifragaceae,Saxifraga,subverticillata
Saxifragaceae,Saxifraga,taylorii
Saxifragaceae,Saxifraga,tenella
Saxifragaceae,Saxifraga,tolmiei
Saxifragaceae,Saxifraga,tricuspidata
Saxifragaceae,Saxifraga,umbrosa
Saxifragaceae,Saxifraga,valdensis
Saxifragaceae,Saxifraga,wendelboi
Saxifragaceae,Saxifraga,×
Saxifragaceae,Saxifraga,× andrewsii
Saxifragaceae,Saxifraga,× anglica
Saxifragaceae,Saxifraga,× apiculata
Saxifragaceae,Saxifraga,× arco-valleyi
Saxifragaceae,Saxifraga,× arendsii
Saxifragaceae,Saxifraga,× bertolonii
Saxifragaceae,Saxifraga,× borisii
Saxifragaceae,Saxifraga,× boydii
Saxifragaceae,Saxifraga,× boydilacina
Saxifragaceae,Saxifraga,× burnatii
Saxifragaceae,Saxifraga,× edithae
Saxifragaceae,Saxifraga,× elizabethae
Saxifragaceae,Saxifraga,× eudoxiana
Saxifragaceae,Saxifraga,× gaudinii
Saxifragaceae,Saxifraga,× geum
Saxifragaceae,Saxifraga,× gloriana
Saxifragaceae,Saxifraga,× irvingii
Saxifragaceae,Saxifraga,× kellereri
Saxifragaceae,Saxifraga,× petraschii
Saxifragaceae,Saxifraga,× polita
Saxifragaceae,Saxifraga,× rosinae
Saxifragaceae,Saxifraga,× salmonica
Saxifragaceae,Saxifraga,× sundermannii
Saxifragaceae,Saxifraga,× urbium
Saxifragaceae,Saxifraga,× zimmeteri
Saxifragaceae,Saxifragopsis,fragarioides
Saxifragaceae,Suksdorfia,violacea
Saxifragaceae,Tanakaea,radicans
Saxifragaceae,Telesonix,jamesii
Saxifragaceae,Tellima,grandiflora
Saxifragaceae,Tiarella,
Saxifragaceae,Tiarella,cordifolia
Saxifragaceae,Tiarella,nautila
Saxifragaceae,Tiarella,polyphylla
Saxifragaceae,Tiarella,trifoliata
Saxifragaceae,Tiarella,wherryi
Saxifragaceae,Tolmiea,menziesii
Saxifragaceae,× Heucherella,alba
Scheuchzeriaceae,Scheuchzeria,palustris
Schisandraceae,Illicium,
Schisandraceae,Illicium,anisatum
Schisandraceae,Illicium,floridanum
Schisandraceae,Illicium,henryi
Schisandraceae,Illicium,merrillianum
Schisandraceae,Illicium,simonsii
Schisandraceae,Illicium,sp.
Schisandraceae,Kadsura,coccinea
Schisandraceae,Kadsura,heteroclita
Schisandraceae,Kadsura,japonica
Schisandraceae,Schisandra,arisanensis
Schisandraceae,Schisandra,chinensis
Schisandraceae,Schisandra,grandiflora
Schisandraceae,Schisandra,henryi
Schisandraceae,Schisandra,hybrid
Schisandraceae,Schisandra,perulata
Schisandraceae,Schisandra,propinqua
Schisandraceae,Schisandra,rubriflora
Schisandraceae,Schisandra,sp.
Schisandraceae,Schisandra,sphenanthera
Schizaeaceae,Lygodium,japonicum
Schizaeaceae,Schizaea,pusilla
Sciadopityaceae,Sciadopitys,verticillata
Scrophulariaceae,Alonsoa,
Scrophulariaceae,Alonsoa,incisifolia
Scrophulariaceae,Alonsoa,warscewiczii
Scrophulariaceae,Aptosimum,procumbens
Scrophulariaceae,Buddleja,
Scrophulariaceae,Buddleja,albiflora
Scrophulariaceae,Buddleja,alternifolia
Scrophulariaceae,Buddleja,colvilei
Scrophulariaceae,Buddleja,cordata
Scrophulariaceae,Buddleja,crispa
Scrophulariaceae,Buddleja,davidii
Scrophulariaceae,Buddleja,fallowiana
Scrophulariaceae,Buddleja,forrestii
Scrophulariaceae,Buddleja,globosa
Scrophulariaceae,Buddleja,indica
Scrophulariaceae,Buddleja,japonica
Scrophulariaceae,Buddleja,lindleyana
Scrophulariaceae,Buddleja,loricata
Scrophulariaceae,Buddleja,macrostachya
Scrophulariaceae,Buddleja,nivea
Scrophulariaceae,Buddleja,sp.
Scrophulariaceae,Buddleja,stachyoides
Scrophulariaceae,Buddleja,utahensis
Scrophulariaceae,Celsia,
Scrophulariaceae,Diascia,barberae
Scrophulariaceae,Diascia,cordata
Scrophulariaceae,Diascia,rigescens
Scrophulariaceae,Diascia,vigilis
Scrophulariaceae,Diascia,×
Scrophulariaceae,Eremophila,laanii
Scrophulariaceae,Eremophila,maculata
Scrophulariaceae,Glumicalyx,goseloides
Scrophulariaceae,Glumicalyx,nutans
Scrophulariaceae,Gomphostigma,virgatum
Scrophulariaceae,Hebenstretia,dentata
Scrophulariaceae,Hebenstretia,paarlensis
Scrophulariaceae,Indet Scrophulaceae,
Scrophulariaceae,Leucophyllum,minus
Scrophulariaceae,Limosella,aquatica
Scrophulariaceae,Lophospermum,erubescens
Scrophulariaceae,Myoporum,debile
Scrophulariaceae,Nemesia,(DBGSA.056-94)
Scrophulariaceae,Nemesia,caerulea
Scrophulariaceae,Nemesia,floribunda
Scrophulariaceae,Nemesia,foetans
Scrophulariaceae,Nemesia,fruticans
Scrophulariaceae,Nemesia,strumosa
Scrophulariaceae,Nemesia,versicolor
Scrophulariaceae,Nemesia,×
Scrophulariaceae,Phygelius,aequalis
Scrophulariaceae,Phygelius,capensis
Scrophulariaceae,Phygelius,× rectus
Scrophulariaceae,Scrophularia,aquatica
Scrophulariaceae,Scrophularia,californica
Scrophulariaceae,Scrophularia,chrysantha
Scrophulariaceae,Scrophularia,glabrata
Scrophulariaceae,Scrophularia,kakudensis
Scrophulariaceae,Scrophularia,macrantha
Scrophulariaceae,Scrophularia,nodosa
Scrophulariaceae,Selago,flanaganii
Scrophulariaceae,Sutera,neglecta
Scrophulariaceae,Verbascum,
Scrophulariaceae,Verbascum,adzharicum
Scrophulariaceae,Verbascum,barnadesii
Scrophulariaceae,Verbascum,blattaria
Scrophulariaceae,Verbascum,chaixii
Scrophulariaceae,Verbascum,dumulosum
Scrophulariaceae,Verbascum,eriophorum
Scrophulariaceae,Verbascum,nigrum
Scrophulariaceae,Verbascum,phoeniceum
Scrophulariaceae,Verbascum,roripifolium
Scrophulariaceae,Verbascum,rupicola
Scrophulariaceae,Verbascum,spinosum
Scrophulariaceae,Verbascum,spodiotrichum
Scrophulariaceae,Verbascum,thapsus
Scrophulariaceae,Verbascum,wiedemannianum
Scrophulariaceae,Verbascum,×
Scrophulariaceae,Zaluzianskya,goseloides
Scrophulariaceae,Zaluzianskya,ovata
Scrophulariaceae,Zaluzianskya,villosa
Selaginellaceae,Selaginella,caulescens
Selaginellaceae,Selaginella,densa
Selaginellaceae,Selaginella,hansenii
Selaginellaceae,Selaginella,selaginoides
Selaginellaceae,Selaginella,sibirica
Selaginellaceae,Selaginella,wallacei
Simaroubaceae,Ailanthus,altissima
Simaroubaceae,Brucea,javanica
Simaroubaceae,Picrasma,quassioides
Smilacaceae,Smilax,megalantha
Smilacaceae,Smilax,rotundifolia
Smilacaceae,Smilax,sieboldii
Smilacaceae,Smilax,sp.
Solanaceae,Anisodus,carniolicoides
Solanaceae,Anisodus,stramoniifolius
Solanaceae,Atropa,belladonna
Solanaceae,Capsicum,annuum
Solanaceae,Capsicum,baccatum
Solanaceae,Capsicum,chinense
Solanaceae,Capsicum,flexuosum
Solanaceae,Capsicum,pubescens
Solanaceae,Cestrum,parqui
Solanaceae,Datura,metel
Solanaceae,Datura,stramonium
Solanaceae,Dunalia,australis
Solanaceae,Fabiana,foliosa
Solanaceae,Fabiana,imbricata
Solanaceae,Fabiana,nana
Solanaceae,Hyoscyamus,albus
Solanaceae,Hyoscyamus,niger
Solanaceae,Indet Solanaceae,
Solanaceae,Iochroma,australe
Solanaceae,Jaborosa,caulescens
Solanaceae,Jaborosa,laciniata
Solanaceae,Jaborosa,magellanica
Solanaceae,Lycium,barbarum
Solanaceae,Lycium,chinense
Solanaceae,Lycium,ruthenicum
Solanaceae,Mandragora,officinarum
Solanaceae,Nicotiana,
Solanaceae,Nicotiana,alata
Solanaceae,Nicotiana,glutinosa
Solanaceae,Nicotiana,knightiana
Solanaceae,Nicotiana,langsdorffii
Solanaceae,Nicotiana,mutabilis
Solanaceae,Nicotiana,sylvestris
Solanaceae,Nicotiana,virginica
Solanaceae,Nierembergia,repens
Solanaceae,Nolana,crassulifolia
Solanaceae,Nolana,humifusa
Solanaceae,Nolana,napiformis
Solanaceae,Nolana,paradoxa
Solanaceae,Petunia,axillaris
Solanaceae,Petunia,exserta
Solanaceae,Petunia,integrifolia
Solanaceae,Petunia,patagonica
Solanaceae,Petunia,violacea
Solanaceae,Physalis,longifolia
Solanaceae,Physalis,peruviana
Solanaceae,Physalis,philadelphica
Solanaceae,Physalis,pruinosa
Solanaceae,Physochlaina,orientalis
Solanaceae,Salpiglossis,sinuata
Solanaceae,Schizanthus,grahamii
Solanaceae,Schizanthus,hookeri
Solanaceae,Schizanthus,pinnatus
Solanaceae,Scopolia,carniolica
Solanaceae,Solanum,aethiopicum
Solanaceae,Solanum,americanum
Solanaceae,Solanum,betaceum
Solanaceae,Solanum,caripense
Solanaceae,Solanum,crispum
Solanaceae,Solanum,dulcamara
Solanaceae,Solanum,elaeagnifolium
Solanaceae,Solanum,laciniatum
Solanaceae,Solanum,laxum
Solanaceae,Solanum,lycopersicum
Solanaceae,Solanum,mammosum
Solanaceae,Solanum,melongena
Solanaceae,Solanum,pimpinellifolium
Solanaceae,Solanum,quitoense
Solanaceae,Solanum,rostratum
Solanaceae,Solanum,sp.
Solanaceae,Solanum,tuberosum
Solanaceae,Solanum,villosum
Solanaceae,Vestia,foetida
Solanaceae,Vestia,lycioides
Sphagnaceae,Sphagnum,palustre
Sphagnaceae,Sphagnum,squarrosum
Stachyuraceae,Stachyurus,chinensis
Stachyuraceae,Stachyurus,himalaicus
Stachyuraceae,Stachyurus,obovatus
Stachyuraceae,Stachyurus,praecox
Stachyuraceae,Stachyurus,retusus
Stachyuraceae,Stachyurus,salicifolius
Stachyuraceae,Stachyurus,sp.
Stachyuraceae,Stachyurus,yunnanensis
Staphyleaceae,Euscaphis,japonica
Staphyleaceae,Staphylea,bumalda
Staphyleaceae,Staphylea,holocarpa
Staphyleaceae,Staphylea,pinnata
Staphyleaceae,Staphylea,trifolia
Staphyleaceae,Staphylea,× coulombieri
Staphyleaceae,Turpinia,formosana
Staphyleaceae,Turpinia,sp.
Stemonuraceae,Gomphandra,globosa
Stilbaceae,Bowkeria,cymosa
Stilbaceae,Halleria,lucida
Stylidiaceae,Stylidium,graminifolium
Styracaceae,Alniphyllum,fortunei
Styracaceae,Halesia,carolina
Styracaceae,Halesia,diptera
Styracaceae,Halesia,sp.
Styracaceae,Huodendron,sp.
Styracaceae,Huodendron,tibeticum
Styracaceae,Indet Styracaceae,
Styracaceae,Melliodendron,xylocarpum
Styracaceae,Perkinsiodendron,macgregorii
Styracaceae,Pterostyrax,corymbosus
Styracaceae,Pterostyrax,hispidus
Styracaceae,Pterostyrax,psilophyllus
Styracaceae,Rehderodendron,macrocarpum
Styracaceae,Sinojackia,rehderiana
Styracaceae,Sinojackia,xylocarpa
Styracaceae,Styrax,americanus
Styracaceae,Styrax,calvescens
Styracaceae,Styrax,confusus
Styracaceae,Styrax,dasyantha
Styracaceae,Styrax,faberi
Styracaceae,Styrax,formosanus
Styracaceae,Styrax,hemsleyanus
Styracaceae,Styrax,japonicus
Styracaceae,Styrax,megalocarpa
Styracaceae,Styrax,obassia
Styracaceae,Styrax,odoratissimus
Styracaceae,Styrax,perkinsiae
Styracaceae,Styrax,redivivus
Styracaceae,Styrax,roseus
Styracaceae,Styrax,rugosus
Styracaceae,Styrax,serrulatus
Styracaceae,Styrax,shiraianus
Styracaceae,Styrax,sp.
Styracaceae,Styrax,suberifolius
Styracaceae,Styrax,tonkinensis
Styracaceae,Styrax,wilsonii
Symplocaceae,Symplocos,lucida
Symplocaceae,Symplocos,paniculata
Symplocaceae,Symplocos,sp.
Talinaceae,Talinum,
Talinaceae,Talinum,(Rosy fls.)
Talinaceae,Talinum,appalachianum
Talinaceae,Talinum,brevifolium
Talinaceae,Talinum,calycinum
Talinaceae,Talinum,rugospermum
Talinaceae,Talinum,sediforme
Talinaceae,Talinum,sp.
Talinaceae,Talinum,spinescens
Talinaceae,Talinum,teretifolium
Talinaceae,Talinum,×
Tamaricaceae,Tamarix,ramosissima
Tapisciaceae,Tapiscia,sinensis
Taxaceae,Amentotaxus,hatuyenensis
Taxaceae,Amentotaxus,yunnanensis
Taxaceae,Pseudotaxus,chienii
Taxaceae,Taxus,baccata
Taxaceae,Taxus,brevifolia
Taxaceae,Taxus,canadensis
Taxaceae,Taxus,chinensis
Taxaceae,Taxus,cuspidata
Taxaceae,Taxus,sp.
Taxaceae,Taxus,sumatrana
Taxaceae,Taxus,wallichiana
Taxaceae,Taxus,× hunnewelliana
Taxaceae,Taxus,× media
Taxaceae,Torreya,californica
Taxaceae,Torreya,jackii
Taxaceae,Torreya,nucifera
Tecophilaeaceae,Conanthera,bifolia
Tecophilaeaceae,Conanthera,campanulata
Tecophilaeaceae,Conanthera,urceolata
Tecophilaeaceae,Cyanella,capensis
Tecophilaeaceae,Cyanella,hyacinthoides
Tecophilaeaceae,Cyanella,lutea
Tecophilaeaceae,Cyanella,odoratissima
Tecophilaeaceae,Indet Tecophilaeaceae,
Tecophilaeaceae,Odontostomum,hartwegii
Tecophilaeaceae,Tecophilaea,cyanocrocus
Tecophilaeaceae,Tecophilaea,violaeflora
Theaceae,Camellia,
Theaceae,Camellia,brevistyla
Theaceae,Camellia,cuspidata
Theaceae,Camellia,forrestii
Theaceae,Camellia,fraterna
Theaceae,Camellia,grijsii
Theaceae,Camellia,japonica
Theaceae,Camellia,kissi
Theaceae,Camellia,lutchuensis
Theaceae,Camellia,oleifera
Theaceae,Camellia,petelotii
Theaceae,Camellia,purpurea
Theaceae,Camellia,reticulata
Theaceae,Camellia,sasanqua
Theaceae,Camellia,sinensis
Theaceae,Camellia,sp.
Theaceae,Camellia,taliensis
Theaceae,Camellia,tsaii
Theaceae,Camellia,yunnanensis
Theaceae,Camellia,× williamsii
Theaceae,Franklinia,alatamaha
Theaceae,Gordonia,lasianthus
Theaceae,Gordonia,sp.
Theaceae,Polyspora,axillaris
Theaceae,Polyspora,chrysandra
Theaceae,Polyspora,longicarpa
Theaceae,Polyspora,sp.
Theaceae,Polyspora,speciosa
Theaceae,Schima,khasiana
Theaceae,Schima,sericans
Theaceae,Schima,sinensis
Theaceae,Schima,sp.
Theaceae,Schima,sp.djhc98231
Theaceae,Schima,superba
Theaceae,Schima,wallichii
Theaceae,Stewartia,hybrid
Theaceae,Stewartia,koreana
Theaceae,Stewartia,laotica
Theaceae,Stewartia,malacodendron
Theaceae,Stewartia,monadelpha
Theaceae,Stewartia,ovata
Theaceae,Stewartia,pseudocamellia
Theaceae,Stewartia,pteropetiolata
Theaceae,Stewartia,rostrata
Theaceae,Stewartia,serrata
Theaceae,Stewartia,sinensis
Theaceae,Stewartia,sp.
Thelypteridaceae,Phegopteris,connectilis
Thelypteridaceae,Phegopteris,decursive-pinnata
Thelypteridaceae,Phegopteris,hexagonoptera
Thelypteridaceae,Pronephrium,sp.
Thelypteridaceae,Pseudocyclosorus,subochthodes
Thelypteridaceae,Thelypteris,kunthii
Thelypteridaceae,Thelypteris,nevadensis
Thelypteridaceae,Thelypteris,noveboracensis
Thelypteridaceae,Thelypteris,palustris
Thymelaeaceae,Daphne,
Thymelaeaceae,Daphne,(BLM.0481)
Thymelaeaceae,Daphne,albowiana
Thymelaeaceae,Daphne,alpina
Thymelaeaceae,Daphne,arbuscula
Thymelaeaceae,Daphne,aurantiaca
Thymelaeaceae,Daphne,bholua
Thymelaeaceae,Daphne,blagayana
Thymelaeaceae,Daphne,circassica
Thymelaeaceae,Daphne,cneorum
Thymelaeaceae,Daphne,domini
Thymelaeaceae,Daphne,genkwa
Thymelaeaceae,Daphne,giraldii
Thymelaeaceae,Daphne,jasminea
Thymelaeaceae,Daphne,kosaninii
Thymelaeaceae,Daphne,laureola
Thymelaeaceae,Daphne,longilobata
Thymelaeaceae,Daphne,mezereum
Thymelaeaceae,Daphne,odora
Thymelaeaceae,Daphne,oleoides
Thymelaeaceae,Daphne,petraea
Thymelaeaceae,Daphne,pontica
Thymelaeaceae,Daphne,retusa
Thymelaeaceae,Daphne,sericea
Thymelaeaceae,Daphne,sp.
Thymelaeaceae,Daphne,tangutica
Thymelaeaceae,Daphne,velenovskyi
Thymelaeaceae,Daphne,× burkwoodii
Thymelaeaceae,Daphne,× eschmannii
Thymelaeaceae,Daphne,× hendersonii
Thymelaeaceae,Daphne,× houtteana
Thymelaeaceae,Daphne,× mantensiana
Thymelaeaceae,Daphne,× napolitana
Thymelaeaceae,Daphne,× rollsdorfii
Thymelaeaceae,Daphne,× susannae
Thymelaeaceae,Daphne,× thauma
Thymelaeaceae,Daphne,× transatlantica
Thymelaeaceae,Dirca,palustris
Thymelaeaceae,Drapetes,lyallii
Thymelaeaceae,Edgeworthia,chrysantha
Thymelaeaceae,Kelleria,dieffenbachii
Thymelaeaceae,Ovidia,andina
Thymelaeaceae,Passerina,ericoides
Thymelaeaceae,Pimelea,ferruginea
Thymelaeaceae,Pimelea,oreophila
Thymelaeaceae,Pimelea,prostrata
Thymelaeaceae,Pimelea,pseudo-lyallii
Thymelaeaceae,Pimelea,traversii
Thymelaeaceae,Stellera,chamaejasme
Thymelaeaceae,Thymelaea,sanamunda
Thymelaeaceae,Wikstroemia,holosericea
Thymelaeaceae,Wikstroemia,scytophylla
Tofieldiaceae,Tofieldia,calyculata
Tofieldiaceae,Tofieldia,coccinea
Tofieldiaceae,Tofieldia,glutinosa
Tofieldiaceae,Tofieldia,pusilla
Tofieldiaceae,Triantha,glutinosa
Trochodendraceae,Tetracentron,sinense
Trochodendraceae,Trochodendron,aralioides
Tropaeolaceae,Tropaeolum,ciliatum
Tropaeolaceae,Tropaeolum,majus
Tropaeolaceae,Tropaeolum,minus
Tropaeolaceae,Tropaeolum,pentaphyllum
Tropaeolaceae,Tropaeolum,peregrinum
Tropaeolaceae,Tropaeolum,polyphyllum
Tropaeolaceae,Tropaeolum,sessilifolium
Tropaeolaceae,Tropaeolum,speciosum
Tropaeolaceae,Tropaeolum,tricolor
Tropaeolaceae,Tropaeolum,tricolorum
Tropaeolaceae,Tropaeolum,tuberosum
Typhaceae,Sparganium,emersum
Typhaceae,Sparganium,minimum
Typhaceae,Typha,latifolia
Typhaceae,Typha,minima
Typhaceae,Typha,orientalis
Typhaceae,Typha,× glauca
Ulmaceae,Ulmus,davidiana
Ulmaceae,Ulmus,lamellosa
Ulmaceae,Ulmus,multinervis
Ulmaceae,Ulmus,parvifolia
Ulmaceae,Ulmus,pumila
Ulmaceae,Zelkova,abelicea
Ulmaceae,Zelkova,schneideriana
Ulmaceae,Zelkova,serrata
Unknown family,Unknown,(fern)
Unknown family,Unknown,conifer
Unknown family,Unknown,deciduous tree
Unknown family,Unknown,sp.
Urticaceae,Boehmeria,gigantea
Urticaceae,Boehmeria,grandiflora
Urticaceae,Boehmeria,macrophylla
Urticaceae,Boehmeria,platanifolia
Urticaceae,Boehmeria,sieboldiana
Urticaceae,Boehmeria,tricuspis
Urticaceae,Debregeasia,longifolia
Urticaceae,Parietaria,judaica
Urticaceae,Parietaria,officinalis
Urticaceae,Urtica,dioica
Urticaceae,Urtica,gracilis
Velloziaceae,Barbacenia,purpurea
Velloziaceae,Xerophyta,viscosa
Verbenaceae,Aloysia,citrodora
Verbenaceae,Baillonia,juncea
Verbenaceae,Glandularia,aurantiaca
Verbenaceae,Glandularia,corymbosa
Verbenaceae,Junellia,(P&W.6470)
Verbenaceae,Junellia,erinacea
Verbenaceae,Junellia,micrantha
Verbenaceae,Junellia,minutifolia
Verbenaceae,Junellia,odonellii
Verbenaceae,Junellia,toninii
Verbenaceae,Mulguraea,tridens
Verbenaceae,Rhaphithamnus,spinosus
Verbenaceae,Verbena,
Verbenaceae,Verbena,bipinnatifida
Verbenaceae,Verbena,bonariensis
Verbenaceae,Verbena,bracteata
Verbenaceae,Verbena,hastata
Verbenaceae,Verbena,macrosperma
Verbenaceae,Verbena,officinalis
Verbenaceae,Verbena,peruviana
Verbenaceae,Verbena,rigida
Verbenaceae,Verbena,tenuisecta
Verbenaceae,Verbena,× hybrida
Viburnaceae,Sambucus,(MB.0150)
Viburnaceae,Sambucus,canadensis
Viburnaceae,Sambucus,chinensis
Viburnaceae,Sambucus,ebulus
Viburnaceae,Sambucus,mexicana
Viburnaceae,Sambucus,nigra
Viburnaceae,Sambucus,racemosa
Viburnaceae,Sambucus,sp.
Viburnaceae,Viburnum,
Viburnaceae,Viburnum,acerifolium
Viburnaceae,Viburnum,atrocyaneum
Viburnaceae,Viburnum,awabuki
Viburnaceae,Viburnum,betulifolium
Viburnaceae,Viburnum,brachybotryum
Viburnaceae,Viburnum,buddleifolium
Viburnaceae,Viburnum,burejaeticum
Viburnaceae,Viburnum,carlesii
Viburnaceae,Viburnum,cassinoides
Viburnaceae,Viburnum,chingii
Viburnaceae,Viburnum,chunii
Viburnaceae,Viburnum,cinnamomifolium
Viburnaceae,Viburnum,congestum
Viburnaceae,Viburnum,cylindricum
Viburnaceae,Viburnum,davidii
Viburnaceae,Viburnum,dentatum
Viburnaceae,Viburnum,dilatatum
Viburnaceae,Viburnum,edule
Viburnaceae,Viburnum,erosum
Viburnaceae,Viburnum,erubescens
Viburnaceae,Viburnum,fansipanense
Viburnaceae,Viburnum,farreri
Viburnaceae,Viburnum,foetidum
Viburnaceae,Viburnum,glomeratum
Viburnaceae,Viburnum,grandiflorum
Viburnaceae,Viburnum,henryi
Viburnaceae,Viburnum,kansuense
Viburnaceae,Viburnum,lantana
Viburnaceae,Viburnum,lantanoides
Viburnaceae,Viburnum,lentago
Viburnaceae,Viburnum,mongolicum
Viburnaceae,Viburnum,mullaha
Viburnaceae,Viburnum,nervosum
Viburnaceae,Viburnum,odoratissimum
Viburnaceae,Viburnum,opulus
Viburnaceae,Viburnum,parvifolium
Viburnaceae,Viburnum,plicatum
Viburnaceae,Viburnum,propinquum
Viburnaceae,Viburnum,prunifolium
Viburnaceae,Viburnum,rafinesqueanum
Viburnaceae,Viburnum,rhytidophyllum
Viburnaceae,Viburnum,rufidulum
Viburnaceae,Viburnum,schensianum
Viburnaceae,Viburnum,setigerum
Viburnaceae,Viburnum,sieboldii
Viburnaceae,Viburnum,sp.
Viburnaceae,Viburnum,ternatum
Viburnaceae,Viburnum,tinus
Viburnaceae,Viburnum,utile
Viburnaceae,Viburnum,wrightii
Viburnaceae,Viburnum,× bodnantense
Viburnaceae,Viburnum,× burkwoodii
Viburnaceae,Viburnum,× carlcephalum
Viburnaceae,Viburnum,× juddii
Violaceae,Hymenanthera,crassifolia
Violaceae,Hymenanthera,obovata
Violaceae,Melicytus,alpinus
Violaceae,Melicytus,angustifolius
Violaceae,Melicytus,chathamicus
Violaceae,Viola,
Violaceae,Viola,(M.79075)
Violaceae,Viola,(W.0077)
Violaceae,Viola,adunca
Violaceae,Viola,aetolica
Violaceae,Viola,affinis
Violaceae,Viola,alba
Violaceae,Viola,albida
Violaceae,Viola,alexandrowiana
Violaceae,Viola,alpina
Violaceae,Viola,altaica
Violaceae,Viola,arvensis
Violaceae,Viola,atropurpurea
Violaceae,Viola,beckwithii
Violaceae,Viola,betonicifolia
Violaceae,Viola,biflora
Violaceae,Viola,brittoniana
Violaceae,Viola,calcarata
Violaceae,Viola,canadensis
Violaceae,Viola,caucasica
Violaceae,Viola,cenisia
Violaceae,Viola,confusa
Violaceae,Viola,cornunta
Violaceae,Viola,cornuta
Violaceae,Viola,corsica
Violaceae,Viola,cotyledon
Violaceae,Viola,cucullata
Violaceae,Viola,cuneata
Violaceae,Viola,cunninghamii
Violaceae,Viola,delphinantha
Violaceae,Viola,diffusa
Violaceae,Viola,dissecta
Violaceae,Viola,dubyana
Violaceae,Viola,elatior
Violaceae,Viola,elegantula
Violaceae,Viola,flettii
Violaceae,Viola,fluehmannii
Violaceae,Viola,glabella
Violaceae,Viola,hederacea
Violaceae,Viola,hondoensis
Violaceae,Viola,howellii
Violaceae,Viola,japonica
Violaceae,Viola,jooi
Violaceae,Viola,keiskei
Violaceae,Viola,labradorica
Violaceae,Viola,lanceolata
Violaceae,Viola,langsdorffii
Violaceae,Viola,macloskeyi
Violaceae,Viola,maculata
Violaceae,Viola,mandshurica
Violaceae,Viola,nephrophylla
Violaceae,Viola,nuttallii
Violaceae,Viola,ocellata
Violaceae,Viola,odorata
Violaceae,Viola,orbiculata
Violaceae,Viola,palmata
Violaceae,Viola,palustris
Violaceae,Viola,papilionacea
Violaceae,Viola,pedata
Violaceae,Viola,pedatifida
Violaceae,Viola,phalacrocarpa
Violaceae,Viola,philippica
Violaceae,Viola,pinnata
Violaceae,Viola,praemorsa
Violaceae,Viola,prionantha
Violaceae,Viola,reichenbachiana
Violaceae,Viola,renifolia
Violaceae,Viola,rupestris
Violaceae,Viola,sagittata
Violaceae,Viola,sempervirens
Violaceae,Viola,septentrionalis
Violaceae,Viola,somchetica
Violaceae,Viola,sororaria
Violaceae,Viola,sororia
Violaceae,Viola,sp.
Violaceae,Viola,tenuis
Violaceae,Viola,tricolor
Violaceae,Viola,vallicola
Violaceae,Viola,verecunda
Violaceae,Viola,walteri
Violaceae,Viola,yedoensis
Violaceae,Viola,×
Vitaceae,Ampelopsis,
Vitaceae,Ampelopsis,aconitifolia
Vitaceae,Ampelopsis,delavayana
Vitaceae,Ampelopsis,glandulosa
Vitaceae,Cayratia,pseudotrifolia
Vitaceae,Cissus,striata
Vitaceae,Nekemias,megalophylla
Vitaceae,Parthenocissus,henryana
Vitaceae,Parthenocissus,himalayana
Vitaceae,Parthenocissus,quinquefolia
Vitaceae,Parthenocissus,semicordata
Vitaceae,Parthenocissus,tricuspidata
Vitaceae,Vitis,
Vitaceae,Vitis,amurensis
Vitaceae,Vitis,betulifolia
Vitaceae,Vitis,californica
Vitaceae,Vitis,coignetiae
Vitaceae,Vitis,davidii
Vitaceae,Vitis,ficifolia
Vitaceae,Vitis,hancockii
Vitaceae,Vitis,labrusca
Vitaceae,Vitis,piasezkii
Vitaceae,Vitis,riparia
Vitaceae,Vitis,rotundifolia
Vitaceae,Vitis,sp.
Vitaceae,Vitis,vinifera
Vitaceae,Yua,thomsonii
Winteraceae,Drimys,winteri
Winteraceae,Pseudowintera,
Winteraceae,Pseudowintera,colorata
Winteraceae,Tasmannia,lanceolata
Winteraceae,Tasmannia,xerophila
Woodsiaceae,Woodsia,
Woodsiaceae,Woodsia,alpina
Woodsiaceae,Woodsia,caucasica
Woodsiaceae,Woodsia,glabella
Woodsiaceae,Woodsia,ilvensis
Woodsiaceae,Woodsia,oregana
Woodsiaceae,Woodsia,polystichoides
Woodsiaceae,Woodsia,scopulina
Zingiberaceae,Cautleya,gracilis
Zingiberaceae,Cautleya,sp.hwj99684
Zingiberaceae,Cautleya,spicata
Zingiberaceae,Hedychium,
Zingiberaceae,Hedychium,coccineum
Zingiberaceae,Hedychium,coronarium
Zingiberaceae,Hedychium,densiflorum
Zingiberaceae,Hedychium,ellipticum
Zingiberaceae,Hedychium,forrestii
Zingiberaceae,Hedychium,gardnerianum
Zingiberaceae,Hedychium,sp.
Zingiberaceae,Hedychium,spicatum
Zingiberaceae,Hedychium,yunnanense
Zingiberaceae,Pyrgophyllum,yunnanensis
Zingiberaceae,Roscoea,acuminata
Zingiberaceae,Roscoea,alpina
Zingiberaceae,Roscoea,auriculata
Zingiberaceae,Roscoea,australis
Zingiberaceae,Roscoea,cautleoides
Zingiberaceae,Roscoea,exilis
Zingiberaceae,Roscoea,forrestii
Zingiberaceae,Roscoea,humeana
Zingiberaceae,Roscoea,praecox
Zingiberaceae,Roscoea,purpurea
Zingiberaceae,Roscoea,schneideriana
Zingiberaceae,Roscoea,scillifolia
Zingiberaceae,Roscoea,sp.
Zingiberaceae,Roscoea,tibetica
Zingiberaceae,Roscoea,wardii
Zingiberaceae,Roscoea,×
Zingiberaceae,Roscoea,× beesiana
Zingiberaceae,Zingiber,mioga
Zingiberaceae,Zingiber,sp.
Zygophyllaceae,Guaiacum,angustifolium
Zygophyllaceae,Tribulus,terrestris