family,genus,n_accepted_species_in_genus,n_genera_in_family,n_accepted_species_in_family
Acanthaceae,Acanthopale,12,205,5538
Acanthaceae,Acanthopsis,20,205,5538
Acanthaceae,Acanthus,30,205,5538
Acanthaceae,Afrofittonia,1,205,5538
Acanthaceae,Ambongia,1,205,5538
Acanthaceae,Ancistranthus,1,205,5538
Acanthaceae,Andrographis,25,205,5538
Acanthaceae,Angkalanthus,1,205,5538
Acanthaceae,Anisacanthus,11,205,5538
Acanthaceae,Anisosepalum,3,205,5538
Acanthaceae,Anisostachya,61,205,5538
Acanthaceae,Anisotes,29,205,5538
Acanthaceae,Anomacanthus,1,205,5538
Acanthaceae,Aphanosperma,1,205,5538
Acanthaceae,Aphelandra,207,205,5538
Acanthaceae,Ascotheca,1,205,5538
Acanthaceae,Asystasia,59,205,5538
Acanthaceae,Avicennia,8,205,5538
Acanthaceae,Aymoreana,1,205,5538
Acanthaceae,Ballochia,3,205,5538
Acanthaceae,Barleria,304,205,5538
Acanthaceae,Barleriola,4,205,5538
Acanthaceae,Blepharis,128,205,5538
Acanthaceae,Borneacanthus,6,205,5538
Acanthaceae,Boutonia,1,205,5538
Acanthaceae,Brachystephanus,21,205,5538
Acanthaceae,Bravaisia,3,205,5538
Acanthaceae,Brillantaisia,14,205,5538
Acanthaceae,Brunoniella,6,205,5538
Acanthaceae,Calacanthus,1,205,5538
Acanthaceae,Calycacanthus,1,205,5538
Acanthaceae,Camarotea,1,205,5538
Acanthaceae,Carlowrightia,27,205,5538
Acanthaceae,Celerina,1,205,5538
Acanthaceae,Cephalacanthus,1,205,5538
Acanthaceae,Cephalophis,1,205,5538
Acanthaceae,Chalarothyrsus,1,205,5538
Acanthaceae,Chamaeranthemum,4,205,5538
Acanthaceae,Champluviera,2,205,5538
Acanthaceae,Chileranthemum,3,205,5538
Acanthaceae,Chlamydacanthus,2,205,5538
Acanthaceae,Chlamydocardia,2,205,5538
Acanthaceae,Chorisochora,4,205,5538
Acanthaceae,Chroesthes,4,205,5538
Acanthaceae,Clinacanthus,4,205,5538
Acanthaceae,Clistax,3,205,5538
Acanthaceae,Codonacanthus,3,205,5538
Acanthaceae,Conocalyx,1,205,5538
Acanthaceae,Cosmianthemum,14,205,5538
Acanthaceae,Crabbea,13,205,5538
Acanthaceae,Crossandra,54,205,5538
Acanthaceae,Crossandrella,3,205,5538
Acanthaceae,Cryptacanthus,6,205,5538
Acanthaceae,Cuenotia,1,205,5538
Acanthaceae,Cyclacanthus,2,205,5538
Acanthaceae,Cynarospermum,1,205,5538
Acanthaceae,Cyphacanthus,1,205,5538
Acanthaceae,Dasytropis,1,205,5538
Acanthaceae,Dianthera,40,205,5538
Acanthaceae,Diceratotheca,1,205,5538
Acanthaceae,Dichazothece,1,205,5538
Acanthaceae,Dicladanthera,2,205,5538
Acanthaceae,Dicliptera,233,205,5538
Acanthaceae,Dinteracanthus,5,205,5538
Acanthaceae,Dischistocalyx,12,205,5538
Acanthaceae,Dolichostachys,1,205,5538
Acanthaceae,Duosperma,26,205,5538
Acanthaceae,Dyschoriste,98,205,5538
Acanthaceae,Ecbolium,22,205,5538
Acanthaceae,Echinacanthus,4,205,5538
Acanthaceae,Elytraria,23,205,5538
Acanthaceae,Eranthemum,24,205,5538
Acanthaceae,Eremomastax,1,205,5538
Acanthaceae,Filetia,9,205,5538
Acanthaceae,Fittonia,2,205,5538
Acanthaceae,Forcipella,6,205,5538
Acanthaceae,Glossochilus,1,205,5538
Acanthaceae,Graphandra,1,205,5538
Acanthaceae,Graptophyllum,16,205,5538
Acanthaceae,Gymnophragma,1,205,5538
Acanthaceae,Gymnostachyum,51,205,5538
Acanthaceae,Gypsacanthus,1,205,5538
Acanthaceae,Haplanthodes,4,205,5538
Acanthaceae,Haplanthus,4,205,5538
Acanthaceae,Harpochilus,3,205,5538
Acanthaceae,Hemigraphis,35,205,5538
Acanthaceae,Henrya,3,205,5538
Acanthaceae,Herpetacanthus,21,205,5538
Acanthaceae,Heteradelphia,2,205,5538
Acanthaceae,Holographis,18,205,5538
Acanthaceae,Hoverdenia,1,205,5538
Acanthaceae,Hulemacanthus,2,205,5538
Acanthaceae,Hygrophila,79,205,5538
Acanthaceae,Hypoestes,141,205,5538
Acanthaceae,Ichthyostoma,1,205,5538
Acanthaceae,Isoglossa,81,205,5538
Acanthaceae,Isotheca,1,205,5538
Acanthaceae,Jadunia,2,205,5538
Acanthaceae,Justicia,944,205,5538
Acanthaceae,Kenyacanthus,1,205,5538
Acanthaceae,Kosmosiphon,1,205,5538
Acanthaceae,Kudoacanthus,1,205,5538
Acanthaceae,Lankesteria,7,205,5538
Acanthaceae,Lasiocladus,4,205,5538
Acanthaceae,Leandriella,2,205,5538
Acanthaceae,Lepidagathis,152,205,5538
Acanthaceae,Leptosiphonium,10,205,5538
Acanthaceae,Leptostachya,1,205,5538
Acanthaceae,Liberatia,2,205,5538
Acanthaceae,Linariantha,1,205,5538
Acanthaceae,Louteridium,11,205,5538
Acanthaceae,Mackaya,5,205,5538
Acanthaceae,Marcania,1,205,5538
Acanthaceae,Mcdadea,1,205,5538
Acanthaceae,Megalochlamys,10,205,5538
Acanthaceae,Megaskepasma,1,205,5538
Acanthaceae,Meiosperma,6,205,5538
Acanthaceae,Melittacanthus,1,205,5538
Acanthaceae,Mellera,7,205,5538
Acanthaceae,Mendoncia,89,205,5538
Acanthaceae,Metarungia,1,205,5538
Acanthaceae,Mexacanthus,1,205,5538
Acanthaceae,Mimulopsis,20,205,5538
Acanthaceae,Mirandea,6,205,5538
Acanthaceae,Monothecium,3,205,5538
Acanthaceae,Morsacanthus,1,205,5538
Acanthaceae,Nelsonia,3,205,5538
Acanthaceae,Neriacanthus,5,205,5538
Acanthaceae,Neuracanthus,32,205,5538
Acanthaceae,Nicoteba,4,205,5538
Acanthaceae,Odontonema,32,205,5538
Acanthaceae,Oplonia,21,205,5538
Acanthaceae,Pachystachys,18,205,5538
Acanthaceae,Pararuellia,11,205,5538
Acanthaceae,Pericalypta,1,205,5538
Acanthaceae,Petalidium,43,205,5538
Acanthaceae,Phaulopsis,22,205,5538
Acanthaceae,Phialacanthus,5,205,5538
Acanthaceae,Phlogacanthus,43,205,5538
Acanthaceae,Physacanthus,3,205,5538
Acanthaceae,Podorungia,5,205,5538
Acanthaceae,Pogonospermum,34,205,5538
Acanthaceae,Poikilacanthus,13,205,5538
Acanthaceae,Polylychnis,1,205,5538
Acanthaceae,Populina,2,205,5538
Acanthaceae,Pranceacanthus,1,205,5538
Acanthaceae,Pseudacanthopale,1,205,5538
Acanthaceae,Pseuderanthemum,130,205,5538
Acanthaceae,Pseudocalyx,6,205,5538
Acanthaceae,Pseudodicliptera,4,205,5538
Acanthaceae,Psilanthele,1,205,5538
Acanthaceae,Ptyssiglottis,38,205,5538
Acanthaceae,Pulchranthus,4,205,5538
Acanthaceae,Rhaphidospora,8,205,5538
Acanthaceae,Rhinacanthus,24,205,5538
Acanthaceae,Ritonia,3,205,5538
Acanthaceae,Rostellularia,27,205,5538
Acanthaceae,Ruellia,380,205,5538
Acanthaceae,Ruelliopsis,1,205,5538
Acanthaceae,Rungia,88,205,5538
Acanthaceae,Ruspolia,5,205,5538
Acanthaceae,Ruttya,6,205,5538
Acanthaceae,Saintpauliopsis,1,205,5538
Acanthaceae,Salpixantha,1,205,5538
Acanthaceae,Samuelssonia,1,205,5538
Acanthaceae,Sanchezia,45,205,5538
Acanthaceae,Sapphoa,2,205,5538
Acanthaceae,Satanocrater,4,205,5538
Acanthaceae,Schaueria,15,205,5538
Acanthaceae,Schaueriopsis,1,205,5538
Acanthaceae,Sclerochiton,18,205,5538
Acanthaceae,Sebastiano-schaueria,1,205,5538
Acanthaceae,Spathacanthus,4,205,5538
Acanthaceae,Sphacanthus,2,205,5538
Acanthaceae,Sphinctacanthus,2,205,5538
Acanthaceae,Stachyacanthus,1,205,5538
Acanthaceae,Staurogyne,156,205,5538
Acanthaceae,Stenandriopsis,22,205,5538
Acanthaceae,Stenandrium,50,205,5538
Acanthaceae,Stenostephanus,95,205,5538
Acanthaceae,Stenothyrsus,1,205,5538
Acanthaceae,Streblacanthus,3,205,5538
Acanthaceae,Streptosiphon,1,205,5538
Acanthaceae,Strobilanthes,459,205,5538
Acanthaceae,Strobilanthopsis,1,205,5538
Acanthaceae,Suessenguthia,8,205,5538
Acanthaceae,Symplectochilus,2,205,5538
Acanthaceae,Tabascina,1,205,5538
Acanthaceae,Tetramerium,32,205,5538
Acanthaceae,Thunbergia,151,205,5538
Acanthaceae,Thyrsacanthus,7,205,5538
Acanthaceae,Thysanostigma,2,205,5538
Acanthaceae,Trichanthera,2,205,5538
Acanthaceae,Trichaulax,1,205,5538
Acanthaceae,Trichocalyx,2,205,5538
Acanthaceae,Trichosanchezia,1,205,5538
Acanthaceae,Vavara,1,205,5538
Acanthaceae,Vindasia,1,205,5538
Acanthaceae,Whitfieldia,13,205,5538
Acanthaceae,Wuacanthus,1,205,5538
Acanthaceae,Xantheranthemum,1,205,5538
Acanthaceae,Xerothamnella,2,205,5538
Acanthaceae,Xylacanthus,1,205,5538
Acanthaceae,Yeatesia,3,205,5538
Acanthaceae,Zygoruellia,1,205,5538
Acoraceae,Acorus,2,1,2
Actinidiaceae,Actinidia,57,3,450
Actinidiaceae,Clematoclethra,1,3,450
Actinidiaceae,Saurauia,392,3,450
Aizoaceae,Acrodon,5,127,1876
Aizoaceae,Acrosanthes,6,127,1876
Aizoaceae,Aizoanthemopsis,1,127,1876
Aizoaceae,Aizoanthemum,4,127,1876
Aizoaceae,Aizoon,46,127,1876
Aizoaceae,Aloinopsis,8,127,1876
Aizoaceae,Amphibolia,5,127,1876
Aizoaceae,Anisostigma,1,127,1876
Aizoaceae,Antegibbaeum,1,127,1876
Aizoaceae,Antimima,106,127,1876
Aizoaceae,Apatesia,3,127,1876
Aizoaceae,Arenifera,2,127,1876
Aizoaceae,Argyroderma,12,127,1876
Aizoaceae,Astridia,13,127,1876
Aizoaceae,Bergeranthus,10,127,1876
Aizoaceae,Bijlia,2,127,1876
Aizoaceae,Braunsia,6,127,1876
Aizoaceae,Brianhuntleya,3,127,1876
Aizoaceae,Calamophyllum,3,127,1876
Aizoaceae,Carpanthea,1,127,1876
Aizoaceae,Carpobrotus,13,127,1876
Aizoaceae,Carruanthophyllum,1,127,1876
Aizoaceae,Carruanthus,2,127,1876
Aizoaceae,Cephalophyllum,33,127,1876
Aizoaceae,Cerochlamys,3,127,1876
Aizoaceae,Chasmatophyllum,6,127,1876
Aizoaceae,Cheiridopsis,39,127,1876
Aizoaceae,Circandra,1,127,1876
Aizoaceae,Cleretum,14,127,1876
Aizoaceae,Conicosia,2,127,1876
Aizoaceae,Conophytum,111,127,1876
Aizoaceae,Corpuscularia,8,127,1876
Aizoaceae,Cylindrophyllum,5,127,1876
Aizoaceae,Deilanthe,3,127,1876
Aizoaceae,Delosperma,157,127,1876
Aizoaceae,Dicrocaulon,7,127,1876
Aizoaceae,Didymaotus,1,127,1876
Aizoaceae,Dinteranthus,6,127,1876
Aizoaceae,Diplosoma,2,127,1876
Aizoaceae,Disphyma,5,127,1876
Aizoaceae,Dracophilus,2,127,1876
Aizoaceae,Drosanthemopsis,4,127,1876
Aizoaceae,Drosanthemum,106,127,1876
Aizoaceae,Eberlanzia,8,127,1876
Aizoaceae,Ebracteola,4,127,1876
Aizoaceae,Ectotropis,2,127,1876
Aizoaceae,Enarganthe,1,127,1876
Aizoaceae,Erepsia,30,127,1876
Aizoaceae,Esterhuysenia,5,127,1876
Aizoaceae,Faucaria,8,127,1876
Aizoaceae,Fenestraria,1,127,1876
Aizoaceae,Frithia,2,127,1876
Aizoaceae,Gibbaeum,18,127,1876
Aizoaceae,Glottiphyllum,16,127,1876
Aizoaceae,Gunniopsis,14,127,1876
Aizoaceae,Hallianthus,1,127,1876
Aizoaceae,Hammeria,3,127,1876
Aizoaceae,Hartmanthus,2,127,1876
Aizoaceae,Hereroa,28,127,1876
Aizoaceae,Hymenogyne,2,127,1876
Aizoaceae,Jacobsenia,2,127,1876
Aizoaceae,Jensenobotrya,1,127,1876
Aizoaceae,Jordaaniella,5,127,1876
Aizoaceae,Juttadinteria,5,127,1876
Aizoaceae,Khadia,6,127,1876
Aizoaceae,Lampranthus,196,127,1876
Aizoaceae,Lapidaria,1,127,1876
Aizoaceae,Leipoldtia,13,127,1876
Aizoaceae,Lemonanthemum,1,127,1876
Aizoaceae,Lithops,39,127,1876
Aizoaceae,Machairophyllum,4,127,1876
Aizoaceae,Malephora,17,127,1876
Aizoaceae,Malotigena,1,127,1876
Aizoaceae,Marlothistella,2,127,1876
Aizoaceae,Mesembryanthemum,106,127,1876
Aizoaceae,Mestoklema,6,127,1876
Aizoaceae,Meyerophytum,2,127,1876
Aizoaceae,Mitrophyllum,7,127,1876
Aizoaceae,Monilaria,5,127,1876
Aizoaceae,Mossia,1,127,1876
Aizoaceae,Namaquanthus,1,127,1876
Aizoaceae,Namibia,2,127,1876
Aizoaceae,Nananthus,6,127,1876
Aizoaceae,Nelia,2,127,1876
Aizoaceae,Neohenricia,2,127,1876
Aizoaceae,Octopoma,4,127,1876
Aizoaceae,Oophytum,2,127,1876
Aizoaceae,Orthopterum,2,127,1876
Aizoaceae,Oscularia,8,127,1876
Aizoaceae,Ottosonderia,1,127,1876
Aizoaceae,Peersia,3,127,1876
Aizoaceae,Phiambolia,10,127,1876
Aizoaceae,Phyllobolus,1,127,1876
Aizoaceae,Pleiospilos,5,127,1876
Aizoaceae,Prepodesma,1,127,1876
Aizoaceae,Psammophora,4,127,1876
Aizoaceae,Rabiea,6,127,1876
Aizoaceae,Rhinephyllum,12,127,1876
Aizoaceae,Rhombophyllum,5,127,1876
Aizoaceae,Roosia,2,127,1876
Aizoaceae,Ruschia,219,127,1876
Aizoaceae,Ruschianthus,1,127,1876
Aizoaceae,Ruschiella,4,127,1876
Aizoaceae,Saphesia,1,127,1876
Aizoaceae,Sarcozona,2,127,1876
Aizoaceae,Schlechteranthus,15,127,1876
Aizoaceae,Schwantesia,11,127,1876
Aizoaceae,Scopelogena,2,127,1876
Aizoaceae,Sesuvium,19,127,1876
Aizoaceae,Skiatophytum,3,127,1876
Aizoaceae,Smicrostigma,1,127,1876
Aizoaceae,Sphalmanthus,1,127,1876
Aizoaceae,Stayneria,1,127,1876
Aizoaceae,Stoeberia,7,127,1876
Aizoaceae,Stomatium,38,127,1876
Aizoaceae,Tanquana,3,127,1876
Aizoaceae,Tetragonia,52,127,1876
Aizoaceae,Titanopsis,3,127,1876
Aizoaceae,Trianthema,32,127,1876
Aizoaceae,Tribulocarpus,2,127,1876
Aizoaceae,Trichodiadema,32,127,1876
Aizoaceae,Vanheerdea,2,127,1876
Aizoaceae,Vanzijlia,1,127,1876
Aizoaceae,Vlokia,2,127,1876
Aizoaceae,Wooleya,1,127,1876
Aizoaceae,Zaleya,6,127,1876
Aizoaceae,Zeuktophyllum,2,127,1876
Akaniaceae,Akania,1,2,2
Akaniaceae,Bretschneidera,1,2,2
Alismataceae,Albidella,4,18,122
Alismataceae,Alisma,14,18,122
Alismataceae,Aquarius,26,18,122
Alismataceae,Astonia,1,18,122
Alismataceae,Baldellia,3,18,122
Alismataceae,Burnatia,1,18,122
Alismataceae,Butomopsis,1,18,122
Alismataceae,Caldesia,4,18,122
Alismataceae,Damasonium,6,18,122
Alismataceae,Echinodorus,1,18,122
Alismataceae,Helanthium,3,18,122
Alismataceae,Hydrocleys,5,18,122
Alismataceae,Limnocharis,2,18,122
Alismataceae,Limnophyton,3,18,122
Alismataceae,Luronium,1,18,122
Alismataceae,Ranalisma,4,18,122
Alismataceae,Sagittaria,40,18,122
Alismataceae,Wiesneria,3,18,122
Alstroemeriaceae,Alstroemeria,145,4,281
Alstroemeriaceae,Bomarea,129,4,281
Alstroemeriaceae,Drymophila,2,4,281
Alstroemeriaceae,Luzuriaga,5,4,281
Altingiaceae,Liquidambar,15,1,15
Amaranthaceae,Achyranthes,12,95,840
Amaranthaceae,Achyropsis,6,95,840
Amaranthaceae,Aerva,19,95,840
Amaranthaceae,Agathophora,1,95,840
Amaranthaceae,Allmania,1,95,840
Amaranthaceae,Allmaniopsis,1,95,840
Amaranthaceae,Alternanthera,137,95,840
Amaranthaceae,Amaranthus,105,95,840
Amaranthaceae,Arthraerua,1,95,840
Amaranthaceae,Blutaparon,4,95,840
Amaranthaceae,Bosea,3,95,840
Amaranthaceae,Calicorema,2,95,840
Amaranthaceae,Celosia,51,95,840
Amaranthaceae,Centema,2,95,840
Amaranthaceae,Centemopsis,13,95,840
Amaranthaceae,Centrostachys,1,95,840
Amaranthaceae,Ceratoides,1,95,840
Amaranthaceae,Chamissoa,2,95,840
Amaranthaceae,Charpentiera,6,95,840
Amaranthaceae,Chionothrix,2,95,840
Amaranthaceae,Choriptera,1,95,840
Amaranthaceae,Cyathula,29,95,840
Amaranthaceae,Cycloloma,1,95,840
Amaranthaceae,Cyphocarpa,1,95,840
Amaranthaceae,Dasysphaera,4,95,840
Amaranthaceae,Deeringia,10,95,840
Amaranthaceae,Dicraurus,1,95,840
Amaranthaceae,Didymanthus,1,95,840
Amaranthaceae,Digera,1,95,840
Amaranthaceae,Einadia,6,95,840
Amaranthaceae,Eriochiton,1,95,840
Amaranthaceae,Eriostylos,1,95,840
Amaranthaceae,Froelichia,15,95,840
Amaranthaceae,Froelichiella,1,95,840
Amaranthaceae,Gamanthus,5,95,840
Amaranthaceae,Gomphrena,134,95,840
Amaranthaceae,Guilleminea,7,95,840
Amaranthaceae,Gyroptera,2,95,840
Amaranthaceae,Halocnemum,2,95,840
Amaranthaceae,Halothamnus,11,95,840
Amaranthaceae,Halotis,1,95,840
Amaranthaceae,Haloxylon,8,95,840
Amaranthaceae,Hammada,3,95,840
Amaranthaceae,Hebanthe,6,95,840
Amaranthaceae,Hemichroa,1,95,840
Amaranthaceae,Henonia,1,95,840
Amaranthaceae,Herbstia,1,95,840
Amaranthaceae,Hermbstaedtia,13,95,840
Amaranthaceae,Horaninovia,2,95,840
Amaranthaceae,Irenella,1,95,840
Amaranthaceae,Iresine,38,95,840
Amaranthaceae,Isgarum,1,95,840
Amaranthaceae,Kelita,1,95,840
Amaranthaceae,Kyphocarpa,3,95,840
Amaranthaceae,Lagrezia,9,95,840
Amaranthaceae,Lecanocarpus,1,95,840
Amaranthaceae,Lecosia,2,95,840
Amaranthaceae,Leucosphaera,1,95,840
Amaranthaceae,Lithophila,1,95,840
Amaranthaceae,Marcelliopsis,3,95,840
Amaranthaceae,Mechowia,1,95,840
Amaranthaceae,Nelsia,3,95,840
Amaranthaceae,Neocentema,1,95,840
Amaranthaceae,Nitrophila,3,95,840
Amaranthaceae,Nothosaerva,1,95,840
Amaranthaceae,Nyssanthes,2,95,840
Amaranthaceae,Pandiaka,13,95,840
Amaranthaceae,Pedersenia,3,95,840
Amaranthaceae,Pfaffia,28,95,840
Amaranthaceae,Philoxerus,1,95,840
Amaranthaceae,Pleuropetalum,3,95,840
Amaranthaceae,Pleuropterantha,1,95,840
Amaranthaceae,Polycnemum,5,95,840
Amaranthaceae,Pseudoplantago,2,95,840
Amaranthaceae,Pseudosericocoma,1,95,840
Amaranthaceae,Psilotrichopsis,1,95,840
Amaranthaceae,Psilotrichum,16,95,840
Amaranthaceae,Ptilotus,16,95,840
Amaranthaceae,Pupalia,3,95,840
Amaranthaceae,Quaternella,2,95,840
Amaranthaceae,Rhagodia,9,95,840
Amaranthaceae,Rosifax,1,95,840
Amaranthaceae,Scleroblitum,1,95,840
Amaranthaceae,Sericocoma,3,95,840
Amaranthaceae,Sericocomopsis,2,95,840
Amaranthaceae,Sericorema,2,95,840
Amaranthaceae,Sericostachys,1,95,840
Amaranthaceae,Stilbanthus,1,95,840
Amaranthaceae,Telanthera,1,95,840
Amaranthaceae,Tidestromia,6,95,840
Amaranthaceae,Traganopsis,1,95,840
Amaranthaceae,Trichuriella,1,95,840
Amaranthaceae,Volkensinia,1,95,840
Amaranthaceae,Wadithamnus,2,95,840
Amaranthaceae,Zuckia,1,95,840
Amaryllidaceae,Acis,9,75,2339
Amaryllidaceae,Agapanthus,7,75,2339
Amaryllidaceae,Allium,970,75,2339
Amaryllidaceae,Amaryllis,3,75,2339
Amaryllidaceae,Ammocharis,7,75,2339
Amaryllidaceae,Apodolirion,8,75,2339
Amaryllidaceae,Boophone,2,75,2339
Amaryllidaceae,Brunsvigia,19,75,2339
Amaryllidaceae,Calicharis,1,75,2339
Amaryllidaceae,Caliphruria,4,75,2339
Amaryllidaceae,Calostemma,3,75,2339
Amaryllidaceae,Cearanthes,1,75,2339
Amaryllidaceae,Chlidanthus,4,75,2339
Amaryllidaceae,Clinanthus,23,75,2339
Amaryllidaceae,Clivia,7,75,2339
Amaryllidaceae,Crinum,116,75,2339
Amaryllidaceae,Crossyne,2,75,2339
Amaryllidaceae,Cryptostephanus,3,75,2339
Amaryllidaceae,Cyrtanthus,58,75,2339
Amaryllidaceae,Eithea,2,75,2339
Amaryllidaceae,Eucrosia,8,75,2339
Amaryllidaceae,Eustephia,6,75,2339
Amaryllidaceae,Galanthus,24,75,2339
Amaryllidaceae,Gethyllis,44,75,2339
Amaryllidaceae,Gilliesia,13,75,2339
Amaryllidaceae,Griffinia,22,75,2339
Amaryllidaceae,Habranthus,80,75,2339
Amaryllidaceae,Haemanthus,22,75,2339
Amaryllidaceae,Hannonia,1,75,2339
Amaryllidaceae,Hessea,14,75,2339
Amaryllidaceae,Hieronymiella,10,75,2339
Amaryllidaceae,Hippeastrum,97,75,2339
Amaryllidaceae,Hymenocallis,65,75,2339
Amaryllidaceae,Ipheion,4,75,2339
Amaryllidaceae,Ismene,11,75,2339
Amaryllidaceae,Lapiedra,1,75,2339
Amaryllidaceae,Latace,2,75,2339
Amaryllidaceae,Leptochiton,2,75,2339
Amaryllidaceae,Leucocoryne,49,75,2339
Amaryllidaceae,Leucojum,3,75,2339
Amaryllidaceae,Lycoris,23,75,2339
Amaryllidaceae,Mathieua,1,75,2339
Amaryllidaceae,Miersia,7,75,2339
Amaryllidaceae,Namaquanula,2,75,2339
Amaryllidaceae,Narcissus,122,75,2339
Amaryllidaceae,Nerine,27,75,2339
Amaryllidaceae,Nothoscordum,91,75,2339
Amaryllidaceae,Pamianthe,2,75,2339
Amaryllidaceae,Pancratium,23,75,2339
Amaryllidaceae,Paramongaia,1,75,2339
Amaryllidaceae,Phaedranassa,10,75,2339
Amaryllidaceae,Phycella,5,75,2339
Amaryllidaceae,Placea,6,75,2339
Amaryllidaceae,Plagiolirion,1,75,2339
Amaryllidaceae,Proiphys,5,75,2339
Amaryllidaceae,Pyrolirion,8,75,2339
Amaryllidaceae,Rauhia,4,75,2339
Amaryllidaceae,Rhodolirium,2,75,2339
Amaryllidaceae,Rhodophiala,25,75,2339
Amaryllidaceae,Scadoxus,9,75,2339
Amaryllidaceae,Schickendantziella,1,75,2339
Amaryllidaceae,Sprekelia,2,75,2339
Amaryllidaceae,Stenomesson,18,75,2339
Amaryllidaceae,Sternbergia,8,75,2339
Amaryllidaceae,Strumaria,27,75,2339
Amaryllidaceae,Traubia,1,75,2339
Amaryllidaceae,Trichlora,4,75,2339
Amaryllidaceae,Tristagma,22,75,2339
Amaryllidaceae,Tulbaghia,28,75,2339
Amaryllidaceae,Ungernia,10,75,2339
Amaryllidaceae,Urceocharis,1,75,2339
Amaryllidaceae,Urceolina,26,75,2339
Amaryllidaceae,Vagaria,2,75,2339
Amaryllidaceae,Worsleya,1,75,2339
Amaryllidaceae,Zephyranthes,87,75,2339
Amblystegiaceae,Amblystegium,13,32,128
Amblystegiaceae,Anacamptodon,13,32,128
Amblystegiaceae,Arvernella,3,32,128
Amblystegiaceae,Bryostreimannia,1,32,128
Amblystegiaceae,Campylium,12,32,128
Amblystegiaceae,Campylophyllopsis,10,32,128
Amblystegiaceae,Campylophyllum,2,32,128
Amblystegiaceae,Conardia,1,32,128
Amblystegiaceae,Cratoneuron,2,32,128
Amblystegiaceae,Cratoneuropsis,2,32,128
Amblystegiaceae,Drepanium,1,32,128
Amblystegiaceae,Drepanocladus,19,32,128
Amblystegiaceae,Gradsteinia,1,32,128
Amblystegiaceae,Hygroamblystegium,5,32,128
Amblystegiaceae,Hygrohypnum,7,32,128
Amblystegiaceae,Jankuceraea,1,32,128
Amblystegiaceae,Kandaea,1,32,128
Amblystegiaceae,Koponenia,1,32,128
Amblystegiaceae,Larrainia,1,32,128
Amblystegiaceae,Leptodictyum,2,32,128
Amblystegiaceae,Limbella,2,32,128
Amblystegiaceae,Microamblystegium,1,32,128
Amblystegiaceae,Microhypnum,1,32,128
Amblystegiaceae,Palustriella,3,32,128
Amblystegiaceae,Pictus,1,32,128
Amblystegiaceae,Platyhypnum,9,32,128
Amblystegiaceae,Pseudoamblystegium,1,32,128
Amblystegiaceae,Pseudocampylium,1,32,128
Amblystegiaceae,Sasaokaea,1,32,128
Amblystegiaceae,Serpoleskea,2,32,128
Amblystegiaceae,Tomentypnum,4,32,128
Amblystegiaceae,Vittia,4,32,128
Anacampserotaceae,Anacampseros,43,3,45
Anacampserotaceae,Grahamia,1,3,45
Anacampserotaceae,Talinopsis,1,3,45
Anacardiaceae,Abrahamia,34,81,965
Anacardiaceae,Actinocheita,1,81,965
Anacardiaceae,Allospondias,2,81,965
Anacardiaceae,Amphipterygium,5,81,965
Anacardiaceae,Anacardium,13,81,965
Anacardiaceae,Androtium,1,81,965
Anacardiaceae,Antrocaryon,5,81,965
Anacardiaceae,Astronium,11,81,965
Anacardiaceae,Attilaea,1,81,965
Anacardiaceae,Baronia,1,81,965
Anacardiaceae,Blepharocarya,2,81,965
Anacardiaceae,Bonetiella,1,81,965
Anacardiaceae,Bouea,4,81,965
Anacardiaceae,Buchanania,27,81,965
Anacardiaceae,Campnosperma,16,81,965
Anacardiaceae,Campylopetalum,1,81,965
Anacardiaceae,Cardenasiodendron,1,81,965
Anacardiaceae,Choerospondias,1,81,965
Anacardiaceae,Comocladia,28,81,965
Anacardiaceae,Cotinus,8,81,965
Anacardiaceae,Cyrtocarpa,4,81,965
Anacardiaceae,Dobinea,2,81,965
Anacardiaceae,Dracontomelon,9,81,965
Anacardiaceae,Drimycarpus,4,81,965
Anacardiaceae,Euroschinus,9,81,965
Anacardiaceae,Faguetia,1,81,965
Anacardiaceae,Fegimanra,3,81,965
Anacardiaceae,Gluta,35,81,965
Anacardiaceae,Haematostaphis,1,81,965
Anacardiaceae,Haplorhus,1,81,965
Anacardiaceae,Harpephyllum,1,81,965
Anacardiaceae,Heeria,1,81,965
Anacardiaceae,Holigarna,9,81,965
Anacardiaceae,Koordersiodendron,1,81,965
Anacardiaceae,Lannea,36,81,965
Anacardiaceae,Laurophyllus,1,81,965
Anacardiaceae,Lithraea,3,81,965
Anacardiaceae,Loxopterygium,4,81,965
Anacardiaceae,Loxostylis,1,81,965
Anacardiaceae,Malosma,1,81,965
Anacardiaceae,Mangifera,64,81,965
Anacardiaceae,Mauria,15,81,965
Anacardiaceae,Melanochyla,23,81,965
Anacardiaceae,Metopium,5,81,965
Anacardiaceae,Micronychia,10,81,965
Anacardiaceae,Mosquitoxylum,1,81,965
Anacardiaceae,Myracrodruon,3,81,965
Anacardiaceae,Nothopegia,10,81,965
Anacardiaceae,Ochoterenaea,1,81,965
Anacardiaceae,Operculicarya,9,81,965
Anacardiaceae,Orthopterygium,1,81,965
Anacardiaceae,Ozoroa,45,81,965
Anacardiaceae,Pachycormus,1,81,965
Anacardiaceae,Parishia,8,81,965
Anacardiaceae,Pegia,2,81,965
Anacardiaceae,Pentaspadon,6,81,965
Anacardiaceae,Pistacia,13,81,965
Anacardiaceae,Pleiogynium,3,81,965
Anacardiaceae,Poupartia,7,81,965
Anacardiaceae,Poupartiopsis,1,81,965
Anacardiaceae,Protorhus,3,81,965
Anacardiaceae,Pseudosmodingium,5,81,965
Anacardiaceae,Pseudospondias,2,81,965
Anacardiaceae,Rhodosphaera,1,81,965
Anacardiaceae,Rhus,59,81,965
Anacardiaceae,Schinopsis,7,81,965
Anacardiaceae,Schinus,44,81,965
Anacardiaceae,Sclerocarya,2,81,965
Anacardiaceae,Searsia,110,81,965
Anacardiaceae,Semecarpus,89,81,965
Anacardiaceae,Smodingium,1,81,965
Anacardiaceae,Solenocarpus,2,81,965
Anacardiaceae,Sorindeia,10,81,965
Anacardiaceae,Spondias,18,81,965
Anacardiaceae,Swintonia,14,81,965
Anacardiaceae,Tapirira,9,81,965
Anacardiaceae,Thyrsodium,7,81,965
Anacardiaceae,Toxicodendron,30,81,965
Anacardiaceae,Trichoscypha,32,81,965
Anacardiaceae,Tumultivenia,1,81,965
Anacardiaceae,Uniostium,1,81,965
Annonaceae,Afroguatteria,3,108,2632
Annonaceae,Alphonsea,39,108,2632
Annonaceae,Ambavia,2,108,2632
Annonaceae,Anaxagorea,25,108,2632
Annonaceae,Annickia,8,108,2632
Annonaceae,Annona,181,108,2632
Annonaceae,Anonidium,4,108,2632
Annonaceae,Artabotrys,114,108,2632
Annonaceae,Asimina,18,108,2632
Annonaceae,Asteranthe,2,108,2632
Annonaceae,Bocagea,4,108,2632
Annonaceae,Bocageopsis,4,108,2632
Annonaceae,Brieya,2,108,2632
Annonaceae,Cananga,2,108,2632
Annonaceae,Cardiopetalum,3,108,2632
Annonaceae,Cleistochlamys,1,108,2632
Annonaceae,Cleistopholis,4,108,2632
Annonaceae,Cremastosperma,34,108,2632
Annonaceae,Cyathocalyx,7,108,2632
Annonaceae,Cymbopetalum,27,108,2632
Annonaceae,Dasymaschalon,32,108,2632
Annonaceae,Dendrokingstonia,3,108,2632
Annonaceae,Dennettia,1,108,2632
Annonaceae,Desmopsis,46,108,2632
Annonaceae,Desmos,19,108,2632
Annonaceae,Diclinanona,3,108,2632
Annonaceae,Dielsiothamnus,1,108,2632
Annonaceae,Disepalum,10,108,2632
Annonaceae,Drepananthus,28,108,2632
Annonaceae,Duckeanthus,1,108,2632
Annonaceae,Duguetia,98,108,2632
Annonaceae,Ephedranthus,7,108,2632
Annonaceae,Fenerivia,11,108,2632
Annonaceae,Fissistigma,61,108,2632
Annonaceae,Friesodielsia,53,108,2632
Annonaceae,Froesiodendron,3,108,2632
Annonaceae,Fusaea,2,108,2632
Annonaceae,Goniothalamus,141,108,2632
Annonaceae,Greenwayodendron,6,108,2632
Annonaceae,Guatteria,187,108,2632
Annonaceae,Hexalobus,5,108,2632
Annonaceae,Hornschuchia,12,108,2632
Annonaceae,Huberantha,35,108,2632
Annonaceae,Isolona,20,108,2632
Annonaceae,Klarobelia,14,108,2632
Annonaceae,Leoheo,1,108,2632
Annonaceae,Letestudoxa,3,108,2632
Annonaceae,Lettowianthus,1,108,2632
Annonaceae,Lukea,2,108,2632
Annonaceae,Maasia,6,108,2632
Annonaceae,Malmea,7,108,2632
Annonaceae,Marsypopetalum,5,108,2632
Annonaceae,Meiocarpidium,1,108,2632
Annonaceae,Meiogyne,38,108,2632
Annonaceae,Mezzettia,5,108,2632
Annonaceae,Miliusa,67,108,2632
Annonaceae,Mischogyne,5,108,2632
Annonaceae,Mitrephora,53,108,2632
Annonaceae,Mkilua,1,108,2632
Annonaceae,Monanthotaxis,94,108,2632
Annonaceae,Monocarpia,4,108,2632
Annonaceae,Monocyclanthus,1,108,2632
Annonaceae,Monodora,14,108,2632
Annonaceae,Monoon,83,108,2632
Annonaceae,Mosannona,15,108,2632
Annonaceae,Mwasumbia,1,108,2632
Annonaceae,Neo-uvaria,7,108,2632
Annonaceae,Neostenanthera,5,108,2632
Annonaceae,Onychopetalum,2,108,2632
Annonaceae,Ophrypetalum,1,108,2632
Annonaceae,Orophea,62,108,2632
Annonaceae,Oxandra,30,108,2632
Annonaceae,Phaeanthus,9,108,2632
Annonaceae,Phoenicanthus,2,108,2632
Annonaceae,Piptostigma,13,108,2632
Annonaceae,Platymitra,2,108,2632
Annonaceae,Polyalthia,106,108,2632
Annonaceae,Polyalthiopsis,5,108,2632
Annonaceae,Polyceratocarpus,9,108,2632
Annonaceae,Popowia,28,108,2632
Annonaceae,Porcelia,8,108,2632
Annonaceae,Pseudartabotrys,1,108,2632
Annonaceae,Pseudephedranthus,2,108,2632
Annonaceae,Pseudomalmea,4,108,2632
Annonaceae,Pseudoxandra,24,108,2632
Annonaceae,Pseuduvaria,61,108,2632
Annonaceae,Pyramidanthe,16,108,2632
Annonaceae,Ruizodendron,1,108,2632
Annonaceae,Sageraea,10,108,2632
Annonaceae,Sanrafaelia,1,108,2632
Annonaceae,Sapranthus,9,108,2632
Annonaceae,Sirdavidia,1,108,2632
Annonaceae,Sphaerocoryne,13,108,2632
Annonaceae,Stelechocarpus,1,108,2632
Annonaceae,Tetrameranthus,8,108,2632
Annonaceae,Toussaintia,4,108,2632
Annonaceae,Tridimeris,10,108,2632
Annonaceae,Trigynaea,9,108,2632
Annonaceae,Trivalvaria,13,108,2632
Annonaceae,Unonopsis,48,108,2632
Annonaceae,Uvaria,179,108,2632
Annonaceae,Uvariastrum,5,108,2632
Annonaceae,Uvariodendron,18,108,2632
Annonaceae,Uvariopsis,19,108,2632
Annonaceae,Wangia,2,108,2632
Annonaceae,Winitia,3,108,2632
Annonaceae,Wuodendron,1,108,2632
Annonaceae,Xylopia,190,108,2632
Antitrichiaceae,Antitrichia,3,1,3
Aongstroemiaceae,Anisothecium,5,10,33
Aongstroemiaceae,Aongstroemia,11,10,33
Aongstroemiaceae,Aongstroemiopsis,1,10,33
Aongstroemiaceae,Calcidicranella,4,10,33
Aongstroemiaceae,Dichodontium,6,10,33
Aongstroemiaceae,Diobelonella,2,10,33
Aongstroemiaceae,Hygrodicranum,1,10,33
Aongstroemiaceae,Neodicranella,1,10,33
Aongstroemiaceae,Polymerodon,1,10,33
Aongstroemiaceae,Protoaongstroemia,1,10,33
Apiaceae,Aciphylla,45,450,3941
Apiaceae,Acronema,34,450,3941
Apiaceae,Actinanthus,1,450,3941
Apiaceae,Actinolema,2,450,3941
Apiaceae,Actinotus,20,450,3941
Apiaceae,Adenosciadium,1,450,3941
Apiaceae,Aegokeras,2,450,3941
Apiaceae,Aegopodium,12,450,3941
Apiaceae,Aethusa,1,450,3941
Apiaceae,Afroligusticum,14,450,3941
Apiaceae,Afrosciadium,18,450,3941
Apiaceae,Agasyllis,1,450,3941
Apiaceae,Alepidea,31,450,3941
Apiaceae,Ammi,3,450,3941
Apiaceae,Ammodaucus,2,450,3941
Apiaceae,Ammoides,2,450,3941
Apiaceae,Ammoselinum,4,450,3941
Apiaceae,Andriana,3,450,3941
Apiaceae,Anethum,2,450,3941
Apiaceae,Angelica,106,450,3941
Apiaceae,Anginon,12,450,3941
Apiaceae,Angoseseli,1,450,3941
Apiaceae,Anisopoda,1,450,3941
Apiaceae,Anisosciadium,3,450,3941
Apiaceae,Anisotome,17,450,3941
Apiaceae,Annesorhiza,21,450,3941
Apiaceae,Anthrichaerophyllum,1,450,3941
Apiaceae,Anthriscus,14,450,3941
Apiaceae,Aphanopleura,3,450,3941
Apiaceae,Apiastrum,1,450,3941
Apiaceae,Apiopetalum,2,450,3941
Apiaceae,Apium,12,450,3941
Apiaceae,Apodicarpum,1,450,3941
Apiaceae,Arafoe,1,450,3941
Apiaceae,Arctopus,3,450,3941
Apiaceae,Arcuatopterus,5,450,3941
Apiaceae,Arracacia,42,450,3941
Apiaceae,Artedia,1,450,3941
Apiaceae,Asciadium,1,450,3941
Apiaceae,Asteriscium,9,450,3941
Apiaceae,Astomaea,2,450,3941
Apiaceae,Astrantia,10,450,3941
Apiaceae,Astrodaucus,3,450,3941
Apiaceae,Astydamia,1,450,3941
Apiaceae,Athamanta,12,450,3941
Apiaceae,Aulacospermum,15,450,3941
Apiaceae,Austropeucedanum,1,450,3941
Apiaceae,Autumnalia,2,450,3941
Apiaceae,Azilia,1,450,3941
Apiaceae,Azorella,58,450,3941
Apiaceae,Berberocarum,1,450,3941
Apiaceae,Berula,6,450,3941
Apiaceae,Beruladium,1,450,3941
Apiaceae,Bifora,3,450,3941
Apiaceae,Bilacunaria,6,450,3941
Apiaceae,Billburttia,2,450,3941
Apiaceae,Bolax,2,450,3941
Apiaceae,Bonannia,1,450,3941
Apiaceae,Bowlesia,16,450,3941
Apiaceae,Brachyscias,1,450,3941
Apiaceae,Bunium,33,450,3941
Apiaceae,Bupleurum,218,450,3941
Apiaceae,Cachrys,7,450,3941
Apiaceae,Calyptrosciadium,2,450,3941
Apiaceae,Cannaboides,2,450,3941
Apiaceae,Capnophyllum,4,450,3941
Apiaceae,Carlesia,1,450,3941
Apiaceae,Caropodium,3,450,3941
Apiaceae,Caropsis,1,450,3941
Apiaceae,Carum,20,450,3941
Apiaceae,Caucalis,1,450,3941
Apiaceae,Cenolophium,1,450,3941
Apiaceae,Centella,55,450,3941
Apiaceae,Cephalopodum,2,450,3941
Apiaceae,Chaerophyllopsis,1,450,3941
Apiaceae,Chaerophyllum,70,450,3941
Apiaceae,Chaetosciadium,1,450,3941
Apiaceae,Chamaesciadium,1,450,3941
Apiaceae,Chamaesium,10,450,3941
Apiaceae,Chamarea,5,450,3941
Apiaceae,Changium,2,450,3941
Apiaceae,Chlaenosciadium,1,450,3941
Apiaceae,Choritaenia,1,450,3941
Apiaceae,Chuanminshen,1,450,3941
Apiaceae,Chymsydia,1,450,3941
Apiaceae,Cicuta,4,450,3941
Apiaceae,Cnidiocarpa,2,450,3941
Apiaceae,Cnidium,8,450,3941
Apiaceae,Coaxana,2,450,3941
Apiaceae,Conioselinum,18,450,3941
Apiaceae,Conium,6,450,3941
Apiaceae,Conopodium,8,450,3941
Apiaceae,Coriandrum,2,450,3941
Apiaceae,Cortia,3,450,3941
Apiaceae,Cortiella,5,450,3941
Apiaceae,Cotopaxia,2,450,3941
Apiaceae,Coulterophytum,4,450,3941
Apiaceae,Crithmum,1,450,3941
Apiaceae,Cryptotaenia,6,450,3941
Apiaceae,Cuminum,4,450,3941
Apiaceae,Cyathoselinum,1,450,3941
Apiaceae,Cyclorhiza,3,450,3941
Apiaceae,Cyclospermum,3,450,3941
Apiaceae,Cymbocarpum,5,450,3941
Apiaceae,Cymopterus,44,450,3941
Apiaceae,Cynorhiza,3,450,3941
Apiaceae,Cynosciadium,1,450,3941
Apiaceae,Dactylaea,2,450,3941
Apiaceae,Dahliaphyllum,1,450,3941
Apiaceae,Dasispermum,7,450,3941
Apiaceae,Daucosma,1,450,3941
Apiaceae,Daucus,45,450,3941
Apiaceae,Demavendia,1,450,3941
Apiaceae,Dethawia,1,450,3941
Apiaceae,Deverra,10,450,3941
Apiaceae,Dichoropetalum,36,450,3941
Apiaceae,Dichosciadium,1,450,3941
Apiaceae,Dickinsia,1,450,3941
Apiaceae,Dicyclophora,1,450,3941
Apiaceae,Dimorphosciadium,2,450,3941
Apiaceae,Diplaspis,3,450,3941
Apiaceae,Diplolophium,7,450,3941
Apiaceae,Diplotaenia,5,450,3941
Apiaceae,Diposis,3,450,3941
Apiaceae,Domeykoa,5,450,3941
Apiaceae,Donnellsmithia,19,450,3941
Apiaceae,Dracosciadium,2,450,3941
Apiaceae,Drusa,1,450,3941
Apiaceae,Ducrosia,6,450,3941
Apiaceae,Dystaenia,2,450,3941
Apiaceae,Echinophora,11,450,3941
Apiaceae,Ekimia,4,450,3941
Apiaceae,Elaeosticta,25,450,3941
Apiaceae,Eleutherospermum,1,450,3941
Apiaceae,Elwendia,31,450,3941
Apiaceae,Enantiophylla,1,450,3941
Apiaceae,Endressia,2,450,3941
Apiaceae,Eremocharis,9,450,3941
Apiaceae,Eremodaucus,1,450,3941
Apiaceae,Ergocarpon,1,450,3941
Apiaceae,Erigenia,1,450,3941
Apiaceae,Eryngium,253,450,3941
Apiaceae,Eurytaenia,2,450,3941
Apiaceae,Exoacantha,1,450,3941
Apiaceae,Ezosciadium,1,450,3941
Apiaceae,Falcaria,1,450,3941
Apiaceae,Fergania,1,450,3941
Apiaceae,Ferula,227,450,3941
Apiaceae,Ferulago,48,450,3941
Apiaceae,Ferulopsis,1,450,3941
Apiaceae,Foeniculum,5,450,3941
Apiaceae,Frommia,1,450,3941
Apiaceae,Froriepia,1,450,3941
Apiaceae,Fuernrohria,1,450,3941
Apiaceae,Galagania,6,450,3941
Apiaceae,Geocaryum,4,450,3941
Apiaceae,Gingidia,12,450,3941
Apiaceae,Glaucosciadium,2,450,3941
Apiaceae,Glehnia,1,450,3941
Apiaceae,Glia,3,450,3941
Apiaceae,Gongylosciadium,1,450,3941
Apiaceae,Gongylotaxis,1,450,3941
Apiaceae,Grafia,1,450,3941
Apiaceae,Grammosciadium,4,450,3941
Apiaceae,Gymnophyton,6,450,3941
Apiaceae,Haloselinum,1,450,3941
Apiaceae,Hansenia,8,450,3941
Apiaceae,Haplosciadium,1,450,3941
Apiaceae,Harbouria,1,450,3941
Apiaceae,Harperella,1,450,3941
Apiaceae,Harrysmithia,2,450,3941
Apiaceae,Haussknechtia,1,450,3941
Apiaceae,Helania,1,450,3941
Apiaceae,Hellenocarum,3,450,3941
Apiaceae,Helosciadium,8,450,3941
Apiaceae,Heptaptera,8,450,3941
Apiaceae,Heracleum,104,450,3941
Apiaceae,Hermas,9,450,3941
Apiaceae,Heteromorpha,8,450,3941
Apiaceae,Hladnikia,1,450,3941
Apiaceae,Hohenackeria,2,450,3941
Apiaceae,Homalocarpus,6,450,3941
Apiaceae,Homalosciadium,1,450,3941
Apiaceae,Horstrissea,1,450,3941
Apiaceae,Hyalolaena,9,450,3941
Apiaceae,Hymenidium,39,450,3941
Apiaceae,Hymenolaena,3,450,3941
Apiaceae,Itasina,1,450,3941
Apiaceae,Johrenia,6,450,3941
Apiaceae,Kadenia,2,450,3941
Apiaceae,Kafirnigania,1,450,3941
Apiaceae,Kailashia,3,450,3941
Apiaceae,Kalakia,1,450,3941
Apiaceae,Kamelinia,1,450,3941
Apiaceae,Kandaharia,1,450,3941
Apiaceae,Karatavia,1,450,3941
Apiaceae,Karnataka,1,450,3941
Apiaceae,Kedarnatha,6,450,3941
Apiaceae,Kelussia,1,450,3941
Apiaceae,Kenopleurum,1,450,3941
Apiaceae,Keraymonia,4,450,3941
Apiaceae,Kitagawia,9,450,3941
Apiaceae,Klotzschia,3,450,3941
Apiaceae,Komaroviopsis,1,450,3941
Apiaceae,Korshinskia,4,450,3941
Apiaceae,Kozlovia,2,450,3941
Apiaceae,Krasnovia,1,450,3941
Apiaceae,Krubera,1,450,3941
Apiaceae,Kundmannia,3,450,3941
Apiaceae,Kuramosciadium,1,450,3941
Apiaceae,Ladyginia,3,450,3941
Apiaceae,Lagoecia,1,450,3941
Apiaceae,Lalldhwojia,4,450,3941
Apiaceae,Laser,7,450,3941
Apiaceae,Laserocarpum,1,450,3941
Apiaceae,Laserpitium,8,450,3941
Apiaceae,Lecokia,1,450,3941
Apiaceae,Ledebouriella,1,450,3941
Apiaceae,Lefebvrea,10,450,3941
Apiaceae,Leiotulus,10,450,3941
Apiaceae,Lereschia,1,450,3941
Apiaceae,Leutea,10,450,3941
Apiaceae,Levisticum,1,450,3941
Apiaceae,Libanotis,3,450,3941
Apiaceae,Lichtensteinia,7,450,3941
Apiaceae,Lignocarpa,2,450,3941
Apiaceae,Ligusticopsis,19,450,3941
Apiaceae,Ligusticum,37,450,3941
Apiaceae,Lilaeopsis,12,450,3941
Apiaceae,Limnosciadium,1,450,3941
Apiaceae,Lipskya,1,450,3941
Apiaceae,Lisaea,3,450,3941
Apiaceae,Lithosciadium,2,450,3941
Apiaceae,Lomatium,100,450,3941
Apiaceae,Lomatocarpa,4,450,3941
Apiaceae,Lomatocarum,1,450,3941
Apiaceae,Mackinlaya,5,450,3941
Apiaceae,Magadania,2,450,3941
Apiaceae,Magydaris,2,450,3941
Apiaceae,Marlothiella,1,450,3941
Apiaceae,Mastigosciadium,1,450,3941
Apiaceae,Mathiasella,1,450,3941
Apiaceae,Mediasia,1,450,3941
Apiaceae,Meeboldia,4,450,3941
Apiaceae,Melanosciadium,3,450,3941
Apiaceae,Meum,1,450,3941
Apiaceae,Micropleura,2,450,3941
Apiaceae,Microsciadium,1,450,3941
Apiaceae,Modesciadium,1,450,3941
Apiaceae,Mogoltavia,2,450,3941
Apiaceae,Molopospermum,1,450,3941
Apiaceae,Musineon,6,450,3941
Apiaceae,Mutellina,3,450,3941
Apiaceae,Myrrhidendron,5,450,3941
Apiaceae,Myrrhis,1,450,3941
Apiaceae,Nanobubon,3,450,3941
Apiaceae,Naufraga,1,450,3941
Apiaceae,Neoconopodium,2,450,3941
Apiaceae,Neogaya,1,450,3941
Apiaceae,Neogoezia,5,450,3941
Apiaceae,Neomuretia,2,450,3941
Apiaceae,Neonelsonia,1,450,3941
Apiaceae,Neoparrya,1,450,3941
Apiaceae,Niphogeton,18,450,3941
Apiaceae,Nirarathamnos,1,450,3941
Apiaceae,Normantha,1,450,3941
Apiaceae,Nothosmyrnium,2,450,3941
Apiaceae,Notiosciadium,1,450,3941
Apiaceae,Notobubon,13,450,3941
Apiaceae,Oedibasis,4,450,3941
Apiaceae,Oenanthe,34,450,3941
Apiaceae,Oligocladus,1,450,3941
Apiaceae,Oliveria,1,450,3941
Apiaceae,Opoidia,1,450,3941
Apiaceae,Opopanax,4,450,3941
Apiaceae,Opsicarpium,1,450,3941
Apiaceae,Oreocome,10,450,3941
Apiaceae,Oreocomoides,1,450,3941
Apiaceae,Oreocomopsis,3,450,3941
Apiaceae,Oreonana,3,450,3941
Apiaceae,Oreoschimperella,3,450,3941
Apiaceae,Orlaya,3,450,3941
Apiaceae,Ormopterum,2,450,3941
Apiaceae,Ormosciadium,1,450,3941
Apiaceae,Oschatzia,2,450,3941
Apiaceae,Osmorhiza,12,450,3941
Apiaceae,Ostericum,11,450,3941
Apiaceae,Ottoa,1,450,3941
Apiaceae,Oxypolis,4,450,3941
Apiaceae,Pachypleurum,2,450,3941
Apiaceae,Palimbia,3,450,3941
Apiaceae,Paraligusticum,1,450,3941
Apiaceae,Parapimpinella,1,450,3941
Apiaceae,Paraselinum,1,450,3941
Apiaceae,Parasilaus,2,450,3941
Apiaceae,Pastinaca,16,450,3941
Apiaceae,Pastinacopsis,1,450,3941
Apiaceae,Paulita,3,450,3941
Apiaceae,Pedinopetalum,1,450,3941
Apiaceae,Pentapeltis,2,450,3941
Apiaceae,Perideridia,13,450,3941
Apiaceae,Perissocoeleum,4,450,3941
Apiaceae,Petagnaea,1,450,3941
Apiaceae,Petroedmondia,1,450,3941
Apiaceae,Petroselinum,1,450,3941
Apiaceae,Peucedanum,74,450,3941
Apiaceae,Phellolophium,2,450,3941
Apiaceae,Phlojodicarpus,3,450,3941
Apiaceae,Phlyctidocarpa,1,450,3941
Apiaceae,Physospermopsis,8,450,3941
Apiaceae,Physospermum,2,450,3941
Apiaceae,Physotrichia,6,450,3941
Apiaceae,Pilopleura,2,450,3941
Apiaceae,Pimpinella,160,450,3941
Apiaceae,Pinda,2,450,3941
Apiaceae,Platysace,23,450,3941
Apiaceae,Pleurospermopsis,2,450,3941
Apiaceae,Pleurospermum,10,450,3941
Apiaceae,Podistera,4,450,3941
Apiaceae,Polemannia,3,450,3941
Apiaceae,Polemanniopsis,2,450,3941
Apiaceae,Polytaenia,3,450,3941
Apiaceae,Polyzygus,1,450,3941
Apiaceae,Portenschlagiella,1,450,3941
Apiaceae,Postiella,1,450,3941
Apiaceae,Pozoa,2,450,3941
Apiaceae,Prangos,50,450,3941
Apiaceae,Prionosciadium,23,450,3941
Apiaceae,Psammogeton,18,450,3941
Apiaceae,Pseudocannaboides,1,450,3941
Apiaceae,Pseudocarum,2,450,3941
Apiaceae,Pseudoridolfia,1,450,3941
Apiaceae,Pseudoselinum,1,450,3941
Apiaceae,Pseudotrachydium,5,450,3941
Apiaceae,Pternopetalum,21,450,3941
Apiaceae,Pterocyclus,5,450,3941
Apiaceae,Pterygopleurum,1,450,3941
Apiaceae,Ptilimnium,5,450,3941
Apiaceae,Ptychotis,2,450,3941
Apiaceae,Pycnocycla,15,450,3941
Apiaceae,Pyramidoptera,1,450,3941
Apiaceae,Registaniella,1,450,3941
Apiaceae,Rhabdosciadium,8,450,3941
Apiaceae,Rhizomatophora,1,450,3941
Apiaceae,Rhodosciadium,15,450,3941
Apiaceae,Rhopalosciadium,1,450,3941
Apiaceae,Rhysopterus,1,450,3941
Apiaceae,Ridolfia,1,450,3941
Apiaceae,Rivasmartinezia,2,450,3941
Apiaceae,Rohmooa,1,450,3941
Apiaceae,Rupiphila,1,450,3941
Apiaceae,Rutheopsis,2,450,3941
Apiaceae,Sajanella,1,450,3941
Apiaceae,Sanicula,45,450,3941
Apiaceae,Saposhnikovia,1,450,3941
Apiaceae,Scaligeria,6,450,3941
Apiaceae,Scandia,2,450,3941
Apiaceae,Scandix,12,450,3941
Apiaceae,Scaraboides,1,450,3941
Apiaceae,Schoenolaena,1,450,3941
Apiaceae,Schoenoselinum,1,450,3941
Apiaceae,Schrenkia,13,450,3941
Apiaceae,Schtschurowskia,2,450,3941
Apiaceae,Schulzia,5,450,3941
Apiaceae,Sclerochorton,1,450,3941
Apiaceae,Sclerosciadium,1,450,3941
Apiaceae,Sclerotiaria,1,450,3941
Apiaceae,Scrithacola,1,450,3941
Apiaceae,Selinopsis,2,450,3941
Apiaceae,Selinum,11,450,3941
Apiaceae,Semenovia,32,450,3941
Apiaceae,Seseli,142,450,3941
Apiaceae,Seselopsis,2,450,3941
Apiaceae,Shomalia,2,450,3941
Apiaceae,Shoshonea,1,450,3941
Apiaceae,Shrirangia,1,450,3941
Apiaceae,Siculosciadium,1,450,3941
Apiaceae,Silaum,1,450,3941
Apiaceae,Siler,4,450,3941
Apiaceae,Sillaphyton,1,450,3941
Apiaceae,Silphiodaucus,2,450,3941
Apiaceae,Similisinocarum,2,450,3941
Apiaceae,Sinocarum,19,450,3941
Apiaceae,Sinolimprichtia,1,450,3941
Apiaceae,Sison,3,450,3941
Apiaceae,Sium,11,450,3941
Apiaceae,Sivadasania,1,450,3941
Apiaceae,Smyrniopsis,2,450,3941
Apiaceae,Smyrnium,5,450,3941
Apiaceae,Spananthe,2,450,3941
Apiaceae,Spermolepis,11,450,3941
Apiaceae,Sphaenolobium,3,450,3941
Apiaceae,Sphaerosciadium,1,450,3941
Apiaceae,Sphallerocarpus,1,450,3941
Apiaceae,Spiroceratium,1,450,3941
Apiaceae,Spuriopimpinella,5,450,3941
Apiaceae,Stefanoffia,2,450,3941
Apiaceae,Steganotaenia,3,450,3941
Apiaceae,Stenocoelium,4,450,3941
Apiaceae,Stenosemis,2,450,3941
Apiaceae,Stenotaenia,5,450,3941
Apiaceae,Stewartiella,1,450,3941
Apiaceae,Stoibrax,3,450,3941
Apiaceae,Symphyoloma,1,450,3941
Apiaceae,Synclinostyles,2,450,3941
Apiaceae,Szovitsia,1,450,3941
Apiaceae,Taenidia,2,450,3941
Apiaceae,Taeniopetalum,3,450,3941
Apiaceae,Tamamschjanella,2,450,3941
Apiaceae,Tamamschjania,1,450,3941
Apiaceae,Tana,1,450,3941
Apiaceae,Tauschia,34,450,3941
Apiaceae,Tetrataenium,21,450,3941
Apiaceae,Thamnosciadium,1,450,3941
Apiaceae,Thapsia,20,450,3941
Apiaceae,Thaspium,4,450,3941
Apiaceae,Thecocarpus,2,450,3941
Apiaceae,Tiedemannia,2,450,3941
Apiaceae,Tilingia,3,450,3941
Apiaceae,Todaroa,1,450,3941
Apiaceae,Tongoloa,18,450,3941
Apiaceae,Tordylium,20,450,3941
Apiaceae,Torilis,15,450,3941
Apiaceae,Trachydium,11,450,3941
Apiaceae,Trachyspermum,15,450,3941
Apiaceae,Trepocarpus,1,450,3941
Apiaceae,Tricholaser,2,450,3941
Apiaceae,Trigonosciadium,7,450,3941
Apiaceae,Trinia,13,450,3941
Apiaceae,Trocdaris,1,450,3941
Apiaceae,Trochiscanthes,1,450,3941
Apiaceae,Tschulaktavia,1,450,3941
Apiaceae,Turgenia,2,450,3941
Apiaceae,Turgeniopsis,1,450,3941
Apiaceae,Vanasushava,1,450,3941
Apiaceae,Vesper,6,450,3941
Apiaceae,Vicatia,5,450,3941
Apiaceae,Villarrealia,1,450,3941
Apiaceae,Vinogradovia,1,450,3941
Apiaceae,Visnaga,2,450,3941
Apiaceae,Vvedenskya,1,450,3941
Apiaceae,Xanthogalum,3,450,3941
Apiaceae,Xanthosia,20,450,3941
Apiaceae,Xatardia,1,450,3941
Apiaceae,Xyloselinum,3,450,3941
Apiaceae,Yabea,1,450,3941
Apiaceae,Yildirimlia,1,450,3941
Apiaceae,Zeravschania,14,450,3941
Apiaceae,Zizia,3,450,3941
Apiaceae,Zosima,4,450,3941
Apocynaceae,Acokanthera,5,381,6720
Apocynaceae,Adenium,6,381,6720
Apocynaceae,Aganosma,9,381,6720
Apocynaceae,Alafia,26,381,6720
Apocynaceae,Allamanda,16,381,6720
Apocynaceae,Allomarkgrafia,10,381,6720
Apocynaceae,Allowoodsonia,1,381,6720
Apocynaceae,Alstonia,44,381,6720
Apocynaceae,Alyxia,111,381,6720
Apocynaceae,Amalocalyx,1,381,6720
Apocynaceae,Ambelania,3,381,6720
Apocynaceae,Amphineurion,1,381,6720
Apocynaceae,Amsonia,17,381,6720
Apocynaceae,Ancylobothrys,7,381,6720
Apocynaceae,Anechites,1,381,6720
Apocynaceae,Anemotrochus,3,381,6720
Apocynaceae,Anisopus,4,381,6720
Apocynaceae,Anisotoma,3,381,6720
Apocynaceae,Anodendron,17,381,6720
Apocynaceae,Apocynum,5,381,6720
Apocynaceae,Apteranthes,7,381,6720
Apocynaceae,Araujia,13,381,6720
Apocynaceae,Artia,5,381,6720
Apocynaceae,Asclepias,213,381,6720
Apocynaceae,Asketanthera,4,381,6720
Apocynaceae,Aspidoglossum,37,381,6720
Apocynaceae,Aspidonepsis,5,381,6720
Apocynaceae,Aspidosperma,73,381,6720
Apocynaceae,Astephanus,2,381,6720
Apocynaceae,Asterostemma,1,381,6720
Apocynaceae,Atherandra,1,381,6720
Apocynaceae,Atrostemma,10,381,6720
Apocynaceae,Australluma,1,381,6720
Apocynaceae,Austrochthamalia,3,381,6720
Apocynaceae,Baharuia,1,381,6720
Apocynaceae,Bahiella,2,381,6720
Apocynaceae,Baissea,24,381,6720
Apocynaceae,Ballyanthus,2,381,6720
Apocynaceae,Barjonia,7,381,6720
Apocynaceae,Baroniella,10,381,6720
Apocynaceae,Baseonema,1,381,6720
Apocynaceae,Batesanthus,3,381,6720
Apocynaceae,Baynesia,1,381,6720
Apocynaceae,Beaumontia,9,381,6720
Apocynaceae,Blepharodon,6,381,6720
Apocynaceae,Boucerosia,7,381,6720
Apocynaceae,Bousigonia,3,381,6720
Apocynaceae,Brargentina,1,381,6720
Apocynaceae,Bruceholstia,1,381,6720
Apocynaceae,Buckollia,2,381,6720
Apocynaceae,Caa,1,381,6720
Apocynaceae,Calciphila,2,381,6720
Apocynaceae,Callichilia,6,381,6720
Apocynaceae,Calocrater,1,381,6720
Apocynaceae,Calotropis,3,381,6720
Apocynaceae,Calyptranthera,13,381,6720
Apocynaceae,Cameraria,7,381,6720
Apocynaceae,Campestigma,1,381,6720
Apocynaceae,Camptocarpus,9,381,6720
Apocynaceae,Caralluma,31,381,6720
Apocynaceae,Carissa,11,381,6720
Apocynaceae,Carruthersia,4,381,6720
Apocynaceae,Carvalhoa,2,381,6720
Apocynaceae,Cascabela,6,381,6720
Apocynaceae,Catharanthus,9,381,6720
Apocynaceae,Caudanthera,4,381,6720
Apocynaceae,Cerbera,6,381,6720
Apocynaceae,Cerberiopsis,3,381,6720
Apocynaceae,Ceropegia,424,381,6720
Apocynaceae,Chamaeclitandra,1,381,6720
Apocynaceae,Chilocarpus,14,381,6720
Apocynaceae,Chlorocyathus,2,381,6720
Apocynaceae,Chloropetalum,5,381,6720
Apocynaceae,Chonemorpha,10,381,6720
Apocynaceae,Chthamalia,21,381,6720
Apocynaceae,Cibirhiza,3,381,6720
Apocynaceae,Cionura,1,381,6720
Apocynaceae,Cleghornia,2,381,6720
Apocynaceae,Clitandra,1,381,6720
Apocynaceae,Condylocarpon,7,381,6720
Apocynaceae,Conomitra,1,381,6720
Apocynaceae,Cordylogyne,2,381,6720
Apocynaceae,Cosmostigma,3,381,6720
Apocynaceae,Couma,5,381,6720
Apocynaceae,Craspidospermum,1,381,6720
Apocynaceae,Crioceras,1,381,6720
Apocynaceae,Cristobalia,4,381,6720
Apocynaceae,Cryptolepis,39,381,6720
Apocynaceae,Cryptostegia,2,381,6720
Apocynaceae,Cycladenia,1,381,6720
Apocynaceae,Cyclocotyla,1,381,6720
Apocynaceae,Cylindropsis,1,381,6720
Apocynaceae,Cynanchum,264,381,6720
Apocynaceae,Decalepis,5,381,6720
Apocynaceae,Desmidorchis,14,381,6720
Apocynaceae,Dewevrella,1,381,6720
Apocynaceae,Dictyanthus,19,381,6720
Apocynaceae,Dictyophleba,6,381,6720
Apocynaceae,Diplolepis,14,381,6720
Apocynaceae,Diplorhynchus,1,381,6720
Apocynaceae,Dischidanthus,2,381,6720
Apocynaceae,Dischidia,128,381,6720
Apocynaceae,Ditassa,111,381,6720
Apocynaceae,Dolichopetalum,1,381,6720
Apocynaceae,Dregea,5,381,6720
Apocynaceae,Duvalia,18,381,6720
Apocynaceae,Duvaliandra,1,381,6720
Apocynaceae,Duvaliaranthus,1,381,6720
Apocynaceae,Dyera,2,381,6720
Apocynaceae,Echidnopsis,37,381,6720
Apocynaceae,Echites,14,381,6720
Apocynaceae,Ectadium,2,381,6720
Apocynaceae,Ecua,1,381,6720
Apocynaceae,Edithcolea,1,381,6720
Apocynaceae,Elytropus,1,381,6720
Apocynaceae,Emicocarpus,1,381,6720
Apocynaceae,Emplectanthus,3,381,6720
Apocynaceae,Ephippiocarpa,2,381,6720
Apocynaceae,Epigynum,5,381,6720
Apocynaceae,Epistemma,4,381,6720
Apocynaceae,Eucorymbia,1,381,6720
Apocynaceae,Eustegia,5,381,6720
Apocynaceae,Fanninia,1,381,6720
Apocynaceae,Farquharia,1,381,6720
Apocynaceae,Finlaysonia,6,381,6720
Apocynaceae,Fischeria,15,381,6720
Apocynaceae,Fockea,6,381,6720
Apocynaceae,Forsteronia,47,381,6720
Apocynaceae,Funastrum,23,381,6720
Apocynaceae,Funtumia,2,381,6720
Apocynaceae,Galactophora,6,381,6720
Apocynaceae,Geissospermum,6,381,6720
Apocynaceae,Genianthus,15,381,6720
Apocynaceae,Glossostelma,12,381,6720
Apocynaceae,Gomphocarpus,20,381,6720
Apocynaceae,Gongreos,4,381,6720
Apocynaceae,Gongronema,6,381,6720
Apocynaceae,Gongronemopsis,9,381,6720
Apocynaceae,Gonioma,2,381,6720
Apocynaceae,Goniostemma,3,381,6720
Apocynaceae,Gonolobus,141,381,6720
Apocynaceae,Gymnanthera,2,381,6720
Apocynaceae,Gymnema,51,381,6720
Apocynaceae,Gymnemopsis,5,381,6720
Apocynaceae,Gyrostelma,1,381,6720
Apocynaceae,Hancornia,1,381,6720
Apocynaceae,Haplophyton,2,381,6720
Apocynaceae,Hemidesmus,1,381,6720
Apocynaceae,Hemipogon,9,381,6720
Apocynaceae,Heterostemma,48,381,6720
Apocynaceae,Heynella,1,381,6720
Apocynaceae,Himatanthus,9,381,6720
Apocynaceae,Holarrhena,5,381,6720
Apocynaceae,Hoodia,13,381,6720
Apocynaceae,Hoodiapelia,1,381,6720
Apocynaceae,Hoodiorbea,1,381,6720
Apocynaceae,Hoodiotriche,1,381,6720
Apocynaceae,Hoya,575,381,6720
Apocynaceae,Huernia,79,381,6720
Apocynaceae,Hunteria,13,381,6720
Apocynaceae,Hylaea,2,381,6720
Apocynaceae,Hypolobus,1,381,6720
Apocynaceae,Ibatia,38,381,6720
Apocynaceae,Ichnocarpus,4,381,6720
Apocynaceae,Ischnolepis,2,381,6720
Apocynaceae,Isonema,3,381,6720
Apocynaceae,Ixodonerium,1,381,6720
Apocynaceae,Jasminanthes,13,381,6720
Apocynaceae,Jobinia,25,381,6720
Apocynaceae,Kamettia,2,381,6720
Apocynaceae,Kanahia,2,381,6720
Apocynaceae,Kerbera,1,381,6720
Apocynaceae,Kibatalia,15,381,6720
Apocynaceae,Kopsia,24,381,6720
Apocynaceae,Lachnostoma,16,381,6720
Apocynaceae,Lacmellea,24,381,6720
Apocynaceae,Landolphia,72,381,6720
Apocynaceae,Larryleachia,6,381,6720
Apocynaceae,Laubertia,4,381,6720
Apocynaceae,Lavrania,3,381,6720
Apocynaceae,Laxoplumeria,2,381,6720
Apocynaceae,Leichhardtia,87,381,6720
Apocynaceae,Lepinia,4,381,6720
Apocynaceae,Lepiniopsis,2,381,6720
Apocynaceae,Leptadenia,9,381,6720
Apocynaceae,Leuconotis,4,381,6720
Apocynaceae,Luckhoffia,1,381,6720
Apocynaceae,Lygisma,5,381,6720
Apocynaceae,Maclaudia,1,381,6720
Apocynaceae,Macoubea,3,381,6720
Apocynaceae,Macropharynx,15,381,6720
Apocynaceae,Macroscepis,22,381,6720
Apocynaceae,Mahawoa,1,381,6720
Apocynaceae,Malouetia,32,381,6720
Apocynaceae,Mandevilla,190,381,6720
Apocynaceae,Margaretta,1,381,6720
Apocynaceae,Marsdenia,84,381,6720
Apocynaceae,Mascarenhasia,8,381,6720
Apocynaceae,Matelea,179,381,6720
Apocynaceae,Melodinus,24,381,6720
Apocynaceae,Mesechites,8,381,6720
Apocynaceae,Metastelma,96,381,6720
Apocynaceae,Meveampelos,2,381,6720
Apocynaceae,Mexicania,2,381,6720
Apocynaceae,Micrechites,15,381,6720
Apocynaceae,Microloma,13,381,6720
Apocynaceae,Microplumeria,1,381,6720
Apocynaceae,Microstelma,3,381,6720
Apocynaceae,Minaria,22,381,6720
Apocynaceae,Miraglossum,7,381,6720
Apocynaceae,Molongum,3,381,6720
Apocynaceae,Mondia,2,381,6720
Apocynaceae,Monolluma,5,381,6720
Apocynaceae,Monsanima,2,381,6720
Apocynaceae,Morilloa,4,381,6720
Apocynaceae,Mortoniella,1,381,6720
Apocynaceae,Motandra,3,381,6720
Apocynaceae,Mucoa,2,381,6720
Apocynaceae,Myriopteron,1,381,6720
Apocynaceae,Nautonia,1,381,6720
Apocynaceae,Neobracea,8,381,6720
Apocynaceae,Neocouma,2,381,6720
Apocynaceae,Neoschumannia,3,381,6720
Apocynaceae,Nephradenia,5,381,6720
Apocynaceae,Nerium,1,381,6720
Apocynaceae,Notechidnopsis,1,381,6720
Apocynaceae,Ochrosia,44,381,6720
Apocynaceae,Odontadenia,25,381,6720
Apocynaceae,Odontostephana,7,381,6720
Apocynaceae,Oncinema,1,381,6720
Apocynaceae,Oncinotis,8,381,6720
Apocynaceae,Ophionella,2,381,6720
Apocynaceae,Orbea,61,381,6720
Apocynaceae,Orbelia,2,381,6720
Apocynaceae,Oreosparte,3,381,6720
Apocynaceae,Orinoquia,2,381,6720
Apocynaceae,Orthopichonia,6,381,6720
Apocynaceae,Orthosia,56,381,6720
Apocynaceae,Oxypetalum,126,381,6720
Apocynaceae,Oxystelma,3,381,6720
Apocynaceae,Pachycarpus,39,381,6720
Apocynaceae,Pachypodium,22,381,6720
Apocynaceae,Pacouria,3,381,6720
Apocynaceae,Papuahoya,3,381,6720
Apocynaceae,Papuechites,1,381,6720
Apocynaceae,Parahancornia,7,381,6720
Apocynaceae,Parapodium,3,381,6720
Apocynaceae,Parepigynum,1,381,6720
Apocynaceae,Parquetina,1,381,6720
Apocynaceae,Parsonsia,86,381,6720
Apocynaceae,Pectinaria,5,381,6720
Apocynaceae,Pentacyphus,3,381,6720
Apocynaceae,Pentalinon,4,381,6720
Apocynaceae,Pentasacme,4,381,6720
Apocynaceae,Pentatropis,4,381,6720
Apocynaceae,Pentopetia,22,381,6720
Apocynaceae,Peplonia,8,381,6720
Apocynaceae,Pergularia,2,381,6720
Apocynaceae,Periglossum,4,381,6720
Apocynaceae,Periploca,17,381,6720
Apocynaceae,Peruviasclepias,1,381,6720
Apocynaceae,Pervillaea,4,381,6720
Apocynaceae,Petalostelma,11,381,6720
Apocynaceae,Petchia,8,381,6720
Apocynaceae,Phaeostemma,9,381,6720
Apocynaceae,Pherotrichis,4,381,6720
Apocynaceae,Philibertia,44,381,6720
Apocynaceae,Phyllanthera,10,381,6720
Apocynaceae,Piaranthus,9,381,6720
Apocynaceae,Picralima,1,381,6720
Apocynaceae,Pinochia,4,381,6720
Apocynaceae,Plectaneia,3,381,6720
Apocynaceae,Pleiocarpa,7,381,6720
Apocynaceae,Pleioceras,5,381,6720
Apocynaceae,Plumeria,20,381,6720
Apocynaceae,Poacynum,12,381,6720
Apocynaceae,Polystemma,27,381,6720
Apocynaceae,Pottsia,3,381,6720
Apocynaceae,Prestonia,65,381,6720
Apocynaceae,Pruskortizia,2,381,6720
Apocynaceae,Pseudolachnostoma,8,381,6720
Apocynaceae,Pseudolithos,8,381,6720
Apocynaceae,Pteralyxia,2,381,6720
Apocynaceae,Ptycanthera,19,381,6720
Apocynaceae,Pycnobotrya,1,381,6720
Apocynaceae,Pycnorhachis,1,381,6720
Apocynaceae,Quaqua,20,381,6720
Apocynaceae,Raphionacme,36,381,6720
Apocynaceae,Rauvolfia,76,381,6720
Apocynaceae,Rhabdadenia,3,381,6720
Apocynaceae,Rhazya,2,381,6720
Apocynaceae,Rhigospira,1,381,6720
Apocynaceae,Rhyssolobium,1,381,6720
Apocynaceae,Rhytidocaulon,17,381,6720
Apocynaceae,Richtersveldia,1,381,6720
Apocynaceae,Riocreuxia,10,381,6720
Apocynaceae,Riparoampelos,1,381,6720
Apocynaceae,Rojasia,1,381,6720
Apocynaceae,Rotundanthus,1,381,6720
Apocynaceae,Ruehssia,147,381,6720
Apocynaceae,Saba,3,381,6720
Apocynaceae,Sacleuxia,2,381,6720
Apocynaceae,Sarcolobus,21,381,6720
Apocynaceae,Sarcorrhiza,1,381,6720
Apocynaceae,Schistonema,1,381,6720
Apocynaceae,Schizoglossum,26,381,6720
Apocynaceae,Schizostephanus,2,381,6720
Apocynaceae,Schizozygia,1,381,6720
Apocynaceae,Schlechterella,2,381,6720
Apocynaceae,Scyphostelma,39,381,6720
Apocynaceae,Secamone,148,381,6720
Apocynaceae,Secamonopsis,2,381,6720
Apocynaceae,Secondatia,1,381,6720
Apocynaceae,Sicyocarpus,2,381,6720
Apocynaceae,Sindechites,1,381,6720
Apocynaceae,Sisyranthus,14,381,6720
Apocynaceae,Skytanthus,2,381,6720
Apocynaceae,Socotrella,1,381,6720
Apocynaceae,Solenostemma,1,381,6720
Apocynaceae,Spirolobium,1,381,6720
Apocynaceae,Spongiosperma,6,381,6720
Apocynaceae,Staparesia,1,381,6720
Apocynaceae,Stapelia,36,381,6720
Apocynaceae,Stapelianthus,7,381,6720
Apocynaceae,Stapeliopsis,8,381,6720
Apocynaceae,Stapvalia,1,381,6720
Apocynaceae,Stathmostelma,14,381,6720
Apocynaceae,Stelmagonum,1,381,6720
Apocynaceae,Stenostelma,6,381,6720
Apocynaceae,Stephanostegia,2,381,6720
Apocynaceae,Stephanostema,1,381,6720
Apocynaceae,Stephanotis,18,381,6720
Apocynaceae,Stigmatorhynchus,2,381,6720
Apocynaceae,Stipecoma,1,381,6720
Apocynaceae,Stomatostemma,1,381,6720
Apocynaceae,Strempeliopsis,2,381,6720
Apocynaceae,Streptocaulon,5,381,6720
Apocynaceae,Streptoechites,1,381,6720
Apocynaceae,Strophanthus,39,381,6720
Apocynaceae,Suberogerens,1,381,6720
Apocynaceae,Tabernaemontana,125,381,6720
Apocynaceae,Tabernanthe,2,381,6720
Apocynaceae,Tacazzea,5,381,6720
Apocynaceae,Talayotea,2,381,6720
Apocynaceae,Tassadia,30,381,6720
Apocynaceae,Tavaresia,3,381,6720
Apocynaceae,Telectadium,3,381,6720
Apocynaceae,Telosma,8,381,6720
Apocynaceae,Temnadenia,3,381,6720
Apocynaceae,Thenardia,3,381,6720
Apocynaceae,Thevetia,3,381,6720
Apocynaceae,Thoreauea,3,381,6720
Apocynaceae,Thyrsanthella,1,381,6720
Apocynaceae,Tintinnabularia,3,381,6720
Apocynaceae,Topea,2,381,6720
Apocynaceae,Toxocarpus,26,381,6720
Apocynaceae,Trachelospermum,9,381,6720
Apocynaceae,Treutlera,1,381,6720
Apocynaceae,Trichosandra,1,381,6720
Apocynaceae,Tridentapelia,1,381,6720
Apocynaceae,Tridentea,8,381,6720
Apocynaceae,Tromotriche,11,381,6720
Apocynaceae,Tweedia,6,381,6720
Apocynaceae,Tylodontia,4,381,6720
Apocynaceae,Urceola,22,381,6720
Apocynaceae,Urostephanus,9,381,6720
Apocynaceae,Vahadenia,2,381,6720
Apocynaceae,Vailia,22,381,6720
Apocynaceae,Vallaris,3,381,6720
Apocynaceae,Vallesia,12,381,6720
Apocynaceae,Vinca,6,381,6720
Apocynaceae,Vincetoxicum,271,381,6720
Apocynaceae,Voacanga,21,381,6720
Apocynaceae,Vulcanoa,1,381,6720
Apocynaceae,Wattakaka,1,381,6720
Apocynaceae,White-sloanea,1,381,6720
Apocynaceae,Willughbeia,16,381,6720
Apocynaceae,Woodia,3,381,6720
Apocynaceae,Wrightia,35,381,6720
Apocynaceae,Xysmalobium,43,381,6720
Apocynaceae,Zygostelma,1,381,6720
Aquifoliaceae,Ilex,581,1,581
Araceae,Adelonema,16,143,4506
Araceae,Aglaodorum,1,143,4506
Araceae,Aglaonema,26,143,4506
Araceae,Alloschemone,2,143,4506
Araceae,Alocasia,90,143,4506
Araceae,Ambrosina,1,143,4506
Araceae,Amorphophallus,246,143,4506
Araceae,Amydrium,5,143,4506
Araceae,Anadendrum,15,143,4506
Araceae,Anaphyllopsis,3,143,4506
Araceae,Anaphyllum,2,143,4506
Araceae,Anchomanes,6,143,4506
Araceae,Anthurium,1327,143,4506
Araceae,Anubias,8,143,4506
Araceae,Apoballis,12,143,4506
Araceae,Aridarum,5,143,4506
Araceae,Ariopsis,3,143,4506
Araceae,Arisaema,212,143,4506
Araceae,Arisarum,4,143,4506
Araceae,Arophyton,7,143,4506
Araceae,Arum,28,143,4506
Araceae,Asterostigma,8,143,4506
Araceae,Bakoa,1,143,4506
Araceae,Bakoaella,2,143,4506
Araceae,Biarum,23,143,4506
Araceae,Bidayuha,1,143,4506
Araceae,Bognera,1,143,4506
Araceae,Boycea,1,143,4506
Araceae,Bucephalandra,32,143,4506
Araceae,Burttianthus,9,143,4506
Araceae,Caladium,19,143,4506
Araceae,Calla,1,143,4506
Araceae,Callopsis,1,143,4506
Araceae,Carlephyton,4,143,4506
Araceae,Cercestis,10,143,4506
Araceae,Chlorospatha,70,143,4506
Araceae,Colletogyne,1,143,4506
Araceae,Colobogynium,1,143,4506
Araceae,Colocasia,14,143,4506
Araceae,Croatiella,1,143,4506
Araceae,Cryptocoryne,83,143,4506
Araceae,Culcasia,28,143,4506
Araceae,Cyrtosperma,13,143,4506
Araceae,Dieffenbachia,60,143,4506
Araceae,Dracontioides,2,143,4506
Araceae,Dracontium,29,143,4506
Araceae,Dracunculus,2,143,4506
Araceae,Eminium,8,143,4506
Araceae,Englerarum,1,143,4506
Araceae,Epipremnum,15,143,4506
Araceae,Fenestratarum,2,143,4506
Araceae,Filarum,1,143,4506
Araceae,Furtadoa,3,143,4506
Araceae,Galantharum,1,143,4506
Araceae,Gamogyne,6,143,4506
Araceae,Gearum,1,143,4506
Araceae,Gonatopus,5,143,4506
Araceae,Gorgonidium,8,143,4506
Araceae,Gosong,1,143,4506
Araceae,Gymnostachys,1,143,4506
Araceae,Hapaline,9,143,4506
Araceae,Helicodiceros,1,143,4506
Araceae,Hera,1,143,4506
Araceae,Heteroaridarum,3,143,4506
Araceae,Heteropsis,19,143,4506
Araceae,Holochlamys,1,143,4506
Araceae,Homalomena,161,143,4506
Araceae,Hottarum,1,143,4506
Araceae,Idimanthus,1,143,4506
Araceae,Incarum,1,143,4506
Araceae,Jasarum,1,143,4506
Araceae,Josefia,1,143,4506
Araceae,Kiewia,3,143,4506
Araceae,Lagenandra,21,143,4506
Araceae,Lasia,2,143,4506
Araceae,Lasimorpha,1,143,4506
Araceae,Lazarum,16,143,4506
Araceae,Lemna,14,143,4506
Araceae,Leucocasia,1,143,4506
Araceae,Lorenzia,1,143,4506
Araceae,Lysichiton,2,143,4506
Araceae,Mangonia,2,143,4506
Araceae,Monstera,67,143,4506
Araceae,Montrichardia,2,143,4506
Araceae,Nabalu,1,143,4506
Araceae,Naiadia,1,143,4506
Araceae,Nephthytis,5,143,4506
Araceae,Ooia,12,143,4506
Araceae,Orontium,1,143,4506
Araceae,Peltandra,2,143,4506
Araceae,Philodendron,623,143,4506
Araceae,Philonotion,3,143,4506
Araceae,Phyllotaenium,1,143,4506
Araceae,Phymatarum,1,143,4506
Araceae,Pichinia,1,143,4506
Araceae,Pinellia,10,143,4506
Araceae,Piptospatha,3,143,4506
Araceae,Pistia,1,143,4506
Araceae,Podolasia,1,143,4506
Araceae,Pothoidium,1,143,4506
Araceae,Pothos,67,143,4506
Araceae,Protarum,1,143,4506
Araceae,Pseudohydrosme,3,143,4506
Araceae,Pursegloveia,7,143,4506
Araceae,Pycnospatha,2,143,4506
Araceae,Remusatia,4,143,4506
Araceae,Rhaphidophora,105,143,4506
Araceae,Rhodospatha,32,143,4506
Araceae,Rhynchopyle,7,143,4506
Araceae,Sauromatum,11,143,4506
Araceae,Scaphispatha,2,143,4506
Araceae,Schismatoglottis,181,143,4506
Araceae,Schottariella,1,143,4506
Araceae,Schottarum,3,143,4506
Araceae,Scindapsus,36,143,4506
Araceae,Spathantheum,1,143,4506
Araceae,Spathicarpa,3,143,4506
Araceae,Spathiphyllum,60,143,4506
Araceae,Spirodela,4,143,4506
Araceae,Stenospermation,59,143,4506
Araceae,Steudnera,11,143,4506
Araceae,Stylochaeton,27,143,4506
Araceae,Symplocarpus,6,143,4506
Araceae,Synandrospadix,1,143,4506
Araceae,Syngonium,42,143,4506
Araceae,Taccarum,6,143,4506
Araceae,Tawaia,1,143,4506
Araceae,Theriophonum,6,143,4506
Araceae,Toga,6,143,4506
Araceae,Typhonium,72,143,4506
Araceae,Typhonodorum,1,143,4506
Araceae,Ulearum,2,143,4506
Araceae,Urospatha,13,143,4506
Araceae,Vesta,1,143,4506
Araceae,Vietnamocasia,1,143,4506
Araceae,Vivaria,1,143,4506
Araceae,Wolffia,11,143,4506
Araceae,Wolffiella,10,143,4506
Araceae,Xanthosoma,198,143,4506
Araceae,Zamioculcas,1,143,4506
Araceae,Zantedeschia,8,143,4506
Araceae,Zomicarpa,2,143,4506
Araceae,Zomicarpella,2,143,4506
Araliaceae,Anakasia,1,47,1733
Araliaceae,Aralia,88,47,1733
Araliaceae,Astropanax,15,47,1733
Araliaceae,Astrotricha,20,47,1733
Araliaceae,Brassaiopsis,46,47,1733
Araliaceae,Cephalaralia,1,47,1733
Araliaceae,Cephalopanax,2,47,1733
Araliaceae,Cheirodendron,6,47,1733
Araliaceae,Chengiopanax,2,47,1733
Araliaceae,Crepinella,33,47,1733
Araliaceae,Cussonia,20,47,1733
Araliaceae,Dendropanax,96,47,1733
Araliaceae,Didymopanax,40,47,1733
Araliaceae,Eleutherococcus,29,47,1733
Araliaceae,Fatshedera,1,47,1733
Araliaceae,Fatsia,3,47,1733
Araliaceae,Frodinia,2,47,1733
Araliaceae,Gamblea,4,47,1733
Araliaceae,Harmsiopanax,3,47,1733
Araliaceae,Hedera,23,47,1733
Araliaceae,Heptapleurum,321,47,1733
Araliaceae,Heteropanax,9,47,1733
Araliaceae,Hydrocotyle,191,47,1733
Araliaceae,Kalopanax,1,47,1733
Araliaceae,Macropanax,18,47,1733
Araliaceae,Merrilliopanax,3,47,1733
Araliaceae,Meryta,30,47,1733
Araliaceae,Metapanax,2,47,1733
Araliaceae,Motherwellia,1,47,1733
Araliaceae,Neocussonia,16,47,1733
Araliaceae,Neopanax,5,47,1733
Araliaceae,Oplopanax,3,47,1733
Araliaceae,Oreopanax,148,47,1733
Araliaceae,Osmoxylon,61,47,1733
Araliaceae,Panax,24,47,1733
Araliaceae,Plerandra,33,47,1733
Araliaceae,Polyscias,182,47,1733
Araliaceae,Pseudopanax,7,47,1733
Araliaceae,Raukaua,8,47,1733
Araliaceae,Schefflera,14,47,1733
Araliaceae,Sciodaphyllum,148,47,1733
Araliaceae,Seemannaralia,1,47,1733
Araliaceae,Sinopanax,1,47,1733
Araliaceae,Tetrapanax,1,47,1733
Araliaceae,Trachymene,61,47,1733
Araliaceae,Trevesia,8,47,1733
Araliaceae,Woodburnia,1,47,1733
Araucariaceae,Agathis,17,3,38
Araucariaceae,Araucaria,20,3,38
Araucariaceae,Wollemia,1,3,38
Arecaceae,Acanthophoenix,3,186,2560
Arecaceae,Acoelorraphe,1,186,2560
Arecaceae,Acrocomia,8,186,2560
Arecaceae,Actinorhytis,1,186,2560
Arecaceae,Adonidia,2,186,2560
Arecaceae,Aiphanes,37,186,2560
Arecaceae,Allagoptera,6,186,2560
Arecaceae,Ammandra,1,186,2560
Arecaceae,Aphandra,1,186,2560
Arecaceae,Archontophoenix,6,186,2560
Arecaceae,Areca,45,186,2560
Arecaceae,Arenga,24,186,2560
Arecaceae,Asterogyne,5,186,2560
Arecaceae,Astrocaryum,39,186,2560
Arecaceae,Attalea,41,186,2560
Arecaceae,Bactris,82,186,2560
Arecaceae,Balaka,11,186,2560
Arecaceae,Barcella,1,186,2560
Arecaceae,Basselinia,16,186,2560
Arecaceae,Beccariophoenix,3,186,2560
Arecaceae,Bentinckia,2,186,2560
Arecaceae,Bismarckia,1,186,2560
Arecaceae,Borassodendron,2,186,2560
Arecaceae,Borassus,5,186,2560
Arecaceae,Brahea,11,186,2560
Arecaceae,Brassiophoenix,2,186,2560
Arecaceae,Burretiokentia,5,186,2560
Arecaceae,Butia,25,186,2560
Arecaceae,Butyagrus,3,186,2560
Arecaceae,Calamus,434,186,2560
Arecaceae,Calyptrocalyx,28,186,2560
Arecaceae,Calyptrogyne,18,186,2560
Arecaceae,Calyptronoma,3,186,2560
Arecaceae,Campecarpus,1,186,2560
Arecaceae,Carpentaria,1,186,2560
Arecaceae,Carpoxylon,1,186,2560
Arecaceae,Caryota,15,186,2560
Arecaceae,Ceroxylon,13,186,2560
Arecaceae,Chamaedorea,106,186,2560
Arecaceae,Chamaerops,1,186,2560
Arecaceae,Chambeyronia,9,186,2560
Arecaceae,Chelyocarpus,4,186,2560
Arecaceae,Chrysalidocarpus,59,186,2560
Arecaceae,Chuniophoenix,3,186,2560
Arecaceae,Clinosperma,4,186,2560
Arecaceae,Clinostigma,11,186,2560
Arecaceae,Coccothrinax,63,186,2560
Arecaceae,Cocos,1,186,2560
Arecaceae,Colpothrinax,4,186,2560
Arecaceae,Copernicia,29,186,2560
Arecaceae,Corypha,5,186,2560
Arecaceae,Cryosophila,10,186,2560
Arecaceae,Cyphokentia,2,186,2560
Arecaceae,Cyphophoenix,2,186,2560
Arecaceae,Cyphosperma,5,186,2560
Arecaceae,Cyrtostachys,7,186,2560
Arecaceae,Deckenia,1,186,2560
Arecaceae,Desmoncus,24,186,2560
Arecaceae,Dictyocaryum,3,186,2560
Arecaceae,Dictyosperma,1,186,2560
Arecaceae,Dransfieldia,1,186,2560
Arecaceae,Drymophloeus,3,186,2560
Arecaceae,Dypsis,108,186,2560
Arecaceae,Elaeis,2,186,2560
Arecaceae,Eleiodoxa,1,186,2560
Arecaceae,Eremospatha,11,186,2560
Arecaceae,Eugeissona,7,186,2560
Arecaceae,Euterpe,7,186,2560
Arecaceae,Gaussia,5,186,2560
Arecaceae,Geonoma,68,186,2560
Arecaceae,Guihaia,4,186,2560
Arecaceae,Hedyscepe,1,186,2560
Arecaceae,Hemithrinax,3,186,2560
Arecaceae,Heterospathe,38,186,2560
Arecaceae,Howea,2,186,2560
Arecaceae,Hydriastele,39,186,2560
Arecaceae,Hyophorbe,5,186,2560
Arecaceae,Hyospathe,6,186,2560
Arecaceae,Hyphaene,8,186,2560
Arecaceae,Iguanura,27,186,2560
Arecaceae,Iriartea,1,186,2560
Arecaceae,Iriartella,2,186,2560
Arecaceae,Itaya,1,186,2560
Arecaceae,Jailoloa,1,186,2560
Arecaceae,Johannesteijsmannia,4,186,2560
Arecaceae,Juania,1,186,2560
Arecaceae,Jubaea,1,186,2560
Arecaceae,Jubaeopsis,1,186,2560
Arecaceae,Kerriodoxa,1,186,2560
Arecaceae,Korthalsia,27,186,2560
Arecaceae,Laccospadix,1,186,2560
Arecaceae,Laccosperma,7,186,2560
Arecaceae,Lanonia,19,186,2560
Arecaceae,Latania,3,186,2560
Arecaceae,Lemurophoenix,2,186,2560
Arecaceae,Leopoldinia,3,186,2560
Arecaceae,Lepidocaryum,1,186,2560
Arecaceae,Lepidorrhachis,1,186,2560
Arecaceae,Leucothrinax,1,186,2560
Arecaceae,Licuala,151,186,2560
Arecaceae,Linospadix,6,186,2560
Arecaceae,Livistona,28,186,2560
Arecaceae,Lodoicea,1,186,2560
Arecaceae,Loxococcus,1,186,2560
Arecaceae,Manicaria,2,186,2560
Arecaceae,Manjekia,1,186,2560
Arecaceae,Marojejya,2,186,2560
Arecaceae,Masoala,3,186,2560
Arecaceae,Mauritia,2,186,2560
Arecaceae,Mauritiella,5,186,2560
Arecaceae,Maxburretia,3,186,2560
Arecaceae,Medemia,1,186,2560
Arecaceae,Metroxylon,5,186,2560
Arecaceae,Myrialepis,1,186,2560
Arecaceae,Nannorrhops,2,186,2560
Arecaceae,Nenga,5,186,2560
Arecaceae,Neonicholsonia,1,186,2560
Arecaceae,Neoveitchia,2,186,2560
Arecaceae,Nephrosperma,1,186,2560
Arecaceae,Normanbya,1,186,2560
Arecaceae,Nypa,1,186,2560
Arecaceae,Oenocarpus,10,186,2560
Arecaceae,Oncocalamus,4,186,2560
Arecaceae,Oncosperma,5,186,2560
Arecaceae,Orania,30,186,2560
Arecaceae,Oraniopsis,1,186,2560
Arecaceae,Parajubaea,3,186,2560
Arecaceae,Pelagodoxa,2,186,2560
Arecaceae,Phoenicophorium,1,186,2560
Arecaceae,Phoenix,16,186,2560
Arecaceae,Pholidocarpus,6,186,2560
Arecaceae,Pholidostachys,8,186,2560
Arecaceae,Physokentia,7,186,2560
Arecaceae,Phytelephas,4,186,2560
Arecaceae,Pigafetta,2,186,2560
Arecaceae,Pinanga,146,186,2560
Arecaceae,Plectocomia,14,186,2560
Arecaceae,Plectocomiopsis,7,186,2560
Arecaceae,Podococcus,2,186,2560
Arecaceae,Ponapea,4,186,2560
Arecaceae,Prestoea,10,186,2560
Arecaceae,Pritchardia,29,186,2560
Arecaceae,Pseudophoenix,4,186,2560
Arecaceae,Ptychococcus,2,186,2560
Arecaceae,Ptychosperma,24,186,2560
Arecaceae,Raphia,22,186,2560
Arecaceae,Ravenea,23,186,2560
Arecaceae,Reinhardtia,6,186,2560
Arecaceae,Rhapidophyllum,1,186,2560
Arecaceae,Rhapis,11,186,2560
Arecaceae,Rhopaloblaste,6,186,2560
Arecaceae,Rhopalostylis,3,186,2560
Arecaceae,Roscheria,1,186,2560
Arecaceae,Roystonea,10,186,2560
Arecaceae,Sabal,18,186,2560
Arecaceae,Sabinaria,1,186,2560
Arecaceae,Salacca,23,186,2560
Arecaceae,Saribus,10,186,2560
Arecaceae,Satakentia,1,186,2560
Arecaceae,Satranala,1,186,2560
Arecaceae,Schippia,1,186,2560
Arecaceae,Sclerosperma,3,186,2560
Arecaceae,Serenoa,1,186,2560
Arecaceae,Socratea,5,186,2560
Arecaceae,Sommieria,1,186,2560
Arecaceae,Syagrus,81,186,2560
Arecaceae,Synechanthus,3,186,2560
Arecaceae,Tahina,1,186,2560
Arecaceae,Tectiphiala,1,186,2560
Arecaceae,Thrinax,4,186,2560
Arecaceae,Trachycarpus,10,186,2560
Arecaceae,Trithrinax,3,186,2560
Arecaceae,Truongsonia,1,186,2560
Arecaceae,Veillonia,1,186,2560
Arecaceae,Veitchia,11,186,2560
Arecaceae,Verschaffeltia,1,186,2560
Arecaceae,Voanioala,1,186,2560
Arecaceae,Vonitra,10,186,2560
Arecaceae,Wallaceodoxa,1,186,2560
Arecaceae,Wallichia,8,186,2560
Arecaceae,Washingtonia,1,186,2560
Arecaceae,Welfia,2,186,2560
Arecaceae,Wendlandiella,1,186,2560
Arecaceae,Wettinia,22,186,2560
Arecaceae,Wodyetia,1,186,2560
Arecaceae,Zombia,1,186,2560
Argophyllaceae,Argophyllum,18,2,25
Argophyllaceae,Corokia,7,2,25
Aristolochiaceae,Aristolochia,556,8,757
Aristolochiaceae,Asarum,135,8,757
Aristolochiaceae,Euglypha,1,8,757
Aristolochiaceae,Hydnora,10,8,757
Aristolochiaceae,Lactoris,1,8,757
Aristolochiaceae,Prosopanche,7,8,757
Aristolochiaceae,Saruma,1,8,757
Aristolochiaceae,Thottea,46,8,757
Asparagaceae,Acanthocarpus,7,159,3362
Asparagaceae,Agave,275,159,3362
Asparagaceae,Albuca,133,159,3362
Asparagaceae,Alrawia,2,159,3362
Asparagaceae,Androstephium,2,159,3362
Asparagaceae,Anemarrhena,1,159,3362
Asparagaceae,Anthericum,9,159,3362
Asparagaceae,Aphyllanthes,1,159,3362
Asparagaceae,Arthropodium,9,159,3362
Asparagaceae,Asparagus,217,159,3362
Asparagaceae,Aspidistra,147,159,3362
Asparagaceae,Aulostemon,1,159,3362
Asparagaceae,Austronea,22,159,3362
Asparagaceae,Avonsera,1,159,3362
Asparagaceae,Barnardia,2,159,3362
Asparagaceae,Battandiera,9,159,3362
Asparagaceae,Beaucarnea,12,159,3362
Asparagaceae,Behnia,1,159,3362
Asparagaceae,Bellevalia,74,159,3362
Asparagaceae,Beschorneria,8,159,3362
Asparagaceae,Bessera,3,159,3362
Asparagaceae,Bloomeria,3,159,3362
Asparagaceae,Boosia,11,159,3362
Asparagaceae,Bowiea,2,159,3362
Asparagaceae,Brimeura,3,159,3362
Asparagaceae,Brodiaea,19,159,3362
Asparagaceae,Camassia,6,159,3362
Asparagaceae,Cathissa,4,159,3362
Asparagaceae,Chamaexeros,4,159,3362
Asparagaceae,Chlorogalum,3,159,3362
Asparagaceae,Chlorophytum,196,159,3362
Asparagaceae,Clara,3,159,3362
Asparagaceae,Coilonox,29,159,3362
Asparagaceae,Comospermum,1,159,3362
Asparagaceae,Convallaria,4,159,3362
Asparagaceae,Cordyline,26,159,3362
Asparagaceae,Danae,1,159,3362
Asparagaceae,Dandya,4,159,3362
Asparagaceae,Dasylirion,23,159,3362
Asparagaceae,Daubenya,8,159,3362
Asparagaceae,Diamena,1,159,3362
Asparagaceae,Dichelostemma,6,159,3362
Asparagaceae,Dichopogon,5,159,3362
Asparagaceae,Diora,1,159,3362
Asparagaceae,Dipcadi,43,159,3362
Asparagaceae,Disporopsis,10,159,3362
Asparagaceae,Diuranthera,4,159,3362
Asparagaceae,Dracaena,177,159,3362
Asparagaceae,Drimia,18,159,3362
Asparagaceae,Drimiopsis,14,159,3362
Asparagaceae,Ebertia,2,159,3362
Asparagaceae,Echeandia,83,159,3362
Asparagaceae,Eliokarmos,34,159,3362
Asparagaceae,Elsiea,1,159,3362
Asparagaceae,Eremocrinum,1,159,3362
Asparagaceae,Eriospermum,119,159,3362
Asparagaceae,Ethesia,5,159,3362
Asparagaceae,Eucomis,13,159,3362
Asparagaceae,Eustrephus,1,159,3362
Asparagaceae,Fessia,11,159,3362
Asparagaceae,Furcraea,25,159,3362
Asparagaceae,Fusifilum,17,159,3362
Asparagaceae,Galtonia,6,159,3362
Asparagaceae,Geschollia,9,159,3362
Asparagaceae,Hagenbachia,6,159,3362
Asparagaceae,Hastingsia,4,159,3362
Asparagaceae,Hemiphylacus,5,159,3362
Asparagaceae,Herreria,8,159,3362
Asparagaceae,Herreriopsis,1,159,3362
Asparagaceae,Hesperaloe,8,159,3362
Asparagaceae,Hesperocallis,1,159,3362
Asparagaceae,Hesperoyucca,2,159,3362
Asparagaceae,Heteropolygonatum,10,159,3362
Asparagaceae,Honorius,6,159,3362
Asparagaceae,Hooveria,2,159,3362
Asparagaceae,Hosta,22,159,3362
Asparagaceae,Hyacinthella,17,159,3362
Asparagaceae,Hyacinthoides,13,159,3362
Asparagaceae,Hyacinthus,4,159,3362
Asparagaceae,Igidia,1,159,3362
Asparagaceae,Indurgia,10,159,3362
Asparagaceae,Iosanthus,4,159,3362
Asparagaceae,Jaimehintonia,1,159,3362
Asparagaceae,Lachenalia,135,159,3362
Asparagaceae,Laxmannia,15,159,3362
Asparagaceae,Ledebouria,61,159,3362
Asparagaceae,Ledurgia,1,159,3362
Asparagaceae,Leucocrinum,1,159,3362
Asparagaceae,Liriope,7,159,3362
Asparagaceae,Litanthus,2,159,3362
Asparagaceae,Lomandra,53,159,3362
Asparagaceae,Loncomelos,35,159,3362
Asparagaceae,Maianthemum,40,159,3362
Asparagaceae,Massonia,29,159,3362
Asparagaceae,Melomphis,3,159,3362
Asparagaceae,Merwilla,3,159,3362
Asparagaceae,Milla,11,159,3362
Asparagaceae,Mucinaea,1,159,3362
Asparagaceae,Muilla,4,159,3362
Asparagaceae,Muscari,83,159,3362
Asparagaceae,Namophila,1,159,3362
Asparagaceae,Neopatersonia,4,159,3362
Asparagaceae,Nicipe,48,159,3362
Asparagaceae,Nolina,30,159,3362
Asparagaceae,Ophiopogon,77,159,3362
Asparagaceae,Ornithogalum,98,159,3362
Asparagaceae,Oziroe,5,159,3362
Asparagaceae,Paradisea,2,159,3362
Asparagaceae,Peliosanthes,38,159,3362
Asparagaceae,Petronymphe,2,159,3362
Asparagaceae,Polygonatum,80,159,3362
Asparagaceae,Prospero,18,159,3362
Asparagaceae,Pseudogaltonia,2,159,3362
Asparagaceae,Pseudoprospero,1,159,3362
Asparagaceae,Puschkinia,3,159,3362
Asparagaceae,Reineckea,1,159,3362
Asparagaceae,Resnova,6,159,3362
Asparagaceae,Rhadamanthopsis,5,159,3362
Asparagaceae,Rhadamanthus,12,159,3362
Asparagaceae,Rhodocodon,19,159,3362
Asparagaceae,Rohdea,19,159,3362
Asparagaceae,Romnalda,4,159,3362
Asparagaceae,Ruscus,7,159,3362
Asparagaceae,Sagittanthera,1,159,3362
Asparagaceae,Schizobasis,12,159,3362
Asparagaceae,Schizocarphus,1,159,3362
Asparagaceae,Schoenolirion,3,159,3362
Asparagaceae,Scilla,89,159,3362
Asparagaceae,Sekanama,4,159,3362
Asparagaceae,Semele,3,159,3362
Asparagaceae,Sowerbaea,5,159,3362
Asparagaceae,Speirantha,1,159,3362
Asparagaceae,Spetaea,1,159,3362
Asparagaceae,Spirophyllos,1,159,3362
Asparagaceae,Squilla,12,159,3362
Asparagaceae,Stellarioides,14,159,3362
Asparagaceae,Striatula,2,159,3362
Asparagaceae,Tenicroa,12,159,3362
Asparagaceae,Theropogon,1,159,3362
Asparagaceae,Thuranthos,8,159,3362
Asparagaceae,Thysanotus,53,159,3362
Asparagaceae,Triandra,1,159,3362
Asparagaceae,Trichopetalum,2,159,3362
Asparagaceae,Trihesperus,2,159,3362
Asparagaceae,Trimelopter,13,159,3362
Asparagaceae,Triteleia,18,159,3362
Asparagaceae,Triteleiopsis,1,159,3362
Asparagaceae,Tupistra,26,159,3362
Asparagaceae,Urginavia,16,159,3362
Asparagaceae,Urginea,4,159,3362
Asparagaceae,Urgineopsis,7,159,3362
Asparagaceae,Veltheimia,2,159,3362
Asparagaceae,Vera-duthiea,6,159,3362
Asparagaceae,Whiteheadia,1,159,3362
Asparagaceae,Xerolirion,1,159,3362
Asparagaceae,Yucca,51,159,3362
Asparagaceae,Zagrosia,1,159,3362
Asparagaceae,Zingela,1,159,3362
Asparagaceae,Zulusia,3,159,3362
Asphodelaceae,Agrostocrinum,2,48,1295
Asphodelaceae,Aloe,625,48,1295
Asphodelaceae,Aloestrela,1,48,1295
Asphodelaceae,Aloiampelos,7,48,1295
Asphodelaceae,Aloidendron,6,48,1295
Asphodelaceae,Alonialoe,1,48,1295
Asphodelaceae,Aristaloe,1,48,1295
Asphodelaceae,Aristeria,4,48,1295
Asphodelaceae,Arnocrinum,3,48,1295
Asphodelaceae,Asphodeline,17,48,1295
Asphodelaceae,Asphodelus,18,48,1295
Asphodelaceae,Astrolista,1,48,1295
Asphodelaceae,Astroloba,11,48,1295
Asphodelaceae,Astroworthia,1,48,1295
Asphodelaceae,Bulbine,84,48,1295
Asphodelaceae,Bulbinella,25,48,1295
Asphodelaceae,Caesia,13,48,1295
Asphodelaceae,Chamaescilla,3,48,1295
Asphodelaceae,Corynotheca,6,48,1295
Asphodelaceae,Dianella,40,48,1295
Asphodelaceae,Eremurus,64,48,1295
Asphodelaceae,Excremis,1,48,1295
Asphodelaceae,Gasteraloe,8,48,1295
Asphodelaceae,Gasterhaworthia,4,48,1295
Asphodelaceae,Gasteria,31,48,1295
Asphodelaceae,Gastonialoe,5,48,1295
Asphodelaceae,Geitonoplesium,2,48,1295
Asphodelaceae,Gonialoe,4,48,1295
Asphodelaceae,Gonimara,1,48,1295
Asphodelaceae,Haworthia,57,48,1295
Asphodelaceae,Haworthiopsis,34,48,1295
Asphodelaceae,Hemerocallis,18,48,1295
Asphodelaceae,Hensmania,3,48,1295
Asphodelaceae,Herpolirion,1,48,1295
Asphodelaceae,Hodgsoniola,1,48,1295
Asphodelaceae,Johnsonia,5,48,1295
Asphodelaceae,Kniphofia,73,48,1295
Asphodelaceae,Kumara,2,48,1295
Asphodelaceae,Pasithea,1,48,1295
Asphodelaceae,Phormium,2,48,1295
Asphodelaceae,Simethis,1,48,1295
Asphodelaceae,Stawellia,2,48,1295
Asphodelaceae,Stypandra,2,48,1295
Asphodelaceae,Thelionema,3,48,1295
Asphodelaceae,Trachyandra,59,48,1295
Asphodelaceae,Tricoryne,10,48,1295
Asphodelaceae,Tulista,4,48,1295
Asphodelaceae,Xanthorrhoea,28,48,1295
Aspleniaceae,Asplenium,957,2,1028
Aspleniaceae,Hymenasplenium,71,2,1028
Asteliaceae,Astelia,31,3,37
Asteliaceae,Milligania,5,3,37
Asteliaceae,Neoastelia,1,3,37
Asteraceae,Aaronsohnia,2,1717,34557
Asteraceae,Abrotanella,18,1717,34557
Asteraceae,Acamptopappus,2,1717,34557
Asteraceae,Acanthocephalus,2,1717,34557
Asteraceae,Acanthocladium,1,1717,34557
Asteraceae,Acanthodesmos,1,1717,34557
Asteraceae,Acanthospermum,6,1717,34557
Asteraceae,Acanthostyles,2,1717,34557
Asteraceae,Achillea,154,1717,34557
Asteraceae,Achnophora,1,1717,34557
Asteraceae,Achnopogon,2,1717,34557
Asteraceae,Achyrachaena,1,1717,34557
Asteraceae,Achyranthemum,7,1717,34557
Asteraceae,Achyrocline,47,1717,34557
Asteraceae,Achyropappus,3,1717,34557
Asteraceae,Acilepidopsis,1,1717,34557
Asteraceae,Acilepis,33,1717,34557
Asteraceae,Acmella,30,1717,34557
Asteraceae,Acomis,4,1717,34557
Asteraceae,Acourtia,82,1717,34557
Asteraceae,Acrisione,1,1717,34557
Asteraceae,Acritopappus,16,1717,34557
Asteraceae,Actinobole,5,1717,34557
Asteraceae,Acunniana,1,1717,34557
Asteraceae,Adeia,2,1717,34557
Asteraceae,Adelostigma,2,1717,34557
Asteraceae,Adenanthellum,1,1717,34557
Asteraceae,Adenocaulon,5,1717,34557
Asteraceae,Adenocritonia,3,1717,34557
Asteraceae,Adenoglossa,1,1717,34557
Asteraceae,Adenoon,1,1717,34557
Asteraceae,Adenophyllum,10,1717,34557
Asteraceae,Adenostemma,30,1717,34557
Asteraceae,Adenostyles,8,1717,34557
Asteraceae,Adenothamnus,1,1717,34557
Asteraceae,Adiaphila,1,1717,34557
Asteraceae,Aedesia,3,1717,34557
Asteraceae,Aequatorium,19,1717,34557
Asteraceae,Aetheolaena,2,1717,34557
Asteraceae,Afroaster,18,1717,34557
Asteraceae,Ageratella,2,1717,34557
Asteraceae,Ageratina,336,1717,34557
Asteraceae,Ageratinastrum,6,1717,34557
Asteraceae,Ageratum,54,1717,34557
Asteraceae,Agnorhiza,5,1717,34557
Asteraceae,Agoseris,14,1717,34557
Asteraceae,Agrianthus,8,1717,34557
Asteraceae,Ainsliaea,70,1717,34557
Asteraceae,Ajania,35,1717,34557
Asteraceae,Ajaniopsis,1,1717,34557
Asteraceae,Akeassia,1,1717,34557
Asteraceae,Alatoseta,1,1717,34557
Asteraceae,Albertinia,1,1717,34557
Asteraceae,Aldama,46,1717,34557
Asteraceae,Alepidocline,6,1717,34557
Asteraceae,Alfredia,8,1717,34557
Asteraceae,Allagopappus,2,1717,34557
Asteraceae,Allardia,9,1717,34557
Asteraceae,Allocephalus,1,1717,34557
Asteraceae,Alloispermum,17,1717,34557
Asteraceae,Allopterigeron,1,1717,34557
Asteraceae,Almutaster,1,1717,34557
Asteraceae,Alomia,5,1717,34557
Asteraceae,Alomiella,2,1717,34557
Asteraceae,Alvordia,2,1717,34557
Asteraceae,Amauria,4,1717,34557
Asteraceae,Ambassa,1,1717,34557
Asteraceae,Amberboa,10,1717,34557
Asteraceae,Amblyocarpum,1,1717,34557
Asteraceae,Amblyolepis,1,1717,34557
Asteraceae,Amblyopappus,1,1717,34557
Asteraceae,Amblysperma,1,1717,34557
Asteraceae,Amboroa,2,1717,34557
Asteraceae,Ambrosia,53,1717,34557
Asteraceae,Ameghinoa,1,1717,34557
Asteraceae,Amellus,12,1717,34557
Asteraceae,Ammobium,2,1717,34557
Asteraceae,Amolinia,1,1717,34557
Asteraceae,Ampelaster,1,1717,34557
Asteraceae,Amphiachyris,1,1717,34557
Asteraceae,Amphiglossa,11,1717,34557
Asteraceae,Amphipappus,1,1717,34557
Asteraceae,Amphoricarpos,5,1717,34557
Asteraceae,Anacyclus,12,1717,34557
Asteraceae,Ananthura,1,1717,34557
Asteraceae,Anaphalioides,8,1717,34557
Asteraceae,Anaphalis,119,1717,34557
Asteraceae,Anastraphia,12,1717,34557
Asteraceae,Anaxeton,10,1717,34557
Asteraceae,Ancathia,1,1717,34557
Asteraceae,Ancistrocarphus,2,1717,34557
Asteraceae,Anderbergia,6,1717,34557
Asteraceae,Andryala,29,1717,34557
Asteraceae,Anemocarpa,3,1717,34557
Asteraceae,Angeldiazia,1,1717,34557
Asteraceae,Angianthus,21,1717,34557
Asteraceae,Anisocarpus,2,1717,34557
Asteraceae,Anisochaeta,1,1717,34557
Asteraceae,Anisocoma,1,1717,34557
Asteraceae,Anisopappus,39,1717,34557
Asteraceae,Antennaria,60,1717,34557
Asteraceae,Anteremanthus,1,1717,34557
Asteraceae,Anthematricaria,1,1717,34557
Asteraceae,Anthemimatricaria,3,1717,34557
Asteraceae,Anthemis,183,1717,34557
Asteraceae,Antillanthus,4,1717,34557
Asteraceae,Antillia,1,1717,34557
Asteraceae,Antiphiona,2,1717,34557
Asteraceae,Anvillea,2,1717,34557
Asteraceae,Apalochlamys,1,1717,34557
Asteraceae,Aphanactis,11,1717,34557
Asteraceae,Aphanostephus,8,1717,34557
Asteraceae,Aphyllocladus,5,1717,34557
Asteraceae,Apodocephala,9,1717,34557
Asteraceae,Apopyros,3,1717,34557
Asteraceae,Aposeris,1,1717,34557
Asteraceae,Apostates,1,1717,34557
Asteraceae,Apowollastonia,2,1717,34557
Asteraceae,Aquilula,1,1717,34557
Asteraceae,Arbelaezaster,1,1717,34557
Asteraceae,Archibaccharis,38,1717,34557
Asteraceae,Arctanthemum,2,1717,34557
Asteraceae,Arctium,30,1717,34557
Asteraceae,Arctogeron,1,1717,34557
Asteraceae,Arctotheca,5,1717,34557
Asteraceae,Arctotis,75,1717,34557
Asteraceae,Argentipallium,5,1717,34557
Asteraceae,Argyranthemum,25,1717,34557
Asteraceae,Argyrautia,1,1717,34557
Asteraceae,Argyroglottis,1,1717,34557
Asteraceae,Argyrotegium,4,1717,34557
Asteraceae,Argyroxiphium,5,1717,34557
Asteraceae,Aristeguietia,20,1717,34557
Asteraceae,Arnaldoa,4,1717,34557
Asteraceae,Arnica,33,1717,34557
Asteraceae,Arnicastrum,2,1717,34557
Asteraceae,Arnoglossum,8,1717,34557
Asteraceae,Arnoseris,1,1717,34557
Asteraceae,Arrhenechthites,8,1717,34557
Asteraceae,Arrojadocharis,2,1717,34557
Asteraceae,Arrowsmithia,12,1717,34557
Asteraceae,Artemisia,522,1717,34557
Asteraceae,Artemisiella,1,1717,34557
Asteraceae,Artemisiopsis,1,1717,34557
Asteraceae,Asanthus,3,1717,34557
Asteraceae,Ascidiogyne,2,1717,34557
Asteraceae,Askellia,11,1717,34557
Asteraceae,Aspilia,106,1717,34557
Asteraceae,Asplundianthus,11,1717,34557
Asteraceae,Astartoseris,1,1717,34557
Asteraceae,Aster,254,1717,34557
Asteraceae,Asteridea,10,1717,34557
Asteraceae,Asteriscus,9,1717,34557
Asteraceae,Asteropsis,1,1717,34557
Asteraceae,Asterothamnus,7,1717,34557
Asteraceae,Astranthium,12,1717,34557
Asteraceae,Athanasia,39,1717,34557
Asteraceae,Athrixia,15,1717,34557
Asteraceae,Athroisma,12,1717,34557
Asteraceae,Atractylis,31,1717,34557
Asteraceae,Atractylodes,8,1717,34557
Asteraceae,Atrichantha,1,1717,34557
Asteraceae,Atrichoseris,1,1717,34557
Asteraceae,Austrobrickellia,3,1717,34557
Asteraceae,Austrocritonia,4,1717,34557
Asteraceae,Austroeupatorium,17,1717,34557
Asteraceae,Austroliabum,1,1717,34557
Asteraceae,Austrosynotis,1,1717,34557
Asteraceae,Avellara,1,1717,34557
Asteraceae,Axiniphyllum,6,1717,34557
Asteraceae,Ayapana,17,1717,34557
Asteraceae,Ayapanopsis,20,1717,34557
Asteraceae,Aylacophora,1,1717,34557
Asteraceae,Aynia,1,1717,34557
Asteraceae,Aztecaster,2,1717,34557
Asteraceae,Baccharis,480,1717,34557
Asteraceae,Baccharoides,25,1717,34557
Asteraceae,Badilloa,11,1717,34557
Asteraceae,Baeriopsis,1,1717,34557
Asteraceae,Bafutia,1,1717,34557
Asteraceae,Bahia,1,1717,34557
Asteraceae,Bahianthus,1,1717,34557
Asteraceae,Bahiopsis,9,1717,34557
Asteraceae,Baileya,3,1717,34557
Asteraceae,Bajacalia,2,1717,34557
Asteraceae,Balduina,3,1717,34557
Asteraceae,Balladonia,2,1717,34557
Asteraceae,Balsamorhiza,15,1717,34557
Asteraceae,Baltimora,2,1717,34557
Asteraceae,Barkleyanthus,1,1717,34557
Asteraceae,Barnadesia,20,1717,34557
Asteraceae,Barroetea,6,1717,34557
Asteraceae,Barrosoa,13,1717,34557
Asteraceae,Bartlettia,1,1717,34557
Asteraceae,Bartlettina,41,1717,34557
Asteraceae,Basedowia,1,1717,34557
Asteraceae,Bathysanthus,1,1717,34557
Asteraceae,Batopilasia,1,1717,34557
Asteraceae,Bebbia,2,1717,34557
Asteraceae,Bechium,3,1717,34557
Asteraceae,Bedfordia,3,1717,34557
Asteraceae,Bejaranoa,2,1717,34557
Asteraceae,Bellida,1,1717,34557
Asteraceae,Bellis,15,1717,34557
Asteraceae,Bellium,4,1717,34557
Asteraceae,Belloa,2,1717,34557
Asteraceae,Benitoa,1,1717,34557
Asteraceae,Berardia,1,1717,34557
Asteraceae,Berkheya,84,1717,34557
Asteraceae,Berlandiera,8,1717,34557
Asteraceae,Berroa,1,1717,34557
Asteraceae,Berylsimpsonia,2,1717,34557
Asteraceae,Bethencourtia,3,1717,34557
Asteraceae,Bidens,246,1717,34557
Asteraceae,Bishopalea,1,1717,34557
Asteraceae,Bishopanthus,1,1717,34557
Asteraceae,Bishopiella,1,1717,34557
Asteraceae,Bishovia,2,1717,34557
Asteraceae,Blainvillea,12,1717,34557
Asteraceae,Blakeanthus,2,1717,34557
Asteraceae,Blakiella,1,1717,34557
Asteraceae,Blanchetia,1,1717,34557
Asteraceae,Blennosperma,4,1717,34557
Asteraceae,Blennospora,3,1717,34557
Asteraceae,Blepharipappus,1,1717,34557
Asteraceae,Blepharispermum,16,1717,34557
Asteraceae,Blepharizonia,2,1717,34557
Asteraceae,Blumea,116,1717,34557
Asteraceae,Blumeopsis,2,1717,34557
Asteraceae,Boeberastrum,3,1717,34557
Asteraceae,Boeberoides,1,1717,34557
Asteraceae,Bolandia,2,1717,34557
Asteraceae,Bolanosa,1,1717,34557
Asteraceae,Boltonia,7,1717,34557
Asteraceae,Bombycilaena,2,1717,34557
Asteraceae,Borrichia,3,1717,34557
Asteraceae,Bothriocline,62,1717,34557
Asteraceae,Brachanthemum,10,1717,34557
Asteraceae,Brachionostylum,1,1717,34557
Asteraceae,Brachyclados,3,1717,34557
Asteraceae,Brachyglottis,34,1717,34557
Asteraceae,Brachylaena,15,1717,34557
Asteraceae,Brachyscome,76,1717,34557
Asteraceae,Brachythrix,7,1717,34557
Asteraceae,Bradburia,2,1717,34557
Asteraceae,Brenandendron,3,1717,34557
Asteraceae,Brickellia,115,1717,34557
Asteraceae,Brickelliastrum,1,1717,34557
Asteraceae,Brocchia,1,1717,34557
Asteraceae,Buphthalmum,3,1717,34557
Asteraceae,Burkartia,1,1717,34557
Asteraceae,Caatinganthus,2,1717,34557
Asteraceae,Cabobanthus,2,1717,34557
Asteraceae,Cabreraea,1,1717,34557
Asteraceae,Cabreriella,2,1717,34557
Asteraceae,Cacaliopsis,1,1717,34557
Asteraceae,Cacosmia,3,1717,34557
Asteraceae,Cadiscus,1,1717,34557
Asteraceae,Caesulia,1,1717,34557
Asteraceae,Calanticaria,4,1717,34557
Asteraceae,Calea,161,1717,34557
Asteraceae,Calendula,13,1717,34557
Asteraceae,Callicephalus,1,1717,34557
Asteraceae,Callilepis,5,1717,34557
Asteraceae,Callistephus,1,1717,34557
Asteraceae,Calocephalus,8,1717,34557
Asteraceae,Calomeria,2,1717,34557
Asteraceae,Calopappus,1,1717,34557
Asteraceae,Calorezia,1,1717,34557
Asteraceae,Calostephane,6,1717,34557
Asteraceae,Calotesta,1,1717,34557
Asteraceae,Calotis,26,1717,34557
Asteraceae,Calycadenia,10,1717,34557
Asteraceae,Calycoseris,2,1717,34557
Asteraceae,Calyptocarpus,6,1717,34557
Asteraceae,Camchaya,9,1717,34557
Asteraceae,Campovassouria,2,1717,34557
Asteraceae,Camptacra,2,1717,34557
Asteraceae,Campuloclinium,15,1717,34557
Asteraceae,Canadanthus,1,1717,34557
Asteraceae,Cancrinia,12,1717,34557
Asteraceae,Cancriniella,1,1717,34557
Asteraceae,Capelio,3,1717,34557
Asteraceae,Caputia,4,1717,34557
Asteraceae,Cardiagyris,10,1717,34557
Asteraceae,Cardopatium,2,1717,34557
Asteraceae,Carduncellus,28,1717,34557
Asteraceae,Carduogalactites,1,1717,34557
Asteraceae,Carduus,137,1717,34557
Asteraceae,Carlina,39,1717,34557
Asteraceae,Carlquistia,1,1717,34557
Asteraceae,Carminatia,4,1717,34557
Asteraceae,Carpesium,25,1717,34557
Asteraceae,Carphephorus,6,1717,34557
Asteraceae,Carphochaete,6,1717,34557
Asteraceae,Carthamus,26,1717,34557
Asteraceae,Cassinia,41,1717,34557
Asteraceae,Castanedia,1,1717,34557
Asteraceae,Castenedia,1,1717,34557
Asteraceae,Castrilanthemum,1,1717,34557
Asteraceae,Castroviejoa,2,1717,34557
Asteraceae,Catamixis,1,1717,34557
Asteraceae,Catananche,5,1717,34557
Asteraceae,Catatia,2,1717,34557
Asteraceae,Catolesia,2,1717,34557
Asteraceae,Caucasalia,4,1717,34557
Asteraceae,Caucasoseris,1,1717,34557
Asteraceae,Cavalcantia,2,1717,34557
Asteraceae,Cavea,1,1717,34557
Asteraceae,Caxamarca,1,1717,34557
Asteraceae,Celmisia,77,1717,34557
Asteraceae,Centaurea,794,1717,34557
Asteraceae,Centaurodendron,2,1717,34557
Asteraceae,Centauropsis,9,1717,34557
Asteraceae,Centaurothamnus,1,1717,34557
Asteraceae,Centenaria,1,1717,34557
Asteraceae,Centipeda,11,1717,34557
Asteraceae,Centrapalus,1,1717,34557
Asteraceae,Centratherum,3,1717,34557
Asteraceae,Centromadia,4,1717,34557
Asteraceae,Cephalipterum,1,1717,34557
Asteraceae,Cephalopappus,1,1717,34557
Asteraceae,Cephalosorus,1,1717,34557
Asteraceae,Ceratogyne,1,1717,34557
Asteraceae,Ceruana,1,1717,34557
Asteraceae,Chacoa,1,1717,34557
Asteraceae,Chaenactis,19,1717,34557
Asteraceae,Chaetadelpha,1,1717,34557
Asteraceae,Chaetanthera,51,1717,34557
Asteraceae,Chaetopappa,12,1717,34557
Asteraceae,Chaetymenia,1,1717,34557
Asteraceae,Chamaechaenactis,1,1717,34557
Asteraceae,Chamaegeron,5,1717,34557
Asteraceae,Chamaemelum,5,1717,34557
Asteraceae,Chamaepus,1,1717,34557
Asteraceae,Chaochienchangia,1,1717,34557
Asteraceae,Chaptalia,49,1717,34557
Asteraceae,Charadranaetes,1,1717,34557
Asteraceae,Chardinia,1,1717,34557
Asteraceae,Cheirolophus,27,1717,34557
Asteraceae,Chersodoma,9,1717,34557
Asteraceae,Chevreulia,8,1717,34557
Asteraceae,Chiliadenus,10,1717,34557
Asteraceae,Chiliocephalum,2,1717,34557
Asteraceae,Chiliophyllum,1,1717,34557
Asteraceae,Chiliotrichiopsis,3,1717,34557
Asteraceae,Chiliotrichum,2,1717,34557
Asteraceae,Chimantaea,9,1717,34557
Asteraceae,Chionolaena,18,1717,34557
Asteraceae,Chionopappus,1,1717,34557
Asteraceae,Chlamydophora,1,1717,34557
Asteraceae,Chloracantha,4,1717,34557
Asteraceae,Chondrilla,29,1717,34557
Asteraceae,Chondropyxis,1,1717,34557
Asteraceae,Chresta,14,1717,34557
Asteraceae,Chromolaena,176,1717,34557
Asteraceae,Chromolepis,1,1717,34557
Asteraceae,Chronopappus,1,1717,34557
Asteraceae,Chrysactinia,6,1717,34557
Asteraceae,Chrysactinium,7,1717,34557
Asteraceae,Chrysanthellum,12,1717,34557
Asteraceae,Chrysanthemoides,2,1717,34557
Asteraceae,Chrysanthemum,72,1717,34557
Asteraceae,Chrysanthoglossum,2,1717,34557
Asteraceae,Chryselium,1,1717,34557
Asteraceae,Chrysocephalum,10,1717,34557
Asteraceae,Chrysocoma,25,1717,34557
Asteraceae,Chrysogonum,3,1717,34557
Asteraceae,Chrysolaena,16,1717,34557
Asteraceae,Chrysoma,1,1717,34557
Asteraceae,Chrysopsis,14,1717,34557
Asteraceae,Chrysothamnus,11,1717,34557
Asteraceae,Chthonocephalus,6,1717,34557
Asteraceae,Chucoa,2,1717,34557
Asteraceae,Chuquiraga,26,1717,34557
Asteraceae,Cicerbita,25,1717,34557
Asteraceae,Ciceronia,1,1717,34557
Asteraceae,Cichorium,7,1717,34557
Asteraceae,Cineraria,46,1717,34557
Asteraceae,Cirsio-carduus,6,1717,34557
Asteraceae,Cirsium,495,1717,34557
Asteraceae,Cissampelopsis,11,1717,34557
Asteraceae,Cladanthus,5,1717,34557
Asteraceae,Cladochaeta,1,1717,34557
Asteraceae,Clappia,1,1717,34557
Asteraceae,Clibadium,40,1717,34557
Asteraceae,Cloiselia,1,1717,34557
Asteraceae,Cnicothamnus,2,1717,34557
Asteraceae,Coleocoma,1,1717,34557
Asteraceae,Coleostephus,3,1717,34557
Asteraceae,Colobanthera,1,1717,34557
Asteraceae,Cololobus,3,1717,34557
Asteraceae,Columbiadoria,1,1717,34557
Asteraceae,Comaclinium,1,1717,34557
Asteraceae,Commidendrum,5,1717,34557
Asteraceae,Condylidium,2,1717,34557
Asteraceae,Condylopodium,6,1717,34557
Asteraceae,Conoclinium,4,1717,34557
Asteraceae,Constancea,1,1717,34557
Asteraceae,Conyza,152,1717,34557
Asteraceae,Conyzigeron,1,1717,34557
Asteraceae,Cordiofontis,5,1717,34557
Asteraceae,Coreocarpus,6,1717,34557
Asteraceae,Coreopsis,100,1717,34557
Asteraceae,Corethamnium,1,1717,34557
Asteraceae,Corethrogyne,2,1717,34557
Asteraceae,Coronidium,20,1717,34557
Asteraceae,Corymbium,12,1717,34557
Asteraceae,Cosmos,38,1717,34557
Asteraceae,Cota,26,1717,34557
Asteraceae,Cotula,65,1717,34557
Asteraceae,Coulterella,1,1717,34557
Asteraceae,Cousinia,709,1717,34557
Asteraceae,Cousiniopsis,1,1717,34557
Asteraceae,Craspedia,25,1717,34557
Asteraceae,Crassocephalum,26,1717,34557
Asteraceae,Crassothonna,13,1717,34557
Asteraceae,Cratystylis,4,1717,34557
Asteraceae,Cremanthodium,76,1717,34557
Asteraceae,Cremnothamnus,1,1717,34557
Asteraceae,Crepidiastrum,22,1717,34557
Asteraceae,Crepis,219,1717,34557
Asteraceae,Criscia,1,1717,34557
Asteraceae,Critonia,43,1717,34557
Asteraceae,Critoniadelphus,2,1717,34557
Asteraceae,Critoniella,6,1717,34557
Asteraceae,Critoniopsis,68,1717,34557
Asteraceae,Crocidium,2,1717,34557
Asteraceae,Cronquistia,1,1717,34557
Asteraceae,Cronquistianthus,29,1717,34557
Asteraceae,Croptilon,3,1717,34557
Asteraceae,Crossostephium,2,1717,34557
Asteraceae,Crossothamnus,4,1717,34557
Asteraceae,Crupina,5,1717,34557
Asteraceae,Cuatrecasanthus,6,1717,34557
Asteraceae,Cuatrecasasiella,2,1717,34557
Asteraceae,Culcitium,9,1717,34557
Asteraceae,Cullumia,18,1717,34557
Asteraceae,Cuniculotinus,1,1717,34557
Asteraceae,Curio,5,1717,34557
Asteraceae,Cuspidia,1,1717,34557
Asteraceae,Cyanthillium,9,1717,34557
Asteraceae,Cyathocline,4,1717,34557
Asteraceae,Cyathomone,1,1717,34557
Asteraceae,Cyclolepis,1,1717,34557
Asteraceae,Cylindrocline,2,1717,34557
Asteraceae,Cymbonotus,3,1717,34557
Asteraceae,Cymbopappus,3,1717,34557
Asteraceae,Cymophora,5,1717,34557
Asteraceae,Cynara,12,1717,34557
Asteraceae,Cyrtocymura,7,1717,34557
Asteraceae,Dacryotrichia,1,1717,34557
Asteraceae,Dahlia,40,1717,34557
Asteraceae,Damnamenia,1,1717,34557
Asteraceae,Damnxanthodium,1,1717,34557
Asteraceae,Dasyandantha,1,1717,34557
Asteraceae,Dasyanthina,3,1717,34557
Asteraceae,Dasycondylus,8,1717,34557
Asteraceae,Dasyphyllum,40,1717,34557
Asteraceae,Dauresia,1,1717,34557
Asteraceae,Daveaua,1,1717,34557
Asteraceae,Davilanthus,7,1717,34557
Asteraceae,Decachaeta,9,1717,34557
Asteraceae,Decaneuropsis,12,1717,34557
Asteraceae,Decastylocarpus,1,1717,34557
Asteraceae,Decazesia,1,1717,34557
Asteraceae,Deinandra,22,1717,34557
Asteraceae,Delairea,2,1717,34557
Asteraceae,Delamerea,1,1717,34557
Asteraceae,Delilia,2,1717,34557
Asteraceae,Delwiensia,1,1717,34557
Asteraceae,Dendrocacalia,3,1717,34557
Asteraceae,Dendrophorbium,60,1717,34557
Asteraceae,Dendrosenecio,9,1717,34557
Asteraceae,Denekia,1,1717,34557
Asteraceae,Desmanthodium,8,1717,34557
Asteraceae,Dewildemania,7,1717,34557
Asteraceae,Diacranthera,3,1717,34557
Asteraceae,Diaperia,4,1717,34557
Asteraceae,Diaphractanthus,1,1717,34557
Asteraceae,Dicercoclados,1,1717,34557
Asteraceae,Dicerothamnus,2,1717,34557
Asteraceae,Dichaetophora,1,1717,34557
Asteraceae,Dichrocephala,4,1717,34557
Asteraceae,Dichromochlamys,1,1717,34557
Asteraceae,Dicoma,41,1717,34557
Asteraceae,Dicoria,3,1717,34557
Asteraceae,Dicranocarpus,1,1717,34557
Asteraceae,Didelta,2,1717,34557
Asteraceae,Dielitzia,1,1717,34557
Asteraceae,Dieteria,3,1717,34557
Asteraceae,Digitacalia,5,1717,34557
Asteraceae,Dillandia,2,1717,34557
Asteraceae,Dimeresia,1,1717,34557
Asteraceae,Dimerostemma,29,1717,34557
Asteraceae,Dimorphocoma,1,1717,34557
Asteraceae,Dimorphotheca,22,1717,34557
Asteraceae,Dinoseris,1,1717,34557
Asteraceae,Diodontium,1,1717,34557
Asteraceae,Diplostephium,113,1717,34557
Asteraceae,Dipterocome,1,1717,34557
Asteraceae,Dipterocypsela,1,1717,34557
Asteraceae,Disparago,10,1717,34557
Asteraceae,Dissothrix,2,1717,34557
Asteraceae,Distephanus,44,1717,34557
Asteraceae,Disynaphia,16,1717,34557
Asteraceae,Dithyrostegia,2,1717,34557
Asteraceae,Dittrichia,2,1717,34557
Asteraceae,Doellia,1,1717,34557
Asteraceae,Doellingeria,3,1717,34557
Asteraceae,Dolichlasium,1,1717,34557
Asteraceae,Dolichoglottis,2,1717,34557
Asteraceae,Dolichorrhiza,4,1717,34557
Asteraceae,Dolichothrix,1,1717,34557
Asteraceae,Dolomiaea,17,1717,34557
Asteraceae,Doniophyton,2,1717,34557
Asteraceae,Dorobaea,3,1717,34557
Asteraceae,Doronicum,41,1717,34557
Asteraceae,Dresslerothamnus,2,1717,34557
Asteraceae,Dubautia,33,1717,34557
Asteraceae,Dubyaea,12,1717,34557
Asteraceae,Dugesia,1,1717,34557
Asteraceae,Duhaldea,12,1717,34557
Asteraceae,Duidaea,4,1717,34557
Asteraceae,Duseniella,1,1717,34557
Asteraceae,Dymondia,1,1717,34557
Asteraceae,Dyscritogyne,2,1717,34557
Asteraceae,Dyscritothamnus,2,1717,34557
Asteraceae,Dysodiopsis,1,1717,34557
Asteraceae,Dyssodia,4,1717,34557
Asteraceae,Eastwoodia,1,1717,34557
Asteraceae,Eatonella,1,1717,34557
Asteraceae,Echinacea,10,1717,34557
Asteraceae,Echinocoryne,7,1717,34557
Asteraceae,Echinops,194,1717,34557
Asteraceae,Eclipta,9,1717,34557
Asteraceae,Edmondia,3,1717,34557
Asteraceae,Egletes,10,1717,34557
Asteraceae,Eirmocephala,3,1717,34557
Asteraceae,Eitenia,2,1717,34557
Asteraceae,Ekmania,1,1717,34557
Asteraceae,Ekmaniopappus,1,1717,34557
Asteraceae,Elachanthemum,1,1717,34557
Asteraceae,Elachanthus,1,1717,34557
Asteraceae,Elaphandra,14,1717,34557
Asteraceae,Electranthera,1,1717,34557
Asteraceae,Elekmania,1,1717,34557
Asteraceae,Elephantopus,29,1717,34557
Asteraceae,Eleutheranthera,3,1717,34557
Asteraceae,Ellenbergia,1,1717,34557
Asteraceae,Elytropappus,5,1717,34557
Asteraceae,Emilia,121,1717,34557
Asteraceae,Emiliella,6,1717,34557
Asteraceae,Encelia,22,1717,34557
Asteraceae,Enceliopsis,3,1717,34557
Asteraceae,Endocellion,1,1717,34557
Asteraceae,Endopappus,1,1717,34557
Asteraceae,Engelmannia,2,1717,34557
Asteraceae,Engleria,2,1717,34557
Asteraceae,Enydra,5,1717,34557
Asteraceae,Epaltes,10,1717,34557
Asteraceae,Ephedrides,1,1717,34557
Asteraceae,Epilasia,4,1717,34557
Asteraceae,Epitriche,1,1717,34557
Asteraceae,Erato,4,1717,34557
Asteraceae,Erechtites,21,1717,34557
Asteraceae,Eremanthus,33,1717,34557
Asteraceae,Eremosis,21,1717,34557
Asteraceae,Eremothamnus,1,1717,34557
Asteraceae,Eriachaenium,1,1717,34557
Asteraceae,Ericameria,38,1717,34557
Asteraceae,Erigeron,451,1717,34557
Asteraceae,Eriocephalus,36,1717,34557
Asteraceae,Eriochlamys,4,1717,34557
Asteraceae,Eriophyllum,14,1717,34557
Asteraceae,Eriotrix,2,1717,34557
Asteraceae,Erlangea,18,1717,34557
Asteraceae,Erodiophyllum,2,1717,34557
Asteraceae,Erymophyllum,5,1717,34557
Asteraceae,Erythradenia,1,1717,34557
Asteraceae,Erythrocephalum,15,1717,34557
Asteraceae,Erythroseris,2,1717,34557
Asteraceae,Eschenbachia,9,1717,34557
Asteraceae,Espejoa,1,1717,34557
Asteraceae,Espeletia,154,1717,34557
Asteraceae,Ethulia,19,1717,34557
Asteraceae,Eucephalus,10,1717,34557
Asteraceae,Euchiton,17,1717,34557
Asteraceae,Eumorphia,6,1717,34557
Asteraceae,Eupatoriastrum,7,1717,34557
Asteraceae,Eupatorina,2,1717,34557
Asteraceae,Eupatoriopsis,1,1717,34557
Asteraceae,Eupatorium,117,1717,34557
Asteraceae,Euphrosyne,4,1717,34557
Asteraceae,Eurybia,24,1717,34557
Asteraceae,Eurydochus,1,1717,34557
Asteraceae,Euryops,104,1717,34557
Asteraceae,Eutetras,2,1717,34557
Asteraceae,Euthamia,13,1717,34557
Asteraceae,Eutrochium,5,1717,34557
Asteraceae,Ewartia,5,1717,34557
Asteraceae,Exomiocarpon,1,1717,34557
Asteraceae,Exostigma,2,1717,34557
Asteraceae,Faberia,9,1717,34557
Asteraceae,Facelis,3,1717,34557
Asteraceae,Famatinanthus,1,1717,34557
Asteraceae,Farfugium,2,1717,34557
Asteraceae,Faujasia,5,1717,34557
Asteraceae,Faujasiopsis,2,1717,34557
Asteraceae,Faxonia,1,1717,34557
Asteraceae,Feddea,1,1717,34557
Asteraceae,Feldstonia,1,1717,34557
Asteraceae,Felicia,89,1717,34557
Asteraceae,Femeniasia,1,1717,34557
Asteraceae,Fenixia,1,1717,34557
Asteraceae,Ferreyranthus,8,1717,34557
Asteraceae,Ferreyrella,2,1717,34557
Asteraceae,Filago,52,1717,34557
Asteraceae,Filfia,1,1717,34557
Asteraceae,Filifolium,1,1717,34557
Asteraceae,Fitchia,7,1717,34557
Asteraceae,Fitzwillia,1,1717,34557
Asteraceae,Flaveria,21,1717,34557
Asteraceae,Fleischmannia,106,1717,34557
Asteraceae,Fleischmanniopsis,5,1717,34557
Asteraceae,Florestina,8,1717,34557
Asteraceae,Floscaldasia,2,1717,34557
Asteraceae,Flosmutisia,1,1717,34557
Asteraceae,Flourensia,33,1717,34557
Asteraceae,Fluminaria,1,1717,34557
Asteraceae,Flyriella,6,1717,34557
Asteraceae,Formania,1,1717,34557
Asteraceae,Foveolina,5,1717,34557
Asteraceae,Freya,1,1717,34557
Asteraceae,Fulcaldea,2,1717,34557
Asteraceae,Gaillardia,23,1717,34557
Asteraceae,Galactites,5,1717,34557
Asteraceae,Galatella,36,1717,34557
Asteraceae,Galeana,2,1717,34557
Asteraceae,Galeomma,2,1717,34557
Asteraceae,Galinsoga,15,1717,34557
Asteraceae,Gamochaeta,61,1717,34557
Asteraceae,Garberia,1,1717,34557
Asteraceae,Garcibarrigoa,2,1717,34557
Asteraceae,Gardnerina,1,1717,34557
Asteraceae,Garhadiolus,3,1717,34557
Asteraceae,Garuleum,8,1717,34557
Asteraceae,Gazania,20,1717,34557
Asteraceae,Geigeria,31,1717,34557
Asteraceae,Geissolepis,2,1717,34557
Asteraceae,Gelasia,44,1717,34557
Asteraceae,Geothamnus,1,1717,34557
Asteraceae,Geraea,2,1717,34557
Asteraceae,Gerbera,38,1717,34557
Asteraceae,Geropogon,1,1717,34557
Asteraceae,Gibbaria,1,1717,34557
Asteraceae,Gilberta,1,1717,34557
Asteraceae,Gilruthia,1,1717,34557
Asteraceae,Gladiopappus,1,1717,34557
Asteraceae,Glebionis,2,1717,34557
Asteraceae,Glossarion,2,1717,34557
Asteraceae,Glossocardia,12,1717,34557
Asteraceae,Glossopappus,1,1717,34557
Asteraceae,Glyptopleura,2,1717,34557
Asteraceae,Gnaphaliothamnus,9,1717,34557
Asteraceae,Gnaphalium,116,1717,34557
Asteraceae,Gnephosis,14,1717,34557
Asteraceae,Gnomophalium,1,1717,34557
Asteraceae,Gochnatia,54,1717,34557
Asteraceae,Goldmanella,1,1717,34557
Asteraceae,Gongrostylus,2,1717,34557
Asteraceae,Gongylolepis,15,1717,34557
Asteraceae,Goniocaulon,1,1717,34557
Asteraceae,Gonospermum,6,1717,34557
Asteraceae,Gorceixia,1,1717,34557
Asteraceae,Gorteria,4,1717,34557
Asteraceae,Goyazianthus,1,1717,34557
Asteraceae,Grangea,8,1717,34557
Asteraceae,Grangeopsis,1,1717,34557
Asteraceae,Graphistylis,9,1717,34557
Asteraceae,Gratwickia,1,1717,34557
Asteraceae,Grauanthus,2,1717,34557
Asteraceae,Grazielia,11,1717,34557
Asteraceae,Greenmaniella,1,1717,34557
Asteraceae,Griersonia,3,1717,34557
Asteraceae,Grindelia,68,1717,34557
Asteraceae,Grisebachianthus,8,1717,34557
Asteraceae,Grosvenoria,7,1717,34557
Asteraceae,Guardiola,15,1717,34557
Asteraceae,Guayania,6,1717,34557
Asteraceae,Guevaria,5,1717,34557
Asteraceae,Guizotia,10,1717,34557
Asteraceae,Gundelia,18,1717,34557
Asteraceae,Gundlachia,7,1717,34557
Asteraceae,Gutenbergia,28,1717,34557
Asteraceae,Gutierrezia,31,1717,34557
Asteraceae,Guynesomia,1,1717,34557
Asteraceae,Gymnanthemum,41,1717,34557
Asteraceae,Gymnarrhena,1,1717,34557
Asteraceae,Gymnocondylus,1,1717,34557
Asteraceae,Gymnocoronis,4,1717,34557
Asteraceae,Gymnodiscus,3,1717,34557
Asteraceae,Gymnolaena,3,1717,34557
Asteraceae,Gymnopentzia,1,1717,34557
Asteraceae,Gymnosperma,1,1717,34557
Asteraceae,Gymnostephium,8,1717,34557
Asteraceae,Gynoxys,124,1717,34557
Asteraceae,Gynura,56,1717,34557
Asteraceae,Gypothamnium,1,1717,34557
Asteraceae,Gyptidium,2,1717,34557
Asteraceae,Gyptis,8,1717,34557
Asteraceae,Gyrodoma,1,1717,34557
Asteraceae,Haastia,5,1717,34557
Asteraceae,Haeckeria,4,1717,34557
Asteraceae,Haegiela,1,1717,34557
Asteraceae,Hainanecio,1,1717,34557
Asteraceae,Handelia,1,1717,34557
Asteraceae,Haplocarpha,10,1717,34557
Asteraceae,Haploesthes,3,1717,34557
Asteraceae,Haplopappus,74,1717,34557
Asteraceae,Haptotrichion,2,1717,34557
Asteraceae,Harleya,1,1717,34557
Asteraceae,Harmonia,5,1717,34557
Asteraceae,Harnackia,1,1717,34557
Asteraceae,Haroldia,1,1717,34557
Asteraceae,Hartwrightia,1,1717,34557
Asteraceae,Hasteola,2,1717,34557
Asteraceae,Hatschbachiella,2,1717,34557
Asteraceae,Hazardia,10,1717,34557
Asteraceae,Hebeclinium,28,1717,34557
Asteraceae,Hecastocleis,1,1717,34557
Asteraceae,Hedosyne,1,1717,34557
Asteraceae,Hedypnois,5,1717,34557
Asteraceae,Helenium,39,1717,34557
Asteraceae,Helianthella,10,1717,34557
Asteraceae,Helianthus,78,1717,34557
Asteraceae,Helichrysopsis,1,1717,34557
Asteraceae,Helichrysum,580,1717,34557
Asteraceae,Heliocauta,1,1717,34557
Asteraceae,Heliomeris,7,1717,34557
Asteraceae,Heliopsis,15,1717,34557
Asteraceae,Helminthotheca,10,1717,34557
Asteraceae,Helodeaster,3,1717,34557
Asteraceae,Helogyne,8,1717,34557
Asteraceae,Hemizonella,1,1717,34557
Asteraceae,Hemizonia,1,1717,34557
Asteraceae,Henricksonia,1,1717,34557
Asteraceae,Heptanthus,6,1717,34557
Asteraceae,Herderia,1,1717,34557
Asteraceae,Herodotia,1,1717,34557
Asteraceae,Herrickia,4,1717,34557
Asteraceae,Hertia,10,1717,34557
Asteraceae,Hesperevax,3,1717,34557
Asteraceae,Hesperomannia,4,1717,34557
Asteraceae,Heteracia,1,1717,34557
Asteraceae,Heteranthemis,2,1717,34557
Asteraceae,Heterocoma,1,1717,34557
Asteraceae,Heterocondylus,14,1717,34557
Asteraceae,Heterocypsela,1,1717,34557
Asteraceae,Heteroderis,1,1717,34557
Asteraceae,Heterolepis,4,1717,34557
Asteraceae,Heteromera,2,1717,34557
Asteraceae,Heteromma,3,1717,34557
Asteraceae,Heteropappus,12,1717,34557
Asteraceae,Heteroplexis,2,1717,34557
Asteraceae,Heterorhachis,2,1717,34557
Asteraceae,Heterosperma,8,1717,34557
Asteraceae,Heterotheca,28,1717,34557
Asteraceae,Hidalgoa,3,1717,34557
Asteraceae,Hieracium,3235,1717,34557
Asteraceae,Hilliardia,1,1717,34557
Asteraceae,Hilliardiella,11,1717,34557
Asteraceae,Himalaiella,14,1717,34557
Asteraceae,Hinterhubera,8,1717,34557
Asteraceae,Hippia,8,1717,34557
Asteraceae,Hippolytia,16,1717,34557
Asteraceae,Hirpicium,13,1717,34557
Asteraceae,Hispidella,1,1717,34557
Asteraceae,Hoehnephytum,3,1717,34557
Asteraceae,Hoffmanniella,1,1717,34557
Asteraceae,Hofmeisteria,12,1717,34557
Asteraceae,Holocarpha,4,1717,34557
Asteraceae,Holocheilus,7,1717,34557
Asteraceae,Hololeion,3,1717,34557
Asteraceae,Hololepis,2,1717,34557
Asteraceae,Holoschkuhria,2,1717,34557
Asteraceae,Holozonia,1,1717,34557
Asteraceae,Homogyne,2,1717,34557
Asteraceae,Hoplophyllum,2,1717,34557
Asteraceae,Huarpea,1,1717,34557
Asteraceae,Huberopappus,1,1717,34557
Asteraceae,Hubertia,22,1717,34557
Asteraceae,Hughesia,1,1717,34557
Asteraceae,Hullsia,1,1717,34557
Asteraceae,Hulsea,7,1717,34557
Asteraceae,Humbertacalia,8,1717,34557
Asteraceae,Humeocline,1,1717,34557
Asteraceae,Hyalis,2,1717,34557
Asteraceae,Hyalochlamys,1,1717,34557
Asteraceae,Hyaloseris,10,1717,34557
Asteraceae,Hyalosperma,9,1717,34557
Asteraceae,Hybridella,1,1717,34557
Asteraceae,Hydroidea,1,1717,34557
Asteraceae,Hydropectis,3,1717,34557
Asteraceae,Hymenolepis,7,1717,34557
Asteraceae,Hymenonema,3,1717,34557
Asteraceae,Hymenopappus,14,1717,34557
Asteraceae,Hymenostemma,1,1717,34557
Asteraceae,Hymenostephium,11,1717,34557
Asteraceae,Hymenothrix,12,1717,34557
Asteraceae,Hymenoxys,32,1717,34557
Asteraceae,Hyoseris,6,1717,34557
Asteraceae,Hypericophyllum,11,1717,34557
Asteraceae,Hypochaeris,68,1717,34557
Asteraceae,Hysterionica,13,1717,34557
Asteraceae,Hystrichophora,1,1717,34557
Asteraceae,Ianthopappus,1,1717,34557
Asteraceae,Ichthyothere,27,1717,34557
Asteraceae,Idiopappus,1,1717,34557
Asteraceae,Idiothamnus,4,1717,34557
Asteraceae,Ifloga,16,1717,34557
Asteraceae,Iltisia,2,1717,34557
Asteraceae,Imeria,2,1717,34557
Asteraceae,Indocypraea,1,1717,34557
Asteraceae,Inezia,2,1717,34557
Asteraceae,Inkaliabum,1,1717,34557
Asteraceae,Inula,118,1717,34557
Asteraceae,Inulanthera,10,1717,34557
Asteraceae,Inuloides,1,1717,34557
Asteraceae,Inulopsis,4,1717,34557
Asteraceae,Io,1,1717,34557
Asteraceae,Iocenes,1,1717,34557
Asteraceae,Iodocephalopsis,1,1717,34557
Asteraceae,Iodocephalus,1,1717,34557
Asteraceae,Ionactis,6,1717,34557
Asteraceae,Iostephane,4,1717,34557
Asteraceae,Iotasperma,2,1717,34557
Asteraceae,Iphiona,9,1717,34557
Asteraceae,Iphionopsis,3,1717,34557
Asteraceae,Iranecio,16,1717,34557
Asteraceae,Iranoaster,1,1717,34557
Asteraceae,Irwinia,1,1717,34557
Asteraceae,Ischnea,5,1717,34557
Asteraceae,Ismelia,1,1717,34557
Asteraceae,Isocarpha,5,1717,34557
Asteraceae,Isocoma,15,1717,34557
Asteraceae,Isoetopsis,1,1717,34557
Asteraceae,Isostigma,15,1717,34557
Asteraceae,Iteroloba,1,1717,34557
Asteraceae,Iva,10,1717,34557
Asteraceae,Ixeridium,18,1717,34557
Asteraceae,Ixeris,17,1717,34557
Asteraceae,Ixiochlamys,4,1717,34557
Asteraceae,Ixiolaena,1,1717,34557
Asteraceae,Ixodia,2,1717,34557
Asteraceae,Jacmaia,1,1717,34557
Asteraceae,Jacobaea,57,1717,34557
Asteraceae,Jaegeria,10,1717,34557
Asteraceae,Jalcophila,4,1717,34557
Asteraceae,Jaliscoa,3,1717,34557
Asteraceae,Jamesianthus,1,1717,34557
Asteraceae,Japonicalia,2,1717,34557
Asteraceae,Jaramilloa,2,1717,34557
Asteraceae,Jasonia,3,1717,34557
Asteraceae,Jaumea,7,1717,34557
Asteraceae,Jefea,5,1717,34557
Asteraceae,Jeffreya,2,1717,34557
Asteraceae,Jensia,2,1717,34557
Asteraceae,Jessea,4,1717,34557
Asteraceae,Joseanthus,5,1717,34557
Asteraceae,Jungia,33,1717,34557
Asteraceae,Jurinea,211,1717,34557
Asteraceae,Kalimeris,16,1717,34557
Asteraceae,Karelinia,1,1717,34557
Asteraceae,Karvandarina,1,1717,34557
Asteraceae,Kaschgaria,2,1717,34557
Asteraceae,Katinasia,1,1717,34557
Asteraceae,Kaunia,12,1717,34557
Asteraceae,Kemulariella,6,1717,34557
Asteraceae,Keysseria,7,1717,34557
Asteraceae,Kieslingia,1,1717,34557
Asteraceae,Kinghamia,6,1717,34557
Asteraceae,Kingianthus,2,1717,34557
Asteraceae,Kippistia,1,1717,34557
Asteraceae,Kitamuria,1,1717,34557
Asteraceae,Klasea,35,1717,34557
Asteraceae,Kleinia,59,1717,34557
Asteraceae,Koanophyllon,139,1717,34557
Asteraceae,Koehneola,1,1717,34557
Asteraceae,Koelpinia,6,1717,34557
Asteraceae,Koyamasia,2,1717,34557
Asteraceae,Krigia,9,1717,34557
Asteraceae,Kyhosia,1,1717,34557
Asteraceae,Kyrsteniopsis,4,1717,34557
Asteraceae,Lachnophyllum,2,1717,34557
Asteraceae,Lachnorhiza,2,1717,34557
Asteraceae,Lachnospermum,4,1717,34557
Asteraceae,Lactuca,121,1717,34557
Asteraceae,Laennecia,16,1717,34557
Asteraceae,Laestadia,5,1717,34557
Asteraceae,Lagascea,11,1717,34557
Asteraceae,Lagenocypsela,2,1717,34557
Asteraceae,Lagenophora,18,1717,34557
Asteraceae,Laggera,13,1717,34557
Asteraceae,Lagophylla,5,1717,34557
Asteraceae,Lagoseriopsis,1,1717,34557
Asteraceae,Lamprocephalus,1,1717,34557
Asteraceae,Lampropappus,3,1717,34557
Asteraceae,Lamyropappus,1,1717,34557
Asteraceae,Lamyropsis,5,1717,34557
Asteraceae,Landerolaria,10,1717,34557
Asteraceae,Langebergia,1,1717,34557
Asteraceae,Lantanopsis,2,1717,34557
Asteraceae,Laphangium,3,1717,34557
Asteraceae,Lapidia,1,1717,34557
Asteraceae,Lapsana,1,1717,34557
Asteraceae,Lapsanastrum,4,1717,34557
Asteraceae,Lasianthaea,16,1717,34557
Asteraceae,Lasiolaena,7,1717,34557
Asteraceae,Lasiopogon,9,1717,34557
Asteraceae,Lasiospermum,4,1717,34557
Asteraceae,Lasthenia,20,1717,34557
Asteraceae,Launaea,57,1717,34557
Asteraceae,Lawrencella,2,1717,34557
Asteraceae,Layia,16,1717,34557
Asteraceae,Lecocarpus,3,1717,34557
Asteraceae,Leibnitzia,7,1717,34557
Asteraceae,Leiocarpa,9,1717,34557
Asteraceae,Lemooria,1,1717,34557
Asteraceae,Leonis,1,1717,34557
Asteraceae,Leontodon,50,1717,34557
Asteraceae,Leontopodium,63,1717,34557
Asteraceae,Lepidaploa,152,1717,34557
Asteraceae,Lepidesmia,1,1717,34557
Asteraceae,Lepidolopha,8,1717,34557
Asteraceae,Lepidolopsis,3,1717,34557
Asteraceae,Lepidonia,8,1717,34557
Asteraceae,Lepidophorum,1,1717,34557
Asteraceae,Lepidophyllum,1,1717,34557
Asteraceae,Lepidospartum,3,1717,34557
Asteraceae,Lepidostephium,2,1717,34557
Asteraceae,Leptinella,34,1717,34557
Asteraceae,Leptocarpha,1,1717,34557
Asteraceae,Leptoclinium,2,1717,34557
Asteraceae,Leptorhynchos,8,1717,34557
Asteraceae,Leptostelma,7,1717,34557
Asteraceae,Lessingia,12,1717,34557
Asteraceae,Lessingianthus,142,1717,34557
Asteraceae,Leto,1,1717,34557
Asteraceae,Leucactinia,1,1717,34557
Asteraceae,Leucanthemella,2,1717,34557
Asteraceae,Leucanthemopsis,7,1717,34557
Asteraceae,Leucanthemum,47,1717,34557
Asteraceae,Leucheria,49,1717,34557
Asteraceae,Leucochrysum,6,1717,34557
Asteraceae,Leucogenes,5,1717,34557
Asteraceae,Leucomeris,2,1717,34557
Asteraceae,Leucophyta,1,1717,34557
Asteraceae,Leucoptera,3,1717,34557
Asteraceae,Leucosyris,9,1717,34557
Asteraceae,Leunisia,1,1717,34557
Asteraceae,Leuzea,25,1717,34557
Asteraceae,Leysera,5,1717,34557
Asteraceae,Liabellum,1,1717,34557
Asteraceae,Liabum,24,1717,34557
Asteraceae,Liatris,61,1717,34557
Asteraceae,Lidbeckia,2,1717,34557
Asteraceae,Lifago,1,1717,34557
Asteraceae,Ligularia,152,1717,34557
Asteraceae,Ligulariopsis,1,1717,34557
Asteraceae,Lihengia,2,1717,34557
Asteraceae,Limbarda,2,1717,34557
Asteraceae,Lindheimera,2,1717,34557
Asteraceae,Linealia,1,1717,34557
Asteraceae,Linochilus,1,1717,34557
Asteraceae,Linzia,10,1717,34557
Asteraceae,Lipoblepharis,2,1717,34557
Asteraceae,Lipochaeta,12,1717,34557
Asteraceae,Lipschitzia,1,1717,34557
Asteraceae,Litogyne,1,1717,34557
Asteraceae,Litothamnus,2,1717,34557
Asteraceae,Litrisa,1,1717,34557
Asteraceae,Llerasia,12,1717,34557
Asteraceae,Logfia,7,1717,34557
Asteraceae,Lomanthus,1,1717,34557
Asteraceae,Lomatozona,4,1717,34557
Asteraceae,Lonas,1,1717,34557
Asteraceae,Lopholaena,16,1717,34557
Asteraceae,Lophopappus,4,1717,34557
Asteraceae,Lorandersonia,6,1717,34557
Asteraceae,Lordhowea,1,1717,34557
Asteraceae,Lorentzianthus,1,1717,34557
Asteraceae,Loricaria,20,1717,34557
Asteraceae,Lourteigia,12,1717,34557
Asteraceae,Lowryanthus,1,1717,34557
Asteraceae,Loxothysanus,2,1717,34557
Asteraceae,Lucilia,9,1717,34557
Asteraceae,Luina,2,1717,34557
Asteraceae,Lulia,1,1717,34557
Asteraceae,Lundellianthus,8,1717,34557
Asteraceae,Lycapsus,1,1717,34557
Asteraceae,Lychnophora,34,1717,34557
Asteraceae,Lychnophorella,11,1717,34557
Asteraceae,Lychnophoriopsis,4,1717,34557
Asteraceae,Lycoseris,12,1717,34557
Asteraceae,Lygodesmia,5,1717,34557
Asteraceae,Machaeranthera,18,1717,34557
Asteraceae,Macledium,18,1717,34557
Asteraceae,Macrachaenium,1,1717,34557
Asteraceae,Macraea,1,1717,34557
Asteraceae,Macropodina,3,1717,34557
Asteraceae,Macvaughiella,2,1717,34557
Asteraceae,Madagaster,5,1717,34557
Asteraceae,Madia,14,1717,34557
Asteraceae,Mairia,4,1717,34557
Asteraceae,Malacothrix,20,1717,34557
Asteraceae,Malmeanthus,3,1717,34557
Asteraceae,Malperia,1,1717,34557
Asteraceae,Mantisalca,5,1717,34557
Asteraceae,Manyonia,1,1717,34557
Asteraceae,Marasmodes,5,1717,34557
Asteraceae,Marshallia,12,1717,34557
Asteraceae,Marshalljohnstonia,1,1717,34557
Asteraceae,Marticorenia,1,1717,34557
Asteraceae,Matricaria,23,1717,34557
Asteraceae,Mattfeldanthus,2,1717,34557
Asteraceae,Matudina,1,1717,34557
Asteraceae,Mauranthemum,5,1717,34557
Asteraceae,Mausolea,1,1717,34557
Asteraceae,Mecomischus,2,1717,34557
Asteraceae,Medranoa,5,1717,34557
Asteraceae,Melampodium,42,1717,34557
Asteraceae,Melanoseris,36,1717,34557
Asteraceae,Melanthera,31,1717,34557
Asteraceae,Merrittia,1,1717,34557
Asteraceae,Mesanthophora,2,1717,34557
Asteraceae,Mesogramma,1,1717,34557
Asteraceae,Mesoneuris,1,1717,34557
Asteraceae,Metalasia,58,1717,34557
Asteraceae,Metamyriactis,6,1717,34557
Asteraceae,Mexerion,1,1717,34557
Asteraceae,Mexianthus,1,1717,34557
Asteraceae,Micractis,3,1717,34557
Asteraceae,Microcephala,5,1717,34557
Asteraceae,Microglossa,10,1717,34557
Asteraceae,Microgyne,2,1717,34557
Asteraceae,Microliabum,5,1717,34557
Asteraceae,Micropsis,5,1717,34557
Asteraceae,Micropus,4,1717,34557
Asteraceae,Microseris,16,1717,34557
Asteraceae,Microspermum,9,1717,34557
Asteraceae,Mikania,456,1717,34557
Asteraceae,Mikaniopsis,15,1717,34557
Asteraceae,Milleria,2,1717,34557
Asteraceae,Millotia,15,1717,34557
Asteraceae,Minasia,8,1717,34557
Asteraceae,Minuria,13,1717,34557
Asteraceae,Miricacalia,1,1717,34557
Asteraceae,Misbrookea,1,1717,34557
Asteraceae,Mixtecalia,1,1717,34557
Asteraceae,Miyamayomena,5,1717,34557
Asteraceae,Mniodes,21,1717,34557
Asteraceae,Mojiangia,1,1717,34557
Asteraceae,Monactis,6,1717,34557
Asteraceae,Monarrhenus,1,1717,34557
Asteraceae,Monoculus,2,1717,34557
Asteraceae,Monogereion,1,1717,34557
Asteraceae,Monolopia,5,1717,34557
Asteraceae,Monoptilon,2,1717,34557
Asteraceae,Monosis,7,1717,34557
Asteraceae,Montanoa,29,1717,34557
Asteraceae,Monticalia,8,1717,34557
Asteraceae,Moonia,5,1717,34557
Asteraceae,Moquinia,1,1717,34557
Asteraceae,Moquiniastrum,20,1717,34557
Asteraceae,Morithamnus,2,1717,34557
Asteraceae,Moscharia,2,1717,34557
Asteraceae,Msuata,1,1717,34557
Asteraceae,Mtonia,1,1717,34557
Asteraceae,Muellerolaria,2,1717,34557
Asteraceae,Munnozia,38,1717,34557
Asteraceae,Munzothamnus,1,1717,34557
Asteraceae,Muschleria,1,1717,34557
Asteraceae,Muscosomorphe,1,1717,34557
Asteraceae,Musilia,1,1717,34557
Asteraceae,Mutisia,62,1717,34557
Asteraceae,Myanmaria,1,1717,34557
Asteraceae,Myopordon,5,1717,34557
Asteraceae,Myriactis,16,1717,34557
Asteraceae,Myriocephalus,13,1717,34557
Asteraceae,Myrovernix,6,1717,34557
Asteraceae,Myxopappus,2,1717,34557
Asteraceae,Nabalus,18,1717,34557
Asteraceae,Nananthea,1,1717,34557
Asteraceae,Nannoglottis,5,1717,34557
Asteraceae,Nanothamnus,1,1717,34557
Asteraceae,Nardophyllum,5,1717,34557
Asteraceae,Narvalina,1,1717,34557
Asteraceae,Nassauvia,43,1717,34557
Asteraceae,Neblinaea,1,1717,34557
Asteraceae,Neja,6,1717,34557
Asteraceae,Nemosenecio,6,1717,34557
Asteraceae,Neobrachyactis,4,1717,34557
Asteraceae,Neocabreria,5,1717,34557
Asteraceae,Neocuatrecasia,12,1717,34557
Asteraceae,Neohintonia,1,1717,34557
Asteraceae,Neojeffreya,1,1717,34557
Asteraceae,Neolaria,3,1717,34557
Asteraceae,Neomirandea,32,1717,34557
Asteraceae,Neopallasia,1,1717,34557
Asteraceae,Neotysonia,1,1717,34557
Asteraceae,Nephrotheca,1,1717,34557
Asteraceae,Nesampelos,1,1717,34557
Asteraceae,Nesomia,1,1717,34557
Asteraceae,Nestlera,1,1717,34557
Asteraceae,Nestotus,2,1717,34557
Asteraceae,Neurolaena,12,1717,34557
Asteraceae,Neurolakis,1,1717,34557
Asteraceae,Nicolasia,7,1717,34557
Asteraceae,Nicolletia,3,1717,34557
Asteraceae,Nidorella,25,1717,34557
Asteraceae,Nikitinia,1,1717,34557
Asteraceae,Nipponanthemum,1,1717,34557
Asteraceae,Nivellea,1,1717,34557
Asteraceae,Nolletia,9,1717,34557
Asteraceae,Nordenstamia,14,1717,34557
Asteraceae,Norlindhia,3,1717,34557
Asteraceae,Nothobaccharis,1,1717,34557
Asteraceae,Nothocalais,4,1717,34557
Asteraceae,Nothoschkuhria,1,1717,34557
Asteraceae,Noticastrum,20,1717,34557
Asteraceae,Notisia,1,1717,34557
Asteraceae,Notobasis,2,1717,34557
Asteraceae,Notoseris,6,1717,34557
Asteraceae,Nouelia,1,1717,34557
Asteraceae,Novaguinea,1,1717,34557
Asteraceae,Novenia,1,1717,34557
Asteraceae,Oaxacania,1,1717,34557
Asteraceae,Oblivia,2,1717,34557
Asteraceae,Oclemena,4,1717,34557
Asteraceae,Ocyroe,1,1717,34557
Asteraceae,Odixia,2,1717,34557
Asteraceae,Odontocline,5,1717,34557
Asteraceae,Oedera,39,1717,34557
Asteraceae,Oiospermum,1,1717,34557
Asteraceae,Oldenburgia,4,1717,34557
Asteraceae,Olearia,181,1717,34557
Asteraceae,Olgaea,18,1717,34557
Asteraceae,Oligactis,7,1717,34557
Asteraceae,Oliganthes,6,1717,34557
Asteraceae,Oligocarpus,2,1717,34557
Asteraceae,Oligochaeta,3,1717,34557
Asteraceae,Oligothrix,1,1717,34557
Asteraceae,Omphalopappus,2,1717,34557
Asteraceae,Oncosiphon,12,1717,34557
Asteraceae,Ondetia,1,1717,34557
Asteraceae,Onopordum,53,1717,34557
Asteraceae,Onoseris,22,1717,34557
Asteraceae,Oocephala,2,1717,34557
Asteraceae,Oonopsis,4,1717,34557
Asteraceae,Oparanthus,2,1717,34557
Asteraceae,Ophryosporus,41,1717,34557
Asteraceae,Opisthopappus,3,1717,34557
Asteraceae,Orbivestus,10,1717,34557
Asteraceae,Oreochrysum,1,1717,34557
Asteraceae,Oreoseris,4,1717,34557
Asteraceae,Oreostemma,3,1717,34557
Asteraceae,Oresbia,1,1717,34557
Asteraceae,Oriastrum,5,1717,34557
Asteraceae,Oritrophium,19,1717,34557
Asteraceae,Orochaenactis,1,1717,34557
Asteraceae,Orthopappus,1,1717,34557
Asteraceae,Ortizacalia,1,1717,34557
Asteraceae,Osbertia,4,1717,34557
Asteraceae,Osmadenia,1,1717,34557
Asteraceae,Osmiopsis,1,1717,34557
Asteraceae,Osmitopsis,9,1717,34557
Asteraceae,Osteospermum,57,1717,34557
Asteraceae,Otanthus,1,1717,34557
Asteraceae,Oteiza,4,1717,34557
Asteraceae,Othonna,115,1717,34557
Asteraceae,Otopappus,17,1717,34557
Asteraceae,Otospermum,1,1717,34557
Asteraceae,Oxycarpha,1,1717,34557
Asteraceae,Oxylobus,8,1717,34557
Asteraceae,Oxypappus,1,1717,34557
Asteraceae,Oxyphyllum,1,1717,34557
Asteraceae,Oyedaea,18,1717,34557
Asteraceae,Ozothamnus,50,1717,34557
Asteraceae,Pachylaena,2,1717,34557
Asteraceae,Pachystegia,3,1717,34557
Asteraceae,Pachythamnus,1,1717,34557
Asteraceae,Pacifigeron,2,1717,34557
Asteraceae,Packera,72,1717,34557
Asteraceae,Pacourina,1,1717,34557
Asteraceae,Paenula,1,1717,34557
Asteraceae,Palafoxia,12,1717,34557
Asteraceae,Pallenis,6,1717,34557
Asteraceae,Pamphalea,10,1717,34557
Asteraceae,Panphalea,10,1717,34557
Asteraceae,Pappobolus,40,1717,34557
Asteraceae,Pappochroma,1,1717,34557
Asteraceae,Papuacalia,17,1717,34557
Asteraceae,Paracalia,3,1717,34557
Asteraceae,Parafaujasia,1,1717,34557
Asteraceae,Paragynoxys,11,1717,34557
Asteraceae,Paralychnophora,4,1717,34557
Asteraceae,Paranephelius,7,1717,34557
Asteraceae,Parantennaria,1,1717,34557
Asteraceae,Parapiqueria,1,1717,34557
Asteraceae,Parapolydora,1,1717,34557
Asteraceae,Paraprenanthes,11,1717,34557
Asteraceae,Parasenecio,75,1717,34557
Asteraceae,Parastrephia,3,1717,34557
Asteraceae,Parthenice,1,1717,34557
Asteraceae,Parthenium,12,1717,34557
Asteraceae,Pasaccardoa,4,1717,34557
Asteraceae,Paurolepis,1,1717,34557
Asteraceae,Pechuel-loeschea,1,1717,34557
Asteraceae,Pectis,86,1717,34557
Asteraceae,Pegolettia,10,1717,34557
Asteraceae,Pelucha,1,1717,34557
Asteraceae,Pentacalia,217,1717,34557
Asteraceae,Pentachaeta,7,1717,34557
Asteraceae,Pentalepis,6,1717,34557
Asteraceae,Pentanema,38,1717,34557
Asteraceae,Pentatrichia,5,1717,34557
Asteraceae,Pentzia,25,1717,34557
Asteraceae,Perdicium,2,1717,34557
Asteraceae,Perezia,39,1717,34557
Asteraceae,Pericallis,15,1717,34557
Asteraceae,Pericome,2,1717,34557
Asteraceae,Peripleura,5,1717,34557
Asteraceae,Perityle,63,1717,34557
Asteraceae,Perralderia,3,1717,34557
Asteraceae,Pertya,29,1717,34557
Asteraceae,Perymeniopsis,1,1717,34557
Asteraceae,Perymenium,55,1717,34557
Asteraceae,Petalacte,1,1717,34557
Asteraceae,Petasites,18,1717,34557
Asteraceae,Peteravenia,6,1717,34557
Asteraceae,Petradoria,1,1717,34557
Asteraceae,Petrobium,2,1717,34557
Asteraceae,Peucephyllum,1,1717,34557
Asteraceae,Phaenocoma,1,1717,34557
Asteraceae,Phagnalon,31,1717,34557
Asteraceae,Phalacrachena,2,1717,34557
Asteraceae,Phalacraea,4,1717,34557
Asteraceae,Phalacrocarpum,3,1717,34557
Asteraceae,Phalacroseris,1,1717,34557
Asteraceae,Phaneroglossa,1,1717,34557
Asteraceae,Phanerostylis,5,1717,34557
Asteraceae,Phania,6,1717,34557
Asteraceae,Phaseolaster,3,1717,34557
Asteraceae,Philactis,4,1717,34557
Asteraceae,Philoglossa,2,1717,34557
Asteraceae,Phitosia,1,1717,34557
Asteraceae,Phoebanthus,2,1717,34557
Asteraceae,Phonus,2,1717,34557
Asteraceae,Phyllocephalum,12,1717,34557
Asteraceae,Phymaspermum,21,1717,34557
Asteraceae,Picnomon,1,1717,34557
Asteraceae,Picradeniopsis,8,1717,34557
Asteraceae,Picris,49,1717,34557
Asteraceae,Picrosia,2,1717,34557
Asteraceae,Picrothamnus,1,1717,34557
Asteraceae,Pilbara,1,1717,34557
Asteraceae,Pilosella,273,1717,34557
Asteraceae,Pinaropappus,10,1717,34557
Asteraceae,Piora,1,1717,34557
Asteraceae,Pippenalia,1,1717,34557
Asteraceae,Piptocarpha,57,1717,34557
Asteraceae,Piptocoma,20,1717,34557
Asteraceae,Piptolepis,12,1717,34557
Asteraceae,Piptothrix,5,1717,34557
Asteraceae,Piqueria,8,1717,34557
Asteraceae,Piqueriella,1,1717,34557
Asteraceae,Piqueriopsis,1,1717,34557
Asteraceae,Pithecoseris,1,1717,34557
Asteraceae,Pithocarpa,4,1717,34557
Asteraceae,Pittocaulon,2,1717,34557
Asteraceae,Pityopsis,7,1717,34557
Asteraceae,Plagiobasis,1,1717,34557
Asteraceae,Plagiocheilus,7,1717,34557
Asteraceae,Plagiolophus,1,1717,34557
Asteraceae,Plagius,4,1717,34557
Asteraceae,Planaltoa,2,1717,34557
Asteraceae,Plateilema,1,1717,34557
Asteraceae,Platycarpha,3,1717,34557
Asteraceae,Platypodanthera,2,1717,34557
Asteraceae,Platyschkuhria,2,1717,34557
Asteraceae,Plazia,2,1717,34557
Asteraceae,Plecostachys,2,1717,34557
Asteraceae,Plectocephalus,4,1717,34557
Asteraceae,Pleiacanthus,1,1717,34557
Asteraceae,Pleiotaxis,35,1717,34557
Asteraceae,Pleocarphus,1,1717,34557
Asteraceae,Pleurocarpaea,2,1717,34557
Asteraceae,Pleurocoronis,3,1717,34557
Asteraceae,Pleurophyllum,3,1717,34557
Asteraceae,Pluchea,60,1717,34557
Asteraceae,Podachaenium,5,1717,34557
Asteraceae,Podanthus,2,1717,34557
Asteraceae,Podocoma,5,1717,34557
Asteraceae,Podolepis,22,1717,34557
Asteraceae,Podotheca,6,1717,34557
Asteraceae,Poecilolepis,2,1717,34557
Asteraceae,Pogonolepis,3,1717,34557
Asteraceae,Pojarkovia,1,1717,34557
Asteraceae,Poljakanthema,1,1717,34557
Asteraceae,Polyachyrus,7,1717,34557
Asteraceae,Polyanthina,1,1717,34557
Asteraceae,Polyarrhena,4,1717,34557
Asteraceae,Polycalymma,1,1717,34557
Asteraceae,Polychrysum,1,1717,34557
Asteraceae,Polydora,8,1717,34557
Asteraceae,Polymnia,8,1717,34557
Asteraceae,Polytaxis,3,1717,34557
Asteraceae,Porophyllum,32,1717,34557
Asteraceae,Porphyrostemma,3,1717,34557
Asteraceae,Praxeliopsis,1,1717,34557
Asteraceae,Praxelis,17,1717,34557
Asteraceae,Prenanthella,1,1717,34557
Asteraceae,Prenanthes,7,1717,34557
Asteraceae,Prestelia,1,1717,34557
Asteraceae,Printzia,6,1717,34557
Asteraceae,Prolobus,1,1717,34557
Asteraceae,Proteopsis,1,1717,34557
Asteraceae,Proustia,4,1717,34557
Asteraceae,Psacaliopsis,3,1717,34557
Asteraceae,Psacalium,49,1717,34557
Asteraceae,Psathyrotes,3,1717,34557
Asteraceae,Psathyrotopsis,3,1717,34557
Asteraceae,Psednotrichia,2,1717,34557
Asteraceae,Psephellus,95,1717,34557
Asteraceae,Pseudelephantopus,2,1717,34557
Asteraceae,Pseudobahia,3,1717,34557
Asteraceae,Pseudoblepharispermum,2,1717,34557
Asteraceae,Pseudobrickellia,3,1717,34557
Asteraceae,Pseudoclappia,2,1717,34557
Asteraceae,Pseudoglossanthis,1,1717,34557
Asteraceae,Pseudognaphalium,92,1717,34557
Asteraceae,Pseudogynoxys,15,1717,34557
Asteraceae,Pseudohandelia,1,1717,34557
Asteraceae,Pseudojacobaea,1,1717,34557
Asteraceae,Pseudonoseris,5,1717,34557
Asteraceae,Pseudopiptocarpha,5,1717,34557
Asteraceae,Pseudopodospermum,41,1717,34557
Asteraceae,Pseudostifftia,1,1717,34557
Asteraceae,Psiadia,47,1717,34557
Asteraceae,Psilactis,5,1717,34557
Asteraceae,Psilocarphus,6,1717,34557
Asteraceae,Psilostrophe,8,1717,34557
Asteraceae,Psychrogeton,21,1717,34557
Asteraceae,Pterachaenia,2,1717,34557
Asteraceae,Pterocaulon,28,1717,34557
Asteraceae,Pterochaeta,1,1717,34557
Asteraceae,Pteronia,71,1717,34557
Asteraceae,Pterygopappus,1,1717,34557
Asteraceae,Ptilostemon,18,1717,34557
Asteraceae,Pulicaria,72,1717,34557
Asteraceae,Pycnosorus,7,1717,34557
Asteraceae,Pyrethropsis,1,1717,34557
Asteraceae,Pyrrhopappus,4,1717,34557
Asteraceae,Pyrrocoma,15,1717,34557
Asteraceae,Pytinicarpa,1,1717,34557
Asteraceae,Qineryangia,1,1717,34557
Asteraceae,Quadribractea,1,1717,34557
Asteraceae,Quechualia,4,1717,34557
Asteraceae,Quelchia,5,1717,34557
Asteraceae,Quinetia,1,1717,34557
Asteraceae,Quinqueremulus,1,1717,34557
Asteraceae,Rachelia,1,1717,34557
Asteraceae,Radlkoferotoma,4,1717,34557
Asteraceae,Rafinesquia,2,1717,34557
Asteraceae,Raillardella,3,1717,34557
Asteraceae,Rainiera,1,1717,34557
Asteraceae,Ramaliella,7,1717,34557
Asteraceae,Raoulia,27,1717,34557
Asteraceae,Raouliopsis,2,1717,34557
Asteraceae,Rastrophyllum,2,1717,34557
Asteraceae,Ratibida,7,1717,34557
Asteraceae,Raulinoreitzia,3,1717,34557
Asteraceae,Rayjacksonia,4,1717,34557
Asteraceae,Reichardia,15,1717,34557
Asteraceae,Relhania,11,1717,34557
Asteraceae,Remya,3,1717,34557
Asteraceae,Rennera,4,1717,34557
Asteraceae,Rensonia,1,1717,34557
Asteraceae,Revealia,1,1717,34557
Asteraceae,Rhagadiolus,2,1717,34557
Asteraceae,Rhamphogyne,1,1717,34557
Asteraceae,Rhanteriopsis,4,1717,34557
Asteraceae,Rhanterium,3,1717,34557
Asteraceae,Rhaponticoides,13,1717,34557
Asteraceae,Rhetinocarpha,1,1717,34557
Asteraceae,Rhetinolepis,1,1717,34557
Asteraceae,Rhinactinidia,1,1717,34557
Asteraceae,Rhodanthe,46,1717,34557
Asteraceae,Rhodanthemum,15,1717,34557
Asteraceae,Rhodogeron,1,1717,34557
Asteraceae,Rhynchopsidium,2,1717,34557
Asteraceae,Rhynchospermum,1,1717,34557
Asteraceae,Rhysolepis,2,1717,34557
Asteraceae,Richterago,16,1717,34557
Asteraceae,Richteria,8,1717,34557
Asteraceae,Riencourtia,5,1717,34557
Asteraceae,Rigiopappus,1,1717,34557
Asteraceae,Robertia,1,1717,34557
Asteraceae,Robinsonecio,2,1717,34557
Asteraceae,Robinsonia,7,1717,34557
Asteraceae,Rochonia,2,1717,34557
Asteraceae,Roessleria,5,1717,34557
Asteraceae,Rohria,1,1717,34557
Asteraceae,Rojasianthe,1,1717,34557
Asteraceae,Rolandra,1,1717,34557
Asteraceae,Roldana,57,1717,34557
Asteraceae,Roodebergia,1,1717,34557
Asteraceae,Rothmaleria,1,1717,34557
Asteraceae,Rudbeckia,29,1717,34557
Asteraceae,Rugelia,1,1717,34557
Asteraceae,Rumfordia,7,1717,34557
Asteraceae,Russowia,1,1717,34557
Asteraceae,Rutidosis,10,1717,34557
Asteraceae,Sabazia,16,1717,34557
Asteraceae,Sachsia,2,1717,34557
Asteraceae,Salcedoa,1,1717,34557
Asteraceae,Salmea,10,1717,34557
Asteraceae,Sampera,6,1717,34557
Asteraceae,Sanrobertia,1,1717,34557
Asteraceae,Santolina,21,1717,34557
Asteraceae,Santosia,1,1717,34557
Asteraceae,Sanvitalia,6,1717,34557
Asteraceae,Sartorina,1,1717,34557
Asteraceae,Sartwellia,4,1717,34557
Asteraceae,Saussurea,436,1717,34557
Asteraceae,Scalesia,10,1717,34557
Asteraceae,Scherya,1,1717,34557
Asteraceae,Schischkinia,1,1717,34557
Asteraceae,Schistocarpha,14,1717,34557
Asteraceae,Schistostephium,13,1717,34557
Asteraceae,Schizogyne,4,1717,34557
Asteraceae,Schizoptera,1,1717,34557
Asteraceae,Schizotrichia,3,1717,34557
Asteraceae,Schkuhria,3,1717,34557
Asteraceae,Schlagintweitia,4,1717,34557
Asteraceae,Schlechtendalia,1,1717,34557
Asteraceae,Schoenia,5,1717,34557
Asteraceae,Sciadocephala,5,1717,34557
Asteraceae,Sclerocarpus,10,1717,34557
Asteraceae,Sclerolepis,1,1717,34557
Asteraceae,Sclerorhachis,3,1717,34557
Asteraceae,Scolymus,3,1717,34557
Asteraceae,Scorzonera,74,1717,34557
Asteraceae,Scorzoneroides,26,1717,34557
Asteraceae,Scrobicaria,3,1717,34557
Asteraceae,Selloa,2,1717,34557
Asteraceae,Semiria,1,1717,34557
Asteraceae,Senecio,1679,1717,34557
Asteraceae,Senecurio,1,1717,34557
Asteraceae,Sericocarpus,7,1717,34557
Asteraceae,Seriphidium,77,1717,34557
Asteraceae,Seriphium,5,1717,34557
Asteraceae,Serratula,38,1717,34557
Asteraceae,Shafera,1,1717,34557
Asteraceae,Shangwua,1,1717,34557
Asteraceae,Shawia,2,1717,34557
Asteraceae,Sheareria,1,1717,34557
Asteraceae,Shinnersia,1,1717,34557
Asteraceae,Shinnersoseris,1,1717,34557
Asteraceae,Siapaea,1,1717,34557
Asteraceae,Sidneya,1,1717,34557
Asteraceae,Siebera,3,1717,34557
Asteraceae,Sigesbeckia,14,1717,34557
Asteraceae,Siloxerus,4,1717,34557
Asteraceae,Silphium,15,1717,34557
Asteraceae,Silybum,2,1717,34557
Asteraceae,Simsia,30,1717,34557
Asteraceae,Sinacalia,4,1717,34557
Asteraceae,Sinclairia,32,1717,34557
Asteraceae,Sinobouffordia,2,1717,34557
Asteraceae,Sinosenecio,42,1717,34557
Asteraceae,Sinoseris,3,1717,34557
Asteraceae,Sinosidus,8,1717,34557
Asteraceae,Sipolisia,1,1717,34557
Asteraceae,Smallanthus,21,1717,34557
Asteraceae,Soaresia,1,1717,34557
Asteraceae,Solanecio,16,1717,34557
Asteraceae,Solenogyne,3,1717,34557
Asteraceae,Solidago,145,1717,34557
Asteraceae,Solidaster,2,1717,34557
Asteraceae,Soliva,8,1717,34557
Asteraceae,Sommerfeltia,2,1717,34557
Asteraceae,Sonchella,2,1717,34557
Asteraceae,Sonchus,110,1717,34557
Asteraceae,Sondottia,2,1717,34557
Asteraceae,Soroseris,7,1717,34557
Asteraceae,Spaniopappus,5,1717,34557
Asteraceae,Sphaeranthus,34,1717,34557
Asteraceae,Sphaereupatorium,1,1717,34557
Asteraceae,Sphaeromeria,9,1717,34557
Asteraceae,Sphagneticola,4,1717,34557
Asteraceae,Spilanthes,23,1717,34557
Asteraceae,Spiracantha,1,1717,34557
Asteraceae,Spiroseris,1,1717,34557
Asteraceae,Spongotrichum,2,1717,34557
Asteraceae,Squamopappus,1,1717,34557
Asteraceae,Stachycephalum,3,1717,34557
Asteraceae,Staehelina,9,1717,34557
Asteraceae,Standleyanthus,1,1717,34557
Asteraceae,Staurochlamys,1,1717,34557
Asteraceae,Stebbinsoseris,2,1717,34557
Asteraceae,Steiractinia,15,1717,34557
Asteraceae,Steirodiscus,6,1717,34557
Asteraceae,Stenachaenium,6,1717,34557
Asteraceae,Stenocephalum,5,1717,34557
Asteraceae,Stenocline,3,1717,34557
Asteraceae,Stenopadus,16,1717,34557
Asteraceae,Stenophalium,5,1717,34557
Asteraceae,Stenops,2,1717,34557
Asteraceae,Stenotus,4,1717,34557
Asteraceae,Stephanodoria,1,1717,34557
Asteraceae,Stephanomeria,17,1717,34557
Asteraceae,Stephanopholis,1,1717,34557
Asteraceae,Stevia,275,1717,34557
Asteraceae,Steviopsis,5,1717,34557
Asteraceae,Steyermarkina,4,1717,34557
Asteraceae,Stifftia,6,1717,34557
Asteraceae,Stilpnogyne,1,1717,34557
Asteraceae,Stilpnolepis,1,1717,34557
Asteraceae,Stilpnopappus,22,1717,34557
Asteraceae,Stizolophus,4,1717,34557
Asteraceae,Stoebe,21,1717,34557
Asteraceae,Stokesia,1,1717,34557
Asteraceae,Stomatanthes,18,1717,34557
Asteraceae,Stomatochaeta,6,1717,34557
Asteraceae,Stramentopappus,1,1717,34557
Asteraceae,Streptoglossa,8,1717,34557
Asteraceae,Strobocalyx,10,1717,34557
Asteraceae,Strotheria,1,1717,34557
Asteraceae,Struchium,2,1717,34557
Asteraceae,Stuartina,3,1717,34557
Asteraceae,Stuessya,1,1717,34557
Asteraceae,Stylocline,8,1717,34557
Asteraceae,Stylotrichium,5,1717,34557
Asteraceae,Symphipappus,1,1717,34557
Asteraceae,Symphyllocarpus,1,1717,34557
Asteraceae,Symphyopappus,14,1717,34557
Asteraceae,Symphyotrichum,103,1717,34557
Asteraceae,Syncalathium,5,1717,34557
Asteraceae,Syncarpha,24,1717,34557
Asteraceae,Syncephalum,5,1717,34557
Asteraceae,Syncretocarpus,2,1717,34557
Asteraceae,Synedrella,1,1717,34557
Asteraceae,Synedrellopsis,2,1717,34557
Asteraceae,Syneilesis,6,1717,34557
Asteraceae,Synotis,54,1717,34557
Asteraceae,Syntrichopappus,1,1717,34557
Asteraceae,Synurus,4,1717,34557
Asteraceae,Syreitschikovia,3,1717,34557
Asteraceae,Tagetes,54,1717,34557
Asteraceae,Taimingasa,2,1717,34557
Asteraceae,Takhtajaniantha,11,1717,34557
Asteraceae,Talamancalia,4,1717,34557
Asteraceae,Talamancaster,1,1717,34557
Asteraceae,Tamananthus,1,1717,34557
Asteraceae,Tamaulipa,1,1717,34557
Asteraceae,Tanacetopsis,22,1717,34557
Asteraceae,Tanacetum,173,1717,34557
Asteraceae,Taplinia,1,1717,34557
Asteraceae,Taraxacum,2600,1717,34557
Asteraceae,Tarchonanthus,6,1717,34557
Asteraceae,Tarlmounia,1,1717,34557
Asteraceae,Tehuana,1,1717,34557
Asteraceae,Teixeiranthus,2,1717,34557
Asteraceae,Telanthophora,6,1717,34557
Asteraceae,Telekia,2,1717,34557
Asteraceae,Telmatophila,1,1717,34557
Asteraceae,Tenrhynea,1,1717,34557
Asteraceae,Tephroseris,47,1717,34557
Asteraceae,Tephrothamnus,1,1717,34557
Asteraceae,Tessaria,4,1717,34557
Asteraceae,Tessenia,1,1717,34557
Asteraceae,Tetrachyron,8,1717,34557
Asteraceae,Tetradymia,7,1717,34557
Asteraceae,Tetragonotheca,5,1717,34557
Asteraceae,Tetramolopium,34,1717,34557
Asteraceae,Tetraneuris,9,1717,34557
Asteraceae,Tetranthus,4,1717,34557
Asteraceae,Tetraperone,1,1717,34557
Asteraceae,Thaminophyllum,3,1717,34557
Asteraceae,Thelesperma,14,1717,34557
Asteraceae,Thespidium,1,1717,34557
Asteraceae,Thespis,4,1717,34557
Asteraceae,Thevenotia,2,1717,34557
Asteraceae,Thiseltonia,1,1717,34557
Asteraceae,Thurovia,1,1717,34557
Asteraceae,Thymophylla,13,1717,34557
Asteraceae,Thymopsis,2,1717,34557
Asteraceae,Tibetiodes,26,1717,34557
Asteraceae,Tietkensia,1,1717,34557
Asteraceae,Tilesia,4,1717,34557
Asteraceae,Tithonia,13,1717,34557
Asteraceae,Toiyabea,4,1717,34557
Asteraceae,Tolpis,23,1717,34557
Asteraceae,Tomentaurum,2,1717,34557
Asteraceae,Tonestus,4,1717,34557
Asteraceae,Tourneuxia,1,1717,34557
Asteraceae,Townsendia,26,1717,34557
Asteraceae,Toxacanthus,2,1717,34557
Asteraceae,Tracyina,1,1717,34557
Asteraceae,Tragopogon,138,1717,34557
Asteraceae,Traversia,1,1717,34557
Asteraceae,Trepadonia,2,1717,34557
Asteraceae,Trichanthemis,9,1717,34557
Asteraceae,Trichanthodium,4,1717,34557
Asteraceae,Trichocline,26,1717,34557
Asteraceae,Trichocoronis,2,1717,34557
Asteraceae,Trichocoryne,1,1717,34557
Asteraceae,Trichogonia,27,1717,34557
Asteraceae,Trichogoniopsis,4,1717,34557
Asteraceae,Tricholepis,18,1717,34557
Asteraceae,Trichoptilium,1,1717,34557
Asteraceae,Trichospira,1,1717,34557
Asteraceae,Tridactylina,1,1717,34557
Asteraceae,Tridax,33,1717,34557
Asteraceae,Trigonopterum,1,1717,34557
Asteraceae,Trigonospermum,6,1717,34557
Asteraceae,Trilisa,1,1717,34557
Asteraceae,Trioncinia,1,1717,34557
Asteraceae,Tripleurospermum,38,1717,34557
Asteraceae,Triplocephalum,1,1717,34557
Asteraceae,Tripolium,2,1717,34557
Asteraceae,Tripteris,19,1717,34557
Asteraceae,Triptilion,8,1717,34557
Asteraceae,Triptilodiscus,1,1717,34557
Asteraceae,Trixis,43,1717,34557
Asteraceae,Troglophyton,6,1717,34557
Asteraceae,Tuberculocarpus,1,1717,34557
Asteraceae,Tuberostyles,1,1717,34557
Asteraceae,Tuberostylis,2,1717,34557
Asteraceae,Tugarinovia,1,1717,34557
Asteraceae,Turanecio,1,1717,34557
Asteraceae,Turaniphytum,2,1717,34557
Asteraceae,Tussilago,1,1717,34557
Asteraceae,Tuxtla,1,1717,34557
Asteraceae,Tyrimnus,1,1717,34557
Asteraceae,Tzvelevopyrethrum,1,1717,34557
Asteraceae,Uechtritzia,3,1717,34557
Asteraceae,Unxia,3,1717,34557
Asteraceae,Urbananthus,2,1717,34557
Asteraceae,Urbinella,1,1717,34557
Asteraceae,Urmenetea,1,1717,34557
Asteraceae,Urolepis,1,1717,34557
Asteraceae,Uropappus,1,1717,34557
Asteraceae,Urospermum,4,1717,34557
Asteraceae,Urostemon,1,1717,34557
Asteraceae,Ursinia,45,1717,34557
Asteraceae,Varilla,2,1717,34557
Asteraceae,Varthemia,4,1717,34557
Asteraceae,Vellereophyton,7,1717,34557
Asteraceae,Venegasia,1,1717,34557
Asteraceae,Verbesina,340,1717,34557
Asteraceae,Vernonanthura,70,1717,34557
Asteraceae,Vernonella,12,1717,34557
Asteraceae,Vernonia,721,1717,34557
Asteraceae,Vernoniastrum,12,1717,34557
Asteraceae,Vernoniopsis,2,1717,34557
Asteraceae,Vicinia,2,1717,34557
Asteraceae,Vieraea,1,1717,34557
Asteraceae,Vigethia,1,1717,34557
Asteraceae,Viguiera,121,1717,34557
Asteraceae,Villanova,4,1717,34557
Asteraceae,Villasenoria,1,1717,34557
Asteraceae,Vinicia,1,1717,34557
Asteraceae,Vittadinia,33,1717,34557
Asteraceae,Vittetia,2,1717,34557
Asteraceae,Volutaria,16,1717,34557
Asteraceae,Waitzia,6,1717,34557
Asteraceae,Walsholaria,4,1717,34557
Asteraceae,Wamalchitamia,5,1717,34557
Asteraceae,Warionia,1,1717,34557
Asteraceae,Wedelia,112,1717,34557
Asteraceae,Welwitschiella,1,1717,34557
Asteraceae,Werneria,17,1717,34557
Asteraceae,Westoniella,6,1717,34557
Asteraceae,Wilkesia,2,1717,34557
Asteraceae,Willemetia,2,1717,34557
Asteraceae,Wollastonia,4,1717,34557
Asteraceae,Wollemiaster,1,1717,34557
Asteraceae,Wunderlichia,7,1717,34557
Asteraceae,Wyethia,10,1717,34557
Asteraceae,Xanthisma,11,1717,34557
Asteraceae,Xanthium,9,1717,34557
Asteraceae,Xanthocephalum,8,1717,34557
Asteraceae,Xanthopappus,1,1717,34557
Asteraceae,Xenophyllum,22,1717,34557
Asteraceae,Xeranthemum,6,1717,34557
Asteraceae,Xerochrysum,13,1717,34557
Asteraceae,Xerxes,1,1717,34557
Asteraceae,Xiphochaeta,1,1717,34557
Asteraceae,Xylanthemum,8,1717,34557
Asteraceae,Xylorhiza,9,1717,34557
Asteraceae,Xylothamia,3,1717,34557
Asteraceae,Yariguianthus,1,1717,34557
Asteraceae,Yermo,1,1717,34557
Asteraceae,Yonglingia,2,1717,34557
Asteraceae,Youngia,43,1717,34557
Asteraceae,Zaluzania,15,1717,34557
Asteraceae,Zandera,3,1717,34557
Asteraceae,Zemisia,1,1717,34557
Asteraceae,Zexmenia,10,1717,34557
Asteraceae,Zinnia,24,1717,34557
Asteraceae,Zoegea,3,1717,34557
Asteraceae,Zyrphelis,11,1717,34557
Asteraceae,Zyzyura,1,1717,34557
Asteraceae,Zyzyxia,1,1717,34557
Atherospermataceae,Atherosperma,5,6,20
Atherospermataceae,Daphnandra,7,6,20
Atherospermataceae,Doryphora,2,6,20
Atherospermataceae,Dryadodaphne,3,6,20
Atherospermataceae,Laurelia,2,6,20
Atherospermataceae,Nemuaron,1,6,20
Athyriaceae,Anisocampium,5,9,886
Athyriaceae,Apseudathyrium,1,9,886
Athyriaceae,Athyrium,255,9,886
Athyriaceae,Cornoathyrium,3,9,886
Athyriaceae,Cornopteris,15,9,886
Athyriaceae,Deparia,90,9,886
Athyriaceae,Diplazium,513,9,886
Athyriaceae,Ephemeropteris,3,9,886
Athyriaceae,Pseudathyrium,1,9,886
Aulacomniaceae,Aulacomnium,6,3,12
Aulacomniaceae,Hymenodontopsis,4,3,12
Aulacomniaceae,Mesochaete,2,3,12
Balsaminaceae,Hydrocera,1,2,1135
Balsaminaceae,Impatiens,1134,2,1135
Bartramiaceae,Anacolia,4,11,321
Bartramiaceae,Bartramia,57,11,321
Bartramiaceae,Bartramidula,1,11,321
Bartramiaceae,Breutelia,88,11,321
Bartramiaceae,Conostomum,8,11,321
Bartramiaceae,Fleischerobryum,2,11,321
Bartramiaceae,Flowersia,4,11,321
Bartramiaceae,Leiomela,13,11,321
Bartramiaceae,Neosharpiella,2,11,321
Bartramiaceae,Philonotis,140,11,321
Bartramiaceae,Plagiopus,2,11,321
Basellaceae,Anredera,12,4,19
Basellaceae,Basella,5,4,19
Basellaceae,Tournonia,1,4,19
Basellaceae,Ullucus,1,4,19
Begoniaceae,Begonia,2191,2,2192
Begoniaceae,Hillebrandia,1,2,2192
Berberidaceae,Achlys,3,13,754
Berberidaceae,Berberis,640,13,754
Berberidaceae,Bongardia,2,13,754
Berberidaceae,Caulophyllum,3,13,754
Berberidaceae,Epimedium,67,13,754
Berberidaceae,Gymnospermium,11,13,754
Berberidaceae,Jeffersonia,1,13,754
Berberidaceae,Leontice,4,13,754
Berberidaceae,Nandina,1,13,754
Berberidaceae,Plagiorhegma,1,13,754
Berberidaceae,Podophyllum,17,13,754
Berberidaceae,Ranzania,1,13,754
Berberidaceae,Vancouveria,3,13,754
Berberidopsidaceae,Berberidopsis,2,2,3
Berberidopsidaceae,Streptothamnus,1,2,3
Betulaceae,Alnus,49,6,210
Betulaceae,Betula,88,6,210
Betulaceae,Carpinus,44,6,210
Betulaceae,Corylus,17,6,210
Betulaceae,Ostrya,9,6,210
Betulaceae,Ostryopsis,3,6,210
Biebersteiniaceae,Biebersteinia,5,1,5
Bignoniaceae,Adenocalymma,93,79,901
Bignoniaceae,Amphilophium,49,79,901
Bignoniaceae,Amphitecna,21,79,901
Bignoniaceae,Anemopaegma,48,79,901
Bignoniaceae,Argylia,13,79,901
Bignoniaceae,Astianthus,1,79,901
Bignoniaceae,Bignonia,31,79,901
Bignoniaceae,Callichlamys,1,79,901
Bignoniaceae,Campsidium,1,79,901
Bignoniaceae,Campsis,2,79,901
Bignoniaceae,Catalpa,9,79,901
Bignoniaceae,Catophractes,1,79,901
Bignoniaceae,Chilopsis,1,79,901
Bignoniaceae,Colea,35,79,901
Bignoniaceae,Crescentia,6,79,901
Bignoniaceae,Cuspidaria,21,79,901
Bignoniaceae,Cybistax,1,79,901
Bignoniaceae,Delostoma,4,79,901
Bignoniaceae,Deplanchea,7,79,901
Bignoniaceae,Dinklageodoxa,1,79,901
Bignoniaceae,Dolichandra,9,79,901
Bignoniaceae,Dolichandrone,11,79,901
Bignoniaceae,Eccremocarpus,3,79,901
Bignoniaceae,Ekmanianthe,2,79,901
Bignoniaceae,Fernandoa,15,79,901
Bignoniaceae,Fridericia,60,79,901
Bignoniaceae,Godmania,2,79,901
Bignoniaceae,Handroanthus,36,79,901
Bignoniaceae,Heterophragma,2,79,901
Bignoniaceae,Hieris,1,79,901
Bignoniaceae,Incarvillea,18,79,901
Bignoniaceae,Jacaranda,49,79,901
Bignoniaceae,Kigelia,1,79,901
Bignoniaceae,Lamiodendron,1,79,901
Bignoniaceae,Lundia,13,79,901
Bignoniaceae,Manaosella,1,79,901
Bignoniaceae,Mansoa,18,79,901
Bignoniaceae,Markhamia,5,79,901
Bignoniaceae,Martinella,5,79,901
Bignoniaceae,Mayodendron,1,79,901
Bignoniaceae,Millingtonia,1,79,901
Bignoniaceae,Neosepicaea,4,79,901
Bignoniaceae,Newbouldia,1,79,901
Bignoniaceae,Nyctocalos,3,79,901
Bignoniaceae,Oroxylum,1,79,901
Bignoniaceae,Pachyptera,5,79,901
Bignoniaceae,Pajanelia,1,79,901
Bignoniaceae,Pandorea,9,79,901
Bignoniaceae,Paratecoma,1,79,901
Bignoniaceae,Parmentiera,10,79,901
Bignoniaceae,Pauldopia,1,79,901
Bignoniaceae,Perianthomega,1,79,901
Bignoniaceae,Perichlaena,1,79,901
Bignoniaceae,Phyllarthron,20,79,901
Bignoniaceae,Phylloctenium,2,79,901
Bignoniaceae,Pleonotoma,16,79,901
Bignoniaceae,Podranea,2,79,901
Bignoniaceae,Pyrostegia,2,79,901
Bignoniaceae,Radermachera,17,79,901
Bignoniaceae,Rhigozum,7,79,901
Bignoniaceae,Rhodocolea,16,79,901
Bignoniaceae,Romeroa,1,79,901
Bignoniaceae,Roseodendron,2,79,901
Bignoniaceae,Santisukia,2,79,901
Bignoniaceae,Sparattosperma,2,79,901
Bignoniaceae,Spathodea,1,79,901
Bignoniaceae,Spirotecoma,4,79,901
Bignoniaceae,Stereospermum,26,79,901
Bignoniaceae,Stizophyllum,3,79,901
Bignoniaceae,Tabebuia,76,79,901
Bignoniaceae,Tanaecium,22,79,901
Bignoniaceae,Tecoma,7,79,901
Bignoniaceae,Tecomanthe,6,79,901
Bignoniaceae,Tecomaria,2,79,901
Bignoniaceae,Tecomella,1,79,901
Bignoniaceae,Tourrettia,1,79,901
Bignoniaceae,Tynanthus,15,79,901
Bignoniaceae,Xylophragma,8,79,901
Bignoniaceae,Zeyheria,2,79,901
Blandfordiaceae,Blandfordia,4,1,4
Blechnaceae,Anchistea,1,25,290
Blechnaceae,Austroblechnum,36,25,290
Blechnaceae,Blechnidium,1,25,290
Blechnaceae,Blechnopsis,2,25,290
Blechnaceae,Blechnum,35,25,290
Blechnaceae,Brainea,1,25,290
Blechnaceae,Cleistoblechnum,1,25,290
Blechnaceae,Cranfillia,23,25,290
Blechnaceae,Diploblechnum,6,25,290
Blechnaceae,Doodia,20,25,290
Blechnaceae,Icarus,1,25,290
Blechnaceae,Lomaria,7,25,290
Blechnaceae,Lomaridium,16,25,290
Blechnaceae,Lomariocycas,17,25,290
Blechnaceae,Lorinseria,1,25,290
Blechnaceae,Neoblechnum,1,25,290
Blechnaceae,Oceaniopteris,8,25,290
Blechnaceae,Parablechnum,73,25,290
Blechnaceae,Sadleria,6,25,290
Blechnaceae,Salpichlaena,4,25,290
Blechnaceae,Spicantopsis,3,25,290
Blechnaceae,Stenochlaena,6,25,290
Blechnaceae,Struthiopteris,3,25,290
Blechnaceae,Telmatoblechnum,2,25,290
Blechnaceae,Woodwardia,16,25,290
Boraginaceae,Actinocarya,2,116,2121
Boraginaceae,Adelinia,1,116,2121
Boraginaceae,Adelocaryum,5,116,2121
Boraginaceae,Aegonychon,5,116,2121
Boraginaceae,Afrotysonia,3,116,2121
Boraginaceae,Alkanna,66,116,2121
Boraginaceae,Amblynotus,2,116,2121
Boraginaceae,Amphibologyne,1,116,2121
Boraginaceae,Amsinckia,16,116,2121
Boraginaceae,Amsinckiopsis,1,116,2121
Boraginaceae,Anchusa,42,116,2121
Boraginaceae,Ancistrocarya,1,116,2121
Boraginaceae,Andersonglossum,3,116,2121
Boraginaceae,Anoplocaryum,5,116,2121
Boraginaceae,Antiotrema,1,116,2121
Boraginaceae,Antiphytum,14,116,2121
Boraginaceae,Arnebia,42,116,2121
Boraginaceae,Asperugo,1,116,2121
Boraginaceae,Borago,5,116,2121
Boraginaceae,Bothriospermum,7,116,2121
Boraginaceae,Brachybotrys,1,116,2121
Boraginaceae,Brandella,1,116,2121
Boraginaceae,Brunnera,3,116,2121
Boraginaceae,Buglossoides,6,116,2121
Boraginaceae,Caccinia,5,116,2121
Boraginaceae,Cerinthe,6,116,2121
Boraginaceae,Chionocharis,1,116,2121
Boraginaceae,Craniospermum,5,116,2121
Boraginaceae,Crucicaryum,1,116,2121
Boraginaceae,Cryptantha,120,116,2121
Boraginaceae,Cynoglossopsis,2,116,2121
Boraginaceae,Cynoglossum,81,116,2121
Boraginaceae,Cynoglottis,2,116,2121
Boraginaceae,Cystostemon,17,116,2121
Boraginaceae,Dasynotus,1,116,2121
Boraginaceae,Decalepidanthus,9,116,2121
Boraginaceae,Echiochilon,16,116,2121
Boraginaceae,Echiostachys,3,116,2121
Boraginaceae,Echium,73,116,2121
Boraginaceae,Embadium,3,116,2121
Boraginaceae,Eremocarya,2,116,2121
Boraginaceae,Eritrichium,80,116,2121
Boraginaceae,Gastrocotyle,3,116,2121
Boraginaceae,Glandora,8,116,2121
Boraginaceae,Greeneocharis,2,116,2121
Boraginaceae,Gyrocaryum,1,116,2121
Boraginaceae,Hackelia,54,116,2121
Boraginaceae,Halacsya,1,116,2121
Boraginaceae,Harpagonella,2,116,2121
Boraginaceae,Heliocarya,1,116,2121
Boraginaceae,Heterocaryum,2,116,2121
Boraginaceae,Iberodes,5,116,2121
Boraginaceae,Ivanjohnstonia,1,116,2121
Boraginaceae,Johnstonella,17,116,2121
Boraginaceae,Lappula,90,116,2121
Boraginaceae,Lasiocaryum,3,116,2121
Boraginaceae,Lepechiniella,14,116,2121
Boraginaceae,Lindelofia,10,116,2121
Boraginaceae,Lithodora,5,116,2121
Boraginaceae,Lithospermum,76,116,2121
Boraginaceae,Lobostemon,31,116,2121
Boraginaceae,Maharanga,11,116,2121
Boraginaceae,Mairetis,1,116,2121
Boraginaceae,Mattiastrum,35,116,2121
Boraginaceae,Melanortocarya,1,116,2121
Boraginaceae,Memoremea,1,116,2121
Boraginaceae,Mertensia,50,116,2121
Boraginaceae,Microcaryum,1,116,2121
Boraginaceae,Microparacaryum,3,116,2121
Boraginaceae,Microula,35,116,2121
Boraginaceae,Mimophytum,10,116,2121
Boraginaceae,Moltkia,10,116,2121
Boraginaceae,Moltkiopsis,1,116,2121
Boraginaceae,Myosotidium,2,116,2121
Boraginaceae,Myosotis,158,116,2121
Boraginaceae,Neatostema,1,116,2121
Boraginaceae,Nesocaryum,1,116,2121
Boraginaceae,Nihon,5,116,2121
Boraginaceae,Nonea,47,116,2121
Boraginaceae,Ogastemma,1,116,2121
Boraginaceae,Omphalodes,10,116,2121
Boraginaceae,Omphalolappula,1,116,2121
Boraginaceae,Omphalotrigonotis,2,116,2121
Boraginaceae,Oncaglossum,1,116,2121
Boraginaceae,Onosma,278,116,2121
Boraginaceae,Oreocarya,67,116,2121
Boraginaceae,Paracaryum,27,116,2121
Boraginaceae,Paramoltkia,1,116,2121
Boraginaceae,Pardoglossum,1,116,2121
Boraginaceae,Pectocarya,13,116,2121
Boraginaceae,Pentaglottis,1,116,2121
Boraginaceae,Plagiobothrys,68,116,2121
Boraginaceae,Podonosma,4,116,2121
Boraginaceae,Pontechium,1,116,2121
Boraginaceae,Pseudoheterocaryum,4,116,2121
Boraginaceae,Pulmonaria,28,116,2121
Boraginaceae,Rindera,30,116,2121
Boraginaceae,Rochelia,20,116,2121
Boraginaceae,Sauria,1,116,2121
Boraginaceae,Selkirkia,5,116,2121
Boraginaceae,Simpsonanthus,1,116,2121
Boraginaceae,Sinojohnstonia,4,116,2121
Boraginaceae,Solenanthus,28,116,2121
Boraginaceae,Sonnea,2,116,2121
Boraginaceae,Stenosolenium,1,116,2121
Boraginaceae,Stephanocaryum,4,116,2121
Boraginaceae,Suchtelenia,2,116,2121
Boraginaceae,Symphytum,36,116,2121
Boraginaceae,Thaumatocaryon,3,116,2121
Boraginaceae,Thyrocarpus,2,116,2121
Boraginaceae,Tianschaniella,1,116,2121
Boraginaceae,Trachelanthus,4,116,2121
Boraginaceae,Trachystemon,1,116,2121
Boraginaceae,Trichodesma,40,116,2121
Boraginaceae,Trigonocaryum,1,116,2121
Boraginaceae,Trigonotis,67,116,2121
Brachytheciaceae,Aerobryum,2,53,577
Brachytheciaceae,Aerolindigia,1,53,577
Brachytheciaceae,Brachytheciastrum,15,53,577
Brachytheciaceae,Brachytheciella,1,53,577
Brachytheciaceae,Brachythecium,153,53,577
Brachytheciaceae,Bryhnia,2,53,577
Brachytheciaceae,Bryoandersonia,1,53,577
Brachytheciaceae,Camptothecium,2,53,577
Brachytheciaceae,Cirriphyllum,8,53,577
Brachytheciaceae,Claopodium,12,53,577
Brachytheciaceae,Clasmatodon,1,53,577
Brachytheciaceae,Donrichardsia,4,53,577
Brachytheciaceae,Eurhynchiadelphus,1,53,577
Brachytheciaceae,Eurhynchiastrum,2,53,577
Brachytheciaceae,Eurhynchiella,1,53,577
Brachytheciaceae,Eurhynchium,24,53,577
Brachytheciaceae,Flabellidium,1,53,577
Brachytheciaceae,Frahmiella,1,53,577
Brachytheciaceae,Hedenaesia,2,53,577
Brachytheciaceae,Hedenasiastrum,1,53,577
Brachytheciaceae,Helicodontium,20,53,577
Brachytheciaceae,Homalotheciella,3,53,577
Brachytheciaceae,Homalothecium,18,53,577
Brachytheciaceae,Juratzkaeella,1,53,577
Brachytheciaceae,Kindbergia,8,53,577
Brachytheciaceae,Koponeniella,3,53,577
Brachytheciaceae,Lindigia,1,53,577
Brachytheciaceae,Mandoniella,1,53,577
Brachytheciaceae,Meteoridium,2,53,577
Brachytheciaceae,Microeurhynchium,1,53,577
Brachytheciaceae,Myuroclada,2,53,577
Brachytheciaceae,Nobregaea,1,53,577
Brachytheciaceae,Okamuraea,5,53,577
Brachytheciaceae,Oticodium,1,53,577
Brachytheciaceae,Oxyrrhynchium,24,53,577
Brachytheciaceae,Palamocladium,5,53,577
Brachytheciaceae,Plasteurhynchium,2,53,577
Brachytheciaceae,Pseudokindbergia,1,53,577
Brachytheciaceae,Pseudopleuropus,3,53,577
Brachytheciaceae,Pseudorhynchostegiella,1,53,577
Brachytheciaceae,Pseudoscleropodium,1,53,577
Brachytheciaceae,Remyella,6,53,577
Brachytheciaceae,Rhynchostegiella,37,53,577
Brachytheciaceae,Rhynchostegium,142,53,577
Brachytheciaceae,Sainthelenia,1,53,577
Brachytheciaceae,Schimperella,2,53,577
Brachytheciaceae,Sciuro-hypnum,23,53,577
Brachytheciaceae,Scleropodium,6,53,577
Brachytheciaceae,Scorpiurium,5,53,577
Brachytheciaceae,Squamidium,8,53,577
Brachytheciaceae,Stenocarpidiopsis,1,53,577
Brachytheciaceae,Unclejackia,2,53,577
Brachytheciaceae,Zelometeorium,5,53,577
Brassicaceae,Abdra,2,361,4388
Brassicaceae,Acirostrum,1,361,4388
Brassicaceae,Acuston,3,361,4388
Brassicaceae,Aethionema,74,361,4388
Brassicaceae,Aimara,1,361,4388
Brassicaceae,Alliaria,2,361,4388
Brassicaceae,Alshehbazia,3,361,4388
Brassicaceae,Alyssoides,1,361,4388
Brassicaceae,Alyssopsis,2,361,4388
Brassicaceae,Alyssum,128,361,4388
Brassicaceae,Ammosperma,3,361,4388
Brassicaceae,Anastatica,1,361,4388
Brassicaceae,Ancashia,4,361,4388
Brassicaceae,Andrzeiowskia,1,361,4388
Brassicaceae,Anelsonia,1,361,4388
Brassicaceae,Anzhengxia,1,361,4388
Brassicaceae,Aphragmus,16,361,4388
Brassicaceae,Aplanodes,2,361,4388
Brassicaceae,Arabidella,5,361,4388
Brassicaceae,Arabidopsis,13,361,4388
Brassicaceae,Arabis,109,361,4388
Brassicaceae,Arcyosperma,1,361,4388
Brassicaceae,Armoracia,4,361,4388
Brassicaceae,Aschersoniodoxa,3,361,4388
Brassicaceae,Asperuginoides,1,361,4388
Brassicaceae,Asta,1,361,4388
Brassicaceae,Atacama,1,361,4388
Brassicaceae,Atelanthera,1,361,4388
Brassicaceae,Athysanus,2,361,4388
Brassicaceae,Atropatenia,2,361,4388
Brassicaceae,Aubrieta,26,361,4388
Brassicaceae,Aurinia,7,361,4388
Brassicaceae,Baimashania,2,361,4388
Brassicaceae,Ballantinia,1,361,4388
Brassicaceae,Barbarea,31,361,4388
Brassicaceae,Bengt-jonsellia,2,361,4388
Brassicaceae,Berteroa,6,361,4388
Brassicaceae,Biscutella,64,361,4388
Brassicaceae,Bivonaea,1,361,4388
Brassicaceae,Blennodia,2,361,4388
Brassicaceae,Boechera,103,361,4388
Brassicaceae,Borealandea,3,361,4388
Brassicaceae,Bornmuellera,9,361,4388
Brassicaceae,Borodinia,8,361,4388
Brassicaceae,Botschantzevia,1,361,4388
Brassicaceae,Brachypus,1,361,4388
Brassicaceae,Brassica,46,361,4388
Brassicaceae,Braya,23,361,4388
Brassicaceae,Brayopsis,3,361,4388
Brassicaceae,Bunias,2,361,4388
Brassicaceae,Cakile,6,361,4388
Brassicaceae,Calepina,1,361,4388
Brassicaceae,Callothlaspi,5,361,4388
Brassicaceae,Calymmatium,2,361,4388
Brassicaceae,Camelina,8,361,4388
Brassicaceae,Camelinopsis,2,361,4388
Brassicaceae,Capsella,9,361,4388
Brassicaceae,Cardamine,311,361,4388
Brassicaceae,Carinavalva,1,361,4388
Brassicaceae,Carrichtera,1,361,4388
Brassicaceae,Catenulina,1,361,4388
Brassicaceae,Catolobus,2,361,4388
Brassicaceae,Ceratocnemum,5,361,4388
Brassicaceae,Chamira,1,361,4388
Brassicaceae,Chartoloma,1,361,4388
Brassicaceae,Chaunanthus,4,361,4388
Brassicaceae,Chilocardamum,4,361,4388
Brassicaceae,Chlorocrambe,1,361,4388
Brassicaceae,Chorispora,12,361,4388
Brassicaceae,Christolea,3,361,4388
Brassicaceae,Chrysochamela,3,361,4388
Brassicaceae,Cithareloma,2,361,4388
Brassicaceae,Clastopus,2,361,4388
Brassicaceae,Clausia,6,361,4388
Brassicaceae,Clypeola,9,361,4388
Brassicaceae,Cochlearia,19,361,4388
Brassicaceae,Coincya,7,361,4388
Brassicaceae,Conringia,3,361,4388
Brassicaceae,Cordylocarpus,1,361,4388
Brassicaceae,Crambe,41,361,4388
Brassicaceae,Crambella,1,361,4388
Brassicaceae,Cremolobus,5,361,4388
Brassicaceae,Crucihimalaya,13,361,4388
Brassicaceae,Cryptospora,3,361,4388
Brassicaceae,Cuprella,2,361,4388
Brassicaceae,Cusickiella,2,361,4388
Brassicaceae,Cymatocarpus,3,361,4388
Brassicaceae,Dactylocardamum,1,361,4388
Brassicaceae,Degenia,1,361,4388
Brassicaceae,Delpinophytum,1,361,4388
Brassicaceae,Dendroarabis,1,361,4388
Brassicaceae,Descurainia,43,361,4388
Brassicaceae,Diceratella,10,361,4388
Brassicaceae,Dichasianthus,1,361,4388
Brassicaceae,Dictyophragmus,3,361,4388
Brassicaceae,Didesmus,2,361,4388
Brassicaceae,Didymophysa,3,361,4388
Brassicaceae,Dielsiocharis,2,361,4388
Brassicaceae,Dilophia,2,361,4388
Brassicaceae,Dimorphocarpa,4,361,4388
Brassicaceae,Diplotaxis,40,361,4388
Brassicaceae,Dipoma,1,361,4388
Brassicaceae,Diptychocarpus,1,361,4388
Brassicaceae,Dithyrea,2,361,4388
Brassicaceae,Dontostemon,13,361,4388
Brassicaceae,Douepea,2,361,4388
Brassicaceae,Draba,475,361,4388
Brassicaceae,Drabastrum,1,361,4388
Brassicaceae,Drabella,1,361,4388
Brassicaceae,Dryopetalon,9,361,4388
Brassicaceae,Dvorakia,2,361,4388
Brassicaceae,Eigia,1,361,4388
Brassicaceae,Enarthrocarpus,5,361,4388
Brassicaceae,Englerocharis,6,361,4388
Brassicaceae,Eremobium,1,361,4388
Brassicaceae,Eremoblastus,1,361,4388
Brassicaceae,Eremophyton,1,361,4388
Brassicaceae,Erophila,3,361,4388
Brassicaceae,Eruca,4,361,4388
Brassicaceae,Erucaria,10,361,4388
Brassicaceae,Erucastrum,26,361,4388
Brassicaceae,Erysimum,296,361,4388
Brassicaceae,Euclidium,1,361,4388
Brassicaceae,Eudema,10,361,4388
Brassicaceae,Eunomia,4,361,4388
Brassicaceae,Eurycarpus,2,361,4388
Brassicaceae,Eutrema,46,361,4388
Brassicaceae,Exhalimolobos,10,361,4388
Brassicaceae,Farsetia,27,361,4388
Brassicaceae,Fezia,1,361,4388
Brassicaceae,Fibigia,3,361,4388
Brassicaceae,Foleyola,1,361,4388
Brassicaceae,Fortuynia,1,361,4388
Brassicaceae,Fourraea,1,361,4388
Brassicaceae,Friedrichkarlmeyeria,1,361,4388
Brassicaceae,Galitzkya,3,361,4388
Brassicaceae,Geococcus,1,361,4388
Brassicaceae,Glastaria,1,361,4388
Brassicaceae,Goldbachia,7,361,4388
Brassicaceae,Gongylis,1,361,4388
Brassicaceae,Graellsia,9,361,4388
Brassicaceae,Guenthera,3,361,4388
Brassicaceae,Guiraoa,1,361,4388
Brassicaceae,Halimolobos,9,361,4388
Brassicaceae,Harmsiodoxa,3,361,4388
Brassicaceae,Heldreichia,1,361,4388
Brassicaceae,Helicodraba,2,361,4388
Brassicaceae,Heliophila,101,361,4388
Brassicaceae,Hemicrambe,3,361,4388
Brassicaceae,Hemilophia,6,361,4388
Brassicaceae,Henophyton,2,361,4388
Brassicaceae,Hesperidanthus,5,361,4388
Brassicaceae,Hesperis,59,361,4388
Brassicaceae,Hilliella,10,361,4388
Brassicaceae,Hirschfeldia,1,361,4388
Brassicaceae,Hollermayera,1,361,4388
Brassicaceae,Hormathophylla,10,361,4388
Brassicaceae,Hornungia,4,361,4388
Brassicaceae,Horwoodia,1,361,4388
Brassicaceae,Hurkaea,2,361,4388
Brassicaceae,Ianhedgea,1,361,4388
Brassicaceae,Iberis,32,361,4388
Brassicaceae,Idahoa,1,361,4388
Brassicaceae,Ihsanalshehbazia,1,361,4388
Brassicaceae,Iljinskaea,1,361,4388
Brassicaceae,Iodanthus,1,361,4388
Brassicaceae,Ionopsidium,9,361,4388
Brassicaceae,Irania,5,361,4388
Brassicaceae,Irenepharsus,3,361,4388
Brassicaceae,Isatis,97,361,4388
Brassicaceae,Iskandera,1,361,4388
Brassicaceae,Ivania,2,361,4388
Brassicaceae,Kernera,1,361,4388
Brassicaceae,Kotschyella,2,361,4388
Brassicaceae,Kremeriella,1,361,4388
Brassicaceae,Lachnocapsa,1,361,4388
Brassicaceae,Lachnoloma,1,361,4388
Brassicaceae,Ladakiella,1,361,4388
Brassicaceae,Leavenworthia,8,361,4388
Brassicaceae,Leiocarpaea,1,361,4388
Brassicaceae,Leiospora,8,361,4388
Brassicaceae,Lemphoria,5,361,4388
Brassicaceae,Lepidium,279,361,4388
Brassicaceae,Lepidostemon,6,361,4388
Brassicaceae,Lepidotrichum,1,361,4388
Brassicaceae,Leptaleum,2,361,4388
Brassicaceae,Litwinowia,1,361,4388
Brassicaceae,Lobularia,4,361,4388
Brassicaceae,Lunaria,3,361,4388
Brassicaceae,Lutzia,1,361,4388
Brassicaceae,Lyrocarpa,3,361,4388
Brassicaceae,Lysakia,1,361,4388
Brassicaceae,Machaerophorus,1,361,4388
Brassicaceae,Macropodium,2,361,4388
Brassicaceae,Malcolmia,8,361,4388
Brassicaceae,Mancoa,10,361,4388
Brassicaceae,Marcus-kochia,4,361,4388
Brassicaceae,Maresia,6,361,4388
Brassicaceae,Masmenia,1,361,4388
Brassicaceae,Mathewsia,7,361,4388
Brassicaceae,Matthiola,49,361,4388
Brassicaceae,Megacarpaea,8,361,4388
Brassicaceae,Megadenia,3,361,4388
Brassicaceae,Meniocus,7,361,4388
Brassicaceae,Menkea,6,361,4388
Brassicaceae,Menonvillea,24,361,4388
Brassicaceae,Metashangrilaia,1,361,4388
Brassicaceae,Micrantha,1,361,4388
Brassicaceae,Microlepidium,2,361,4388
Brassicaceae,Microstigma,3,361,4388
Brassicaceae,Microthlaspi,5,361,4388
Brassicaceae,Morettia,4,361,4388
Brassicaceae,Moricandia,8,361,4388
Brassicaceae,Morisia,1,361,4388
Brassicaceae,Mostacillastrum,31,361,4388
Brassicaceae,Mummenhoffia,2,361,4388
Brassicaceae,Muricaria,1,361,4388
Brassicaceae,Mutarda,4,361,4388
Brassicaceae,Myagrum,1,361,4388
Brassicaceae,Nasturtiopsis,3,361,4388
Brassicaceae,Nasturtium,7,361,4388
Brassicaceae,Neotorularia,6,361,4388
Brassicaceae,Nerisyrenia,9,361,4388
Brassicaceae,Neslia,2,361,4388
Brassicaceae,Neuontobotrys,14,361,4388
Brassicaceae,Neurotropis,3,361,4388
Brassicaceae,Nevada,1,361,4388
Brassicaceae,Noccaea,99,361,4388
Brassicaceae,Noccidium,1,361,4388
Brassicaceae,Notoceras,1,361,4388
Brassicaceae,Notothlaspi,3,361,4388
Brassicaceae,Octoceras,1,361,4388
Brassicaceae,Odontarrhena,89,361,4388
Brassicaceae,Olimarabidopsis,3,361,4388
Brassicaceae,Onuris,5,361,4388
Brassicaceae,Oreophyton,6,361,4388
Brassicaceae,Ornithocarpa,2,361,4388
Brassicaceae,Orychophragmus,8,361,4388
Brassicaceae,Otocarpus,1,361,4388
Brassicaceae,Pachycladon,12,361,4388
Brassicaceae,Pachymitus,1,361,4388
Brassicaceae,Pachyneurum,1,361,4388
Brassicaceae,Pachyphragma,1,361,4388
Brassicaceae,Parlatoria,2,361,4388
Brassicaceae,Parodiodoxa,1,361,4388
Brassicaceae,Parolinia,6,361,4388
Brassicaceae,Parrya,44,361,4388
Brassicaceae,Parryodes,2,361,4388
Brassicaceae,Paysonia,8,361,4388
Brassicaceae,Peltaria,3,361,4388
Brassicaceae,Peltariopsis,3,361,4388
Brassicaceae,Pennellia,9,361,4388
Brassicaceae,Petiniotia,1,361,4388
Brassicaceae,Petrocallis,2,361,4388
Brassicaceae,Petroravenia,1,361,4388
Brassicaceae,Phlebolobium,1,361,4388
Brassicaceae,Phlegmatospermum,4,361,4388
Brassicaceae,Phoenicaulis,1,361,4388
Brassicaceae,Phravenia,1,361,4388
Brassicaceae,Phyllolepidum,2,361,4388
Brassicaceae,Physaria,111,361,4388
Brassicaceae,Physoptychis,2,361,4388
Brassicaceae,Physorhynchus,2,361,4388
Brassicaceae,Plagioloba,7,361,4388
Brassicaceae,Planodes,3,361,4388
Brassicaceae,Polyctenium,1,361,4388
Brassicaceae,Polypsecadium,15,361,4388
Brassicaceae,Pringlea,1,361,4388
Brassicaceae,Pseuderucaria,2,361,4388
Brassicaceae,Pseudoarabidopsis,1,361,4388
Brassicaceae,Pseudocamelina,8,361,4388
Brassicaceae,Pseudodraba,1,361,4388
Brassicaceae,Pseudosempervivum,3,361,4388
Brassicaceae,Pseudoturritis,1,361,4388
Brassicaceae,Pseudovesicaria,1,361,4388
Brassicaceae,Psychine,1,361,4388
Brassicaceae,Pterygostemon,1,361,4388
Brassicaceae,Pugionium,3,361,4388
Brassicaceae,Pulvinatusia,1,361,4388
Brassicaceae,Pycnoplinthopsis,1,361,4388
Brassicaceae,Pycnoplinthus,2,361,4388
Brassicaceae,Quezeliantha,1,361,4388
Brassicaceae,Quidproquo,1,361,4388
Brassicaceae,Raffenaldia,2,361,4388
Brassicaceae,Raphanorhyncha,1,361,4388
Brassicaceae,Raphanus,3,361,4388
Brassicaceae,Rapistrum,2,361,4388
Brassicaceae,Resetnikia,1,361,4388
Brassicaceae,Rhammatophyllum,7,361,4388
Brassicaceae,Rhamphospermum,2,361,4388
Brassicaceae,Rhizobotrya,1,361,4388
Brassicaceae,Ricotia,10,361,4388
Brassicaceae,Robeschia,1,361,4388
Brassicaceae,Romanschulzia,13,361,4388
Brassicaceae,Rorippa,103,361,4388
Brassicaceae,Rudolf-kamelinia,1,361,4388
Brassicaceae,Rytidocarpus,1,361,4388
Brassicaceae,Sandbergia,2,361,4388
Brassicaceae,Sarcodraba,4,361,4388
Brassicaceae,Savignya,1,361,4388
Brassicaceae,Scambopus,1,361,4388
Brassicaceae,Scapiarabis,4,361,4388
Brassicaceae,Schimpera,1,361,4388
Brassicaceae,Schizopetalon,11,361,4388
Brassicaceae,Schouwia,1,361,4388
Brassicaceae,Schrenkiella,1,361,4388
Brassicaceae,Scoliaxon,1,361,4388
Brassicaceae,Selenia,7,361,4388
Brassicaceae,Shangrilaia,1,361,4388
Brassicaceae,Shehbazia,1,361,4388
Brassicaceae,Sibara,12,361,4388
Brassicaceae,Sinalliaria,2,361,4388
Brassicaceae,Sinapidendron,4,361,4388
Brassicaceae,Sinapis,3,361,4388
Brassicaceae,Sinoarabis,1,361,4388
Brassicaceae,Sisymbrella,2,361,4388
Brassicaceae,Sisymbriopsis,4,361,4388
Brassicaceae,Sisymbrium,49,361,4388
Brassicaceae,Smelowskia,26,361,4388
Brassicaceae,Sobolewskia,4,361,4388
Brassicaceae,Solms-laubachia,32,361,4388
Brassicaceae,Sphaerocardamum,4,361,4388
Brassicaceae,Spryginia,5,361,4388
Brassicaceae,Stanleya,7,361,4388
Brassicaceae,Stenodraba,6,361,4388
Brassicaceae,Stenodrabopsis,3,361,4388
Brassicaceae,Stenopetalum,12,361,4388
Brassicaceae,Sterigmostemum,14,361,4388
Brassicaceae,Stevenia,8,361,4388
Brassicaceae,Streptanthus,58,361,4388
Brassicaceae,Streptoloma,2,361,4388
Brassicaceae,Strigosella,24,361,4388
Brassicaceae,Subularia,2,361,4388
Brassicaceae,Succowia,1,361,4388
Brassicaceae,Synstemon,1,361,4388
Brassicaceae,Synthlipsis,2,361,4388
Brassicaceae,Takhtajaniella,1,361,4388
Brassicaceae,Teesdalia,3,361,4388
Brassicaceae,Terraria,1,361,4388
Brassicaceae,Tetracme,8,361,4388
Brassicaceae,Thelypodiopsis,8,361,4388
Brassicaceae,Thelypodium,16,361,4388
Brassicaceae,Thlaspi,6,361,4388
Brassicaceae,Thlaspiceras,11,361,4388
Brassicaceae,Thysanocarpus,8,361,4388
Brassicaceae,Tomostima,6,361,4388
Brassicaceae,Trichotolinum,1,361,4388
Brassicaceae,Tropidocarpum,4,361,4388
Brassicaceae,Turritis,3,361,4388
Brassicaceae,Vania,4,361,4388
Brassicaceae,Vella,8,361,4388
Brassicaceae,Veselskya,1,361,4388
Brassicaceae,Warea,4,361,4388
Brassicaceae,Weberbauera,22,361,4388
Brassicaceae,Xerodraba,5,361,4388
Brassicaceae,Yinshania,4,361,4388
Brassicaceae,Yosemitea,1,361,4388
Brassicaceae,Yunkia,2,361,4388
Brassicaceae,Zahora,1,361,4388
Brassicaceae,Zilla,2,361,4388
Brassicaceae,Zuloagocardamum,1,361,4388
Bromeliaceae,Acanthostachys,3,79,3739
Bromeliaceae,Aechmea,260,79,3739
Bromeliaceae,Alcantarea,46,79,3739
Bromeliaceae,Ananas,2,79,3739
Bromeliaceae,Androlepis,3,79,3739
Bromeliaceae,Araeococcus,4,79,3739
Bromeliaceae,Bakerantha,5,79,3739
Bromeliaceae,Barfussia,5,79,3739
Bromeliaceae,Billbergia,67,79,3739
Bromeliaceae,Brocchinia,21,79,3739
Bromeliaceae,Bromelia,73,79,3739
Bromeliaceae,Canistropsis,10,79,3739
Bromeliaceae,Canistrum,16,79,3739
Bromeliaceae,Catopsis,23,79,3739
Bromeliaceae,Cipuropsis,12,79,3739
Bromeliaceae,Connellia,6,79,3739
Bromeliaceae,Cottendorfia,1,79,3739
Bromeliaceae,Cryptanthus,63,79,3739
Bromeliaceae,Deinacanthon,1,79,3739
Bromeliaceae,Deuterocohnia,16,79,3739
Bromeliaceae,Disteganthus,4,79,3739
Bromeliaceae,Dyckia,188,79,3739
Bromeliaceae,Edmundoa,3,79,3739
Bromeliaceae,Eduandrea,1,79,3739
Bromeliaceae,Encholirium,37,79,3739
Bromeliaceae,Fascicularia,1,79,3739
Bromeliaceae,Fernseea,2,79,3739
Bromeliaceae,Forzzaea,7,79,3739
Bromeliaceae,Fosterella,34,79,3739
Bromeliaceae,Glomeropitcairnia,2,79,3739
Bromeliaceae,Goudaea,2,79,3739
Bromeliaceae,Gregbrownia,4,79,3739
Bromeliaceae,Greigia,36,79,3739
Bromeliaceae,Guzlandsia,1,79,3739
Bromeliaceae,Guzmania,221,79,3739
Bromeliaceae,Hechtia,90,79,3739
Bromeliaceae,Hohenbergia,56,79,3739
Bromeliaceae,Hohenbergiopsis,1,79,3739
Bromeliaceae,Hohenmea,1,79,3739
Bromeliaceae,Hoplocryptanthus,9,79,3739
Bromeliaceae,Hylaeaicum,12,79,3739
Bromeliaceae,Jagrantia,1,79,3739
Bromeliaceae,Karawata,7,79,3739
Bromeliaceae,Krenakanthus,1,79,3739
Bromeliaceae,Lapanthus,2,79,3739
Bromeliaceae,Lemeltonia,7,79,3739
Bromeliaceae,Lindmania,38,79,3739
Bromeliaceae,Lutheria,4,79,3739
Bromeliaceae,Lymania,10,79,3739
Bromeliaceae,Navia,99,79,3739
Bromeliaceae,Neoglaziovia,3,79,3739
Bromeliaceae,Neoregelia,119,79,3739
Bromeliaceae,Nidularium,48,79,3739
Bromeliaceae,Niduregelia,3,79,3739
Bromeliaceae,Ochagavia,4,79,3739
Bromeliaceae,Orthocryptanthus,3,79,3739
Bromeliaceae,Orthophytum,64,79,3739
Bromeliaceae,Pitcairnia,422,79,3739
Bromeliaceae,Portea,8,79,3739
Bromeliaceae,Pseudalcantarea,3,79,3739
Bromeliaceae,Pseudaraeococcus,7,79,3739
Bromeliaceae,Puya,236,79,3739
Bromeliaceae,Quesnelia,25,79,3739
Bromeliaceae,Racinaea,83,79,3739
Bromeliaceae,Rokautskyia,14,79,3739
Bromeliaceae,Ronnbergia,23,79,3739
Bromeliaceae,Sequencia,1,79,3739
Bromeliaceae,Sincoraea,11,79,3739
Bromeliaceae,Siqueiranthus,1,79,3739
Bromeliaceae,Steyerbromelia,9,79,3739
Bromeliaceae,Stigmatodon,31,79,3739
Bromeliaceae,Tillandsia,691,79,3739
Bromeliaceae,Vriesea,261,79,3739
Bromeliaceae,Wallisia,5,79,3739
Bromeliaceae,Waltillia,2,79,3739
Bromeliaceae,Werauhia,94,79,3739
Bromeliaceae,Wittmackia,44,79,3739
Bromeliaceae,Wittrockia,5,79,3739
Bromeliaceae,Zizkaea,1,79,3739
Bruniaceae,Audouinia,5,6,91
Bruniaceae,Berzelia,17,6,91
Bruniaceae,Brunia,43,6,91
Bruniaceae,Linconia,6,6,91
Bruniaceae,Staavia,11,6,91
Bruniaceae,Thamnea,9,6,91
Bryaceae,Acidodontium,15,17,636
Bryaceae,Anomobryum,45,17,636
Bryaceae,Brachymenium,82,17,636
Bryaceae,Bryum,265,17,636
Bryaceae,Gemmabryum,30,17,636
Bryaceae,Haplodontium,25,17,636
Bryaceae,Imbribryum,20,17,636
Bryaceae,Leptostomopsis,5,17,636
Bryaceae,Mniobryoides,1,17,636
Bryaceae,Ochiobryum,2,17,636
Bryaceae,Osculatia,1,17,636
Bryaceae,Perssonia,1,17,636
Bryaceae,Plagiobryoides,7,17,636
Bryaceae,Plagiobryum,10,17,636
Bryaceae,Ptychostomum,58,17,636
Bryaceae,Rhodobryum,19,17,636
Bryaceae,Rosulabryum,50,17,636
Butomaceae,Butomus,2,1,2
Buxaceae,Buxus,102,6,129
Buxaceae,Didymeles,3,6,129
Buxaceae,Haptanthus,1,6,129
Buxaceae,Pachysandra,3,6,129
Buxaceae,Sarcococca,14,6,129
Buxaceae,Styloceras,6,6,129
Cactaceae,Acanthocalycium,6,185,2249
Cactaceae,Acanthocereus,17,185,2249
Cactaceae,Acharagma,2,185,2249
Cactaceae,Airampoa,16,185,2249
Cactaceae,Aporepiphyllum,1,185,2249
Cactaceae,Aporocactus,4,185,2249
Cactaceae,Aporodisocactus,3,185,2249
Cactaceae,Aporoheliocereus,1,185,2249
Cactaceae,Aporophyllum,1,185,2249
Cactaceae,Ariocarpus,10,185,2249
Cactaceae,Armatocereus,8,185,2249
Cactaceae,Arrojadoa,14,185,2249
Cactaceae,Arthrocereus,4,185,2249
Cactaceae,Astrophytum,6,185,2249
Cactaceae,Austrocactus,17,185,2249
Cactaceae,Austrocylindropuntia,7,185,2249
Cactaceae,Aylostera,9,185,2249
Cactaceae,Aztekium,3,185,2249
Cactaceae,Bergerocactus,1,185,2249
Cactaceae,Blossfeldia,1,185,2249
Cactaceae,Borzicactus,20,185,2249
Cactaceae,Borzicana,1,185,2249
Cactaceae,Borzipostoa,1,185,2249
Cactaceae,Borzivia,1,185,2249
Cactaceae,Brachycereus,1,185,2249
Cactaceae,Brasiliopuntia,2,185,2249
Cactaceae,Browningia,11,185,2249
Cactaceae,Calymmanthium,1,185,2249
Cactaceae,Carnegiea,1,185,2249
Cactaceae,Castellanosia,1,185,2249
Cactaceae,Cephalocereus,17,185,2249
Cactaceae,Cerenocereus,1,185,2249
Cactaceae,Cereus,73,185,2249
Cactaceae,Chamaecereus,5,185,2249
Cactaceae,Chamaelobivia,3,185,2249
Cactaceae,Chichimecactus,1,185,2249
Cactaceae,Cipocereus,5,185,2249
Cactaceae,Cleistocactus,24,185,2249
Cactaceae,Cleistocana,1,185,2249
Cactaceae,Cochemiea,39,185,2249
Cactaceae,Coleocephalocereus,12,185,2249
Cactaceae,Consolea,9,185,2249
Cactaceae,Copiapoa,36,185,2249
Cactaceae,Corryocactus,15,185,2249
Cactaceae,Coryphantha,46,185,2249
Cactaceae,Cremnocereus,1,185,2249
Cactaceae,Cumarinia,1,185,2249
Cactaceae,Cumulopuntia,14,185,2249
Cactaceae,Cylindropuntia,50,185,2249
Cactaceae,Deamia,4,185,2249
Cactaceae,Denmoza,1,185,2249
Cactaceae,Diphalocereus,1,185,2249
Cactaceae,Discocactus,15,185,2249
Cactaceae,Disisocactus,1,185,2249
Cactaceae,Disocactus,24,185,2249
Cactaceae,Disophyllum,3,185,2249
Cactaceae,Disoselenicereus,4,185,2249
Cactaceae,Echinocactus,10,185,2249
Cactaceae,Echinocereus,89,185,2249
Cactaceae,Echinomoza,1,185,2249
Cactaceae,Echinopsis,31,185,2249
Cactaceae,Epinicereus,1,185,2249
Cactaceae,Epiphyllum,17,185,2249
Cactaceae,Epithelantha,10,185,2249
Cactaceae,Epixochia,2,185,2249
Cactaceae,Eriosyce,56,185,2249
Cactaceae,Escontria,1,185,2249
Cactaceae,Espostoa,11,185,2249
Cactaceae,Espostocactus,3,185,2249
Cactaceae,Espostoopsis,1,185,2249
Cactaceae,Eulychnia,10,185,2249
Cactaceae,Facheiroa,7,185,2249
Cactaceae,Ferocactus,31,185,2249
Cactaceae,Frailea,17,185,2249
Cactaceae,Geohintonia,1,185,2249
Cactaceae,Grusonia,21,185,2249
Cactaceae,Gymnocalycium,68,185,2249
Cactaceae,Haageocereus,17,185,2249
Cactaceae,Haagespostoa,3,185,2249
Cactaceae,Harrisia,20,185,2249
Cactaceae,Harrisinopsis,1,185,2249
Cactaceae,Hatiora,3,185,2249
Cactaceae,Heliochia,3,185,2249
Cactaceae,Heliorhipsalis,1,185,2249
Cactaceae,Helioselenius,2,185,2249
Cactaceae,Heliphyllum,3,185,2249
Cactaceae,Homalocephala,3,185,2249
Cactaceae,Isillocactus,1,185,2249
Cactaceae,Isolatocereus,1,185,2249
Cactaceae,Jasminocereus,1,185,2249
Cactaceae,Kadenicarpus,3,185,2249
Cactaceae,Kimnachia,1,185,2249
Cactaceae,Kroenleinia,1,185,2249
Cactaceae,Lactomamillara,1,185,2249
Cactaceae,Lasiocereus,2,185,2249
Cactaceae,Lemaireocereus,2,185,2249
Cactaceae,Lepismium,5,185,2249
Cactaceae,Leptocereus,22,185,2249
Cactaceae,Leuchtenbergia,1,185,2249
Cactaceae,Leucostele,13,185,2249
Cactaceae,Leuenbergeria,8,185,2249
Cactaceae,Lobivia,38,185,2249
Cactaceae,Lophocereus,3,185,2249
Cactaceae,Lophophora,3,185,2249
Cactaceae,Lymanbensonia,5,185,2249
Cactaceae,Maihuenia,2,185,2249
Cactaceae,Maihueniopsis,20,185,2249
Cactaceae,Mammillaria,200,185,2249
Cactaceae,Marshallocereus,1,185,2249
Cactaceae,Matucana,18,185,2249
Cactaceae,Melocactus,53,185,2249
Cactaceae,Micranthocereus,9,185,2249
Cactaceae,Micropuntia,1,185,2249
Cactaceae,Mila,1,185,2249
Cactaceae,Miqueliopuntia,1,185,2249
Cactaceae,Mitrocereus,1,185,2249
Cactaceae,Morangaya,1,185,2249
Cactaceae,Myrtgerocactus,1,185,2249
Cactaceae,Myrtillocactus,4,185,2249
Cactaceae,Neoraimondia,2,185,2249
Cactaceae,Neowerdermannia,2,185,2249
Cactaceae,Nyctocereus,1,185,2249
Cactaceae,Obregonia,1,185,2249
Cactaceae,Opulea,3,185,2249
Cactaceae,Opuntia,183,185,2249
Cactaceae,Oreocereus,11,185,2249
Cactaceae,Oroya,2,185,2249
Cactaceae,Pachebergia,1,185,2249
Cactaceae,Pacherocactus,1,185,2249
Cactaceae,Pachycereus,5,185,2249
Cactaceae,Parodia,69,185,2249
Cactaceae,Pediocactus,9,185,2249
Cactaceae,Pelecyphora,20,185,2249
Cactaceae,Peniocereus,9,185,2249
Cactaceae,Pereskia,10,185,2249
Cactaceae,Pereskiopsis,6,185,2249
Cactaceae,Pfeiffera,6,185,2249
Cactaceae,Phyllocereus,1,185,2249
Cactaceae,Pilosocereus,55,185,2249
Cactaceae,Polascontria,1,185,2249
Cactaceae,Polaskia,2,185,2249
Cactaceae,Praecereus,2,185,2249
Cactaceae,Pseudorhipsalis,5,185,2249
Cactaceae,Pterocactus,10,185,2249
Cactaceae,Pterocereus,1,185,2249
Cactaceae,Punotia,1,185,2249
Cactaceae,Pygmaeocereus,2,185,2249
Cactaceae,Quiabentia,2,185,2249
Cactaceae,Rapicactus,5,185,2249
Cactaceae,Rathbunillocactus,1,185,2249
Cactaceae,Rauhocereus,1,185,2249
Cactaceae,Rebutia,7,185,2249
Cactaceae,Reicheocactus,2,185,2249
Cactaceae,Rhipsalidopsis,3,185,2249
Cactaceae,Rhipsalis,48,185,2249
Cactaceae,Rimacactus,1,185,2249
Cactaceae,Salmonopuntia,2,185,2249
Cactaceae,Schlumbergera,11,185,2249
Cactaceae,Sclerocactus,24,185,2249
Cactaceae,Seleliocereus,4,185,2249
Cactaceae,Selenicereus,34,185,2249
Cactaceae,Seleniphyllum,1,185,2249
Cactaceae,Seleniporocactus,1,185,2249
Cactaceae,Setiechinopsis,1,185,2249
Cactaceae,Soehrensia,28,185,2249
Cactaceae,Stenillocactus,1,185,2249
Cactaceae,Stenocactus,22,185,2249
Cactaceae,Stenocereus,24,185,2249
Cactaceae,Stetsonia,1,185,2249
Cactaceae,Strombocactus,1,185,2249
Cactaceae,Strophocactus,3,185,2249
Cactaceae,Tacinga,14,185,2249
Cactaceae,Tephrocactus,13,185,2249
Cactaceae,Thelocactus,14,185,2249
Cactaceae,Trichocereus,6,185,2249
Cactaceae,Trichoechinopsis,1,185,2249
Cactaceae,Trichomoza,1,185,2249
Cactaceae,Turbinicarpus,59,185,2249
Cactaceae,Turbiniphora,1,185,2249
Cactaceae,Uebelmannia,4,185,2249
Cactaceae,Weberbauerocereus,9,185,2249
Cactaceae,Weberocereus,6,185,2249
Cactaceae,Weingartia,20,185,2249
Cactaceae,Xiquexique,6,185,2249
Cactaceae,Yavia,1,185,2249
Calceolariaceae,Calceolaria,274,2,278
Calceolariaceae,Jovellana,4,2,278
Calycanthaceae,Calycanthus,4,3,11
Calycanthaceae,Chimonanthus,6,3,11
Calycanthaceae,Idiospermum,1,3,11
Calyceraceae,Acicarpha,7,8,49
Calyceraceae,Anachoretes,1,8,49
Calyceraceae,Asynthema,1,8,49
Calyceraceae,Boopis,2,8,49
Calyceraceae,Calycera,8,8,49
Calyceraceae,Gamocarpha,13,8,49
Calyceraceae,Leucocera,7,8,49
Calyceraceae,Moschopsis,10,8,49
Calypogeiaceae,Asperifolia,3,7,81
Calypogeiaceae,Calypogeia,58,7,81
Calypogeiaceae,Eocalypogeia,2,7,81
Calypogeiaceae,Metacalypogeia,2,7,81
Calypogeiaceae,Mizutania,1,7,81
Calypogeiaceae,Mnioloma,14,7,81
Calypogeiaceae,Protocalypogeia,1,7,81
Campanulaceae,Adenophora,62,89,2477
Campanulaceae,Asyneuma,32,89,2477
Campanulaceae,Azorina,1,89,2477
Campanulaceae,Berenice,1,89,2477
Campanulaceae,Brighamia,2,89,2477
Campanulaceae,Burmeistera,116,89,2477
Campanulaceae,Campanula,457,89,2477
Campanulaceae,Canarina,3,89,2477
Campanulaceae,Centropogon,216,89,2477
Campanulaceae,Clermontia,25,89,2477
Campanulaceae,Codonopsis,48,89,2477
Campanulaceae,Craterocapsa,5,89,2477
Campanulaceae,Cryptocodon,1,89,2477
Campanulaceae,Cyananthus,21,89,2477
Campanulaceae,Cyanea,80,89,2477
Campanulaceae,Cyclocodon,3,89,2477
Campanulaceae,Cylindrocarpa,1,89,2477
Campanulaceae,Cyphia,73,89,2477
Campanulaceae,Cyphocarpus,3,89,2477
Campanulaceae,Delissea,16,89,2477
Campanulaceae,Dialypetalum,6,89,2477
Campanulaceae,Diastatea,6,89,2477
Campanulaceae,Dielsantha,1,89,2477
Campanulaceae,Downingia,13,89,2477
Campanulaceae,Echinocodon,1,89,2477
Campanulaceae,Edraianthus,25,89,2477
Campanulaceae,Favratia,1,89,2477
Campanulaceae,Feeria,1,89,2477
Campanulaceae,Fockeanthus,2,89,2477
Campanulaceae,Githopsis,4,89,2477
Campanulaceae,Grammatotheca,1,89,2477
Campanulaceae,Gunillaea,2,89,2477
Campanulaceae,Hanabusaya,1,89,2477
Campanulaceae,Hesperocodon,1,89,2477
Campanulaceae,Heterochaenia,4,89,2477
Campanulaceae,Heterocodon,1,89,2477
Campanulaceae,Heterotoma,1,89,2477
Campanulaceae,Himalacodon,1,89,2477
Campanulaceae,Hippobroma,1,89,2477
Campanulaceae,Homocodon,2,89,2477
Campanulaceae,Howellia,1,89,2477
Campanulaceae,Isotoma,10,89,2477
Campanulaceae,Jasione,14,89,2477
Campanulaceae,Legenere,1,89,2477
Campanulaceae,Legousia,6,89,2477
Campanulaceae,Lithotoma,3,89,2477
Campanulaceae,Lobelia,443,89,2477
Campanulaceae,Lysipomia,33,89,2477
Campanulaceae,Merciera,6,89,2477
Campanulaceae,Michauxia,7,89,2477
Campanulaceae,Microcodon,5,89,2477
Campanulaceae,Monopsis,16,89,2477
Campanulaceae,Muehlbergella,1,89,2477
Campanulaceae,Musschia,3,89,2477
Campanulaceae,Namacodon,1,89,2477
Campanulaceae,Nemacladus,18,89,2477
Campanulaceae,Nesocodon,1,89,2477
Campanulaceae,Ostrowskia,1,89,2477
Campanulaceae,Palmerella,1,89,2477
Campanulaceae,Pankycodon,1,89,2477
Campanulaceae,Peracarpa,1,89,2477
Campanulaceae,Petromarula,1,89,2477
Campanulaceae,Physoplexis,1,89,2477
Campanulaceae,Phyteuma,28,89,2477
Campanulaceae,Platycodon,1,89,2477
Campanulaceae,Porterella,1,89,2477
Campanulaceae,Prismatocarpus,27,89,2477
Campanulaceae,Pseudocodon,8,89,2477
Campanulaceae,Pseudonemacladus,1,89,2477
Campanulaceae,Rhigiophyllum,1,89,2477
Campanulaceae,Roella,24,89,2477
Campanulaceae,Ruthiella,4,89,2477
Campanulaceae,Sachokiella,1,89,2477
Campanulaceae,Sclerotheca,10,89,2477
Campanulaceae,Sergia,2,89,2477
Campanulaceae,Siphocampylus,239,89,2477
Campanulaceae,Siphocodon,2,89,2477
Campanulaceae,Solenopsis,8,89,2477
Campanulaceae,Theilera,2,89,2477
Campanulaceae,Theodorovia,1,89,2477
Campanulaceae,Trachelium,3,89,2477
Campanulaceae,Treichelia,2,89,2477
Campanulaceae,Trematolobelia,8,89,2477
Campanulaceae,Triodanis,6,89,2477
Campanulaceae,Unigenes,1,89,2477
Campanulaceae,Wahlenbergia,268,89,2477
Campanulaceae,Wimmeranthus,1,89,2477
Campanulaceae,Wimmerella,10,89,2477
Campanulaceae,Zeugandra,2,89,2477
Cannabaceae,Aphananthe,5,9,114
Cannabaceae,Cannabis,1,9,114
Cannabaceae,Celtis,70,9,114
Cannabaceae,Chaetachme,1,9,114
Cannabaceae,Gironniera,6,9,114
Cannabaceae,Humulus,7,9,114
Cannabaceae,Lozanella,2,9,114
Cannabaceae,Pteroceltis,1,9,114
Cannabaceae,Trema,21,9,114
Cannaceae,Canna,13,1,13
Capparaceae,Bachmannia,1,16,634
Capparaceae,Beautempsia,1,16,634
Capparaceae,Boscia,30,16,634
Capparaceae,Buchholzia,2,16,634
Capparaceae,Cadaba,29,16,634
Capparaceae,Capparis,143,16,634
Capparaceae,Cleome,200,16,634
Capparaceae,Crateva,21,16,634
Capparaceae,Hypselandra,1,16,634
Capparaceae,Maerua,70,16,634
Capparaceae,Morisonia,87,16,634
Capparaceae,Neocalyptrocalyx,10,16,634
Capparaceae,Neothorelia,1,16,634
Capparaceae,Poilanedora,1,16,634
Capparaceae,Ritchiea,23,16,634
Capparaceae,Thilachium,14,16,634
Caprifoliaceae,Bassecoia,3,27,1126
Caprifoliaceae,Cephalaria,94,27,1126
Caprifoliaceae,Diervilla,4,27,1126
Caprifoliaceae,Dipsacus,23,27,1126
Caprifoliaceae,Heptacodium,1,27,1126
Caprifoliaceae,Knautia,69,27,1126
Caprifoliaceae,Leycesteria,8,27,1126
Caprifoliaceae,Linnaea,18,27,1126
Caprifoliaceae,Lomelosia,61,27,1126
Caprifoliaceae,Lonicera,196,27,1126
Caprifoliaceae,Morina,15,27,1126
Caprifoliaceae,Nardostachys,1,27,1126
Caprifoliaceae,Patrinia,16,27,1126
Caprifoliaceae,Pseudoscabiosa,3,27,1126
Caprifoliaceae,Pterocephalidium,1,27,1126
Caprifoliaceae,Pterocephalus,34,27,1126
Caprifoliaceae,Pycnocomon,2,27,1126
Caprifoliaceae,Scabiosa,65,27,1126
Caprifoliaceae,Succisa,4,27,1126
Caprifoliaceae,Succisella,5,27,1126
Caprifoliaceae,Symphoricarpos,14,27,1126
Caprifoliaceae,Triosteum,7,27,1126
Caprifoliaceae,Triplostegia,1,27,1126
Caprifoliaceae,Valeriana,425,27,1126
Caprifoliaceae,Valerianella,32,27,1126
Caprifoliaceae,Weigela,11,27,1126
Caprifoliaceae,Zabelia,13,27,1126
Caryophyllaceae,Acanthophyllum,74,107,2657
Caryophyllaceae,Achyronychia,1,107,2657
Caryophyllaceae,Adenonema,2,107,2657
Caryophyllaceae,Agrostemma,2,107,2657
Caryophyllaceae,Arenaria,185,107,2657
Caryophyllaceae,Atocion,6,107,2657
Caryophyllaceae,Augustea,4,107,2657
Caryophyllaceae,Balkana,1,107,2657
Caryophyllaceae,Bolanthus,10,107,2657
Caryophyllaceae,Bolbosaponaria,6,107,2657
Caryophyllaceae,Brachystemma,2,107,2657
Caryophyllaceae,Bufonia,32,107,2657
Caryophyllaceae,Cardionema,6,107,2657
Caryophyllaceae,Cerastium,203,107,2657
Caryophyllaceae,Cerdia,1,107,2657
Caryophyllaceae,Chaetonychia,1,107,2657
Caryophyllaceae,Cherleria,20,107,2657
Caryophyllaceae,Colobanthus,23,107,2657
Caryophyllaceae,Cometes,2,107,2657
Caryophyllaceae,Corrigiola,11,107,2657
Caryophyllaceae,Cyathophylla,2,107,2657
Caryophyllaceae,Dianthus,411,107,2657
Caryophyllaceae,Dicheranthus,1,107,2657
Caryophyllaceae,Dichodon,9,107,2657
Caryophyllaceae,Dolophragma,3,107,2657
Caryophyllaceae,Drymaria,55,107,2657
Caryophyllaceae,Drypis,1,107,2657
Caryophyllaceae,Engellaria,1,107,2657
Caryophyllaceae,Eremogone,73,107,2657
Caryophyllaceae,Eudianthe,2,107,2657
Caryophyllaceae,Facchinia,7,107,2657
Caryophyllaceae,Geocarpon,7,107,2657
Caryophyllaceae,Gymnocarpos,11,107,2657
Caryophyllaceae,Gypsophila,149,107,2657
Caryophyllaceae,Gypsophiloides,1,107,2657
Caryophyllaceae,Habrosia,1,107,2657
Caryophyllaceae,Hartmaniella,2,107,2657
Caryophyllaceae,Haya,1,107,2657
Caryophyllaceae,Heliosperma,10,107,2657
Caryophyllaceae,Herniaria,33,107,2657
Caryophyllaceae,Hesperostellaria,1,107,2657
Caryophyllaceae,Heterochroa,6,107,2657
Caryophyllaceae,Himgiria,1,107,2657
Caryophyllaceae,Holosteum,6,107,2657
Caryophyllaceae,Honckenya,1,107,2657
Caryophyllaceae,Illecebrum,1,107,2657
Caryophyllaceae,Jordania,14,107,2657
Caryophyllaceae,Kabulia,1,107,2657
Caryophyllaceae,Krauseola,2,107,2657
Caryophyllaceae,Lepyrodiclis,3,107,2657
Caryophyllaceae,Loeflingia,4,107,2657
Caryophyllaceae,Maguirellaria,2,107,2657
Caryophyllaceae,Mcneillia,7,107,2657
Caryophyllaceae,Mesostemma,11,107,2657
Caryophyllaceae,Microphyes,3,107,2657
Caryophyllaceae,Minuartia,53,107,2657
Caryophyllaceae,Minuartiella,7,107,2657
Caryophyllaceae,Moehringia,30,107,2657
Caryophyllaceae,Moenchia,4,107,2657
Caryophyllaceae,Nubelaria,3,107,2657
Caryophyllaceae,Odontostemma,62,107,2657
Caryophyllaceae,Ortegia,1,107,2657
Caryophyllaceae,Paronychia,74,107,2657
Caryophyllaceae,Pentastemonodiscus,1,107,2657
Caryophyllaceae,Petroana,2,107,2657
Caryophyllaceae,Petrocoptis,9,107,2657
Caryophyllaceae,Petrorhagia,14,107,2657
Caryophyllaceae,Philippiella,1,107,2657
Caryophyllaceae,Pirinia,1,107,2657
Caryophyllaceae,Pollichia,1,107,2657
Caryophyllaceae,Polycarpaea,20,107,2657
Caryophyllaceae,Polycarpon,7,107,2657
Caryophyllaceae,Polytepalum,1,107,2657
Caryophyllaceae,Psammophiliella,2,107,2657
Caryophyllaceae,Psammosilene,1,107,2657
Caryophyllaceae,Pseudocherleria,13,107,2657
Caryophyllaceae,Pseudostellaria,14,107,2657
Caryophyllaceae,Pteranthus,1,107,2657
Caryophyllaceae,Pycnophyllum,22,107,2657
Caryophyllaceae,Rabelera,2,107,2657
Caryophyllaceae,Reicheella,1,107,2657
Caryophyllaceae,Reniostellaria,1,107,2657
Caryophyllaceae,Rhodalsine,1,107,2657
Caryophyllaceae,Sabulina,74,107,2657
Caryophyllaceae,Sagina,36,107,2657
Caryophyllaceae,Saponaria,16,107,2657
Caryophyllaceae,Schiedea,22,107,2657
Caryophyllaceae,Schizotechium,4,107,2657
Caryophyllaceae,Scleranthus,5,107,2657
Caryophyllaceae,Scopulophila,2,107,2657
Caryophyllaceae,Selleola,1,107,2657
Caryophyllaceae,Shivparvatia,10,107,2657
Caryophyllaceae,Silene,485,107,2657
Caryophyllaceae,Spergula,13,107,2657
Caryophyllaceae,Spergularia,52,107,2657
Caryophyllaceae,Sphaerocoma,1,107,2657
Caryophyllaceae,Stellaria,134,107,2657
Caryophyllaceae,Stipulicida,2,107,2657
Caryophyllaceae,Telephium,5,107,2657
Caryophyllaceae,Thurya,1,107,2657
Caryophyllaceae,Thylacospermum,2,107,2657
Caryophyllaceae,Torreyostellaria,1,107,2657
Caryophyllaceae,Triplateia,1,107,2657
Caryophyllaceae,Viscaria,3,107,2657
Caryophyllaceae,Wilhelmsia,1,107,2657
Caryophyllaceae,Xerotia,1,107,2657
Caryophyllaceae,Yazdana,1,107,2657
Casuarinaceae,Allocasuarina,61,4,91
Casuarinaceae,Casuarina,14,4,91
Casuarinaceae,Ceuthostoma,2,4,91
Casuarinaceae,Gymnostoma,14,4,91
Celastraceae,Acanthothamnus,1,98,1357
Celastraceae,Allocassine,1,98,1357
Celastraceae,Anthodon,1,98,1357
Celastraceae,Apatophyllum,5,98,1357
Celastraceae,Apodostigma,1,98,1357
Celastraceae,Arnicratea,2,98,1357
Celastraceae,Bequaertia,1,98,1357
Celastraceae,Brassiantha,2,98,1357
Celastraceae,Brexia,4,98,1357
Celastraceae,Brexiella,2,98,1357
Celastraceae,Campylostemon,7,98,1357
Celastraceae,Canotia,2,98,1357
Celastraceae,Cassine,12,98,1357
Celastraceae,Catha,1,98,1357
Celastraceae,Celastrus,44,98,1357
Celastraceae,Cheiloclinium,13,98,1357
Celastraceae,Crossopetalum,35,98,1357
Celastraceae,Cuervea,7,98,1357
Celastraceae,Denhamia,17,98,1357
Celastraceae,Dicarpellum,4,98,1357
Celastraceae,Dinghoua,1,98,1357
Celastraceae,Elachyptera,8,98,1357
Celastraceae,Elaeodendron,39,98,1357
Celastraceae,Empleuridium,1,98,1357
Celastraceae,Euonymus,143,98,1357
Celastraceae,Evonymopsis,4,98,1357
Celastraceae,Fraunhofera,1,98,1357
Celastraceae,Glyptopetalum,34,98,1357
Celastraceae,Goniodiscus,1,98,1357
Celastraceae,Gyminda,4,98,1357
Celastraceae,Gymnosporia,116,98,1357
Celastraceae,Hartogiopsis,1,98,1357
Celastraceae,Haydenoxylon,3,98,1357
Celastraceae,Hedraianthera,1,98,1357
Celastraceae,Helictonema,1,98,1357
Celastraceae,Hexaspora,1,98,1357
Celastraceae,Hippocratea,4,98,1357
Celastraceae,Hylenaea,3,98,1357
Celastraceae,Hypsophila,2,98,1357
Celastraceae,Kokoona,10,98,1357
Celastraceae,Lauridia,2,98,1357
Celastraceae,Lepuropetalon,1,98,1357
Celastraceae,Loeseneriella,29,98,1357
Celastraceae,Lophopetalum,20,98,1357
Celastraceae,Lydenburgia,2,98,1357
Celastraceae,Macgregoria,1,98,1357
Celastraceae,Maurocenia,1,98,1357
Celastraceae,Maytenus,177,98,1357
Celastraceae,Menepetalum,4,98,1357
Celastraceae,Microtropis,65,98,1357
Celastraceae,Monimopetalum,1,98,1357
Celastraceae,Mortonia,7,98,1357
Celastraceae,Mystroxylon,2,98,1357
Celastraceae,Nicobariodendron,1,98,1357
Celastraceae,Orthosphenia,1,98,1357
Celastraceae,Parnassia,56,98,1357
Celastraceae,Paxistima,2,98,1357
Celastraceae,Peripterygia,1,98,1357
Celastraceae,Peritassa,21,98,1357
Celastraceae,Plagiopteron,1,98,1357
Celastraceae,Platypterocarpus,1,98,1357
Celastraceae,Plenckia,3,98,1357
Celastraceae,Pleurostylia,6,98,1357
Celastraceae,Polycardia,4,98,1357
Celastraceae,Pottingeria,1,98,1357
Celastraceae,Prionostemma,1,98,1357
Celastraceae,Pristimera,37,98,1357
Celastraceae,Psammomoya,4,98,1357
Celastraceae,Pseudosalacia,1,98,1357
Celastraceae,Ptelidium,2,98,1357
Celastraceae,Pterocelastrus,4,98,1357
Celastraceae,Putterlickia,5,98,1357
Celastraceae,Quetzalia,8,98,1357
Celastraceae,Reissantia,9,98,1357
Celastraceae,Robsonodendron,2,98,1357
Celastraceae,Rzedowskia,1,98,1357
Celastraceae,Salacia,215,98,1357
Celastraceae,Salacighia,2,98,1357
Celastraceae,Salaciopsis,6,98,1357
Celastraceae,Salvadoropsis,1,98,1357
Celastraceae,Sarawakodendron,1,98,1357
Celastraceae,Schaefferia,15,98,1357
Celastraceae,Semialarium,2,98,1357
Celastraceae,Simicratea,1,98,1357
Celastraceae,Siphonodon,6,98,1357
Celastraceae,Stackhousia,17,98,1357
Celastraceae,Tetrasiphon,1,98,1357
Celastraceae,Thyrsosalacia,4,98,1357
Celastraceae,Tontelea,19,98,1357
Celastraceae,Torralbasia,1,98,1357
Celastraceae,Tripterococcus,1,98,1357
Celastraceae,Tripterygium,3,98,1357
Celastraceae,Tristemonanthus,2,98,1357
Celastraceae,Trochantha,2,98,1357
Celastraceae,Wilczekra,2,98,1357
Celastraceae,Wimmeria,17,98,1357
Celastraceae,Xylonymus,1,98,1357
Celastraceae,Zinowiewia,14,98,1357
Cephalotaxaceae,Cephalotaxus,8,1,8
Ceratophyllaceae,Ceratophyllum,7,1,7
Cercidiphyllaceae,Cercidiphyllum,2,1,2
Chloranthaceae,Ascarina,12,4,75
Chloranthaceae,Chloranthus,16,4,75
Chloranthaceae,Hedyosmum,46,4,75
Chloranthaceae,Sarcandra,1,4,75
Cistaceae,Cistus,68,8,287
Cistaceae,Crocanthemum,20,8,287
Cistaceae,Fumana,20,8,287
Cistaceae,Helianthemum,143,8,287
Cistaceae,Hudsonia,4,8,287
Cistaceae,Lechea,18,8,287
Cistaceae,Pakaraimaea,1,8,287
Cistaceae,Tuberaria,13,8,287
Clethraceae,Clethra,87,2,100
Clethraceae,Purdiaea,13,2,100
Clusiaceae,Allanblackia,9,18,906
Clusiaceae,Chrysochlamys,36,18,906
Clusiaceae,Clusia,321,18,906
Clusiaceae,Dystovomita,2,18,906
Clusiaceae,Garcinia,407,18,906
Clusiaceae,Havetiopsis,1,18,906
Clusiaceae,Lebrunia,1,18,906
Clusiaceae,Lorostemon,5,18,906
Clusiaceae,Montrouziera,6,18,906
Clusiaceae,Moronobea,7,18,906
Clusiaceae,Nouhuysia,3,18,906
Clusiaceae,Pentadesma,5,18,906
Clusiaceae,Platonia,1,18,906
Clusiaceae,Quapoya,5,18,906
Clusiaceae,Symphonia,16,18,906
Clusiaceae,Thysanostemon,2,18,906
Clusiaceae,Tovomita,77,18,906
Clusiaceae,Tovomitopsis,2,18,906
Colchicaceae,Baeometra,1,15,292
Colchicaceae,Burchardia,6,15,292
Colchicaceae,Camptorrhiza,1,15,292
Colchicaceae,Colchicum,162,15,292
Colchicaceae,Disporum,25,15,292
Colchicaceae,Gloriosa,11,15,292
Colchicaceae,Hexacyrtis,1,15,292
Colchicaceae,Iphigenia,12,15,292
Colchicaceae,Kuntheria,1,15,292
Colchicaceae,Ornithoglossum,9,15,292
Colchicaceae,Sandersonia,1,15,292
Colchicaceae,Schelhammera,2,15,292
Colchicaceae,Tripladenia,1,15,292
Colchicaceae,Uvularia,5,15,292
Colchicaceae,Wurmbea,54,15,292
Columelliaceae,Columellia,5,2,8
Columelliaceae,Desfontainia,3,2,8
Commelinaceae,Aetheolirion,1,38,784
Commelinaceae,Amischotolype,27,38,784
Commelinaceae,Aneilema,70,38,784
Commelinaceae,Buforrestia,3,38,784
Commelinaceae,Callisia,16,38,784
Commelinaceae,Cartonema,7,38,784
Commelinaceae,Cochliostema,2,38,784
Commelinaceae,Coleotrype,10,38,784
Commelinaceae,Commelina,210,38,784
Commelinaceae,Cuthbertia,3,38,784
Commelinaceae,Cyanotis,50,38,784
Commelinaceae,Dichorisandra,56,38,784
Commelinaceae,Dictyospermum,5,38,784
Commelinaceae,Elasis,2,38,784
Commelinaceae,Floscopa,21,38,784
Commelinaceae,Geogenanthus,3,38,784
Commelinaceae,Gibasis,14,38,784
Commelinaceae,Gibasoides,1,38,784
Commelinaceae,Hadrodemas,1,38,784
Commelinaceae,Matudanthus,1,38,784
Commelinaceae,Murdannia,64,38,784
Commelinaceae,Palisota,31,38,784
Commelinaceae,Plowmanianthus,5,38,784
Commelinaceae,Pollia,23,38,784
Commelinaceae,Polyspatha,3,38,784
Commelinaceae,Pseudoparis,3,38,784
Commelinaceae,Sauvallia,1,38,784
Commelinaceae,Siderasis,6,38,784
Commelinaceae,Spatholirion,8,38,784
Commelinaceae,Stanfieldiella,4,38,784
Commelinaceae,Streptolirion,2,38,784
Commelinaceae,Thyrsanthemum,3,38,784
Commelinaceae,Tinantia,13,38,784
Commelinaceae,Tradescantia,82,38,784
Commelinaceae,Tricarpelema,8,38,784
Commelinaceae,Triceratella,1,38,784
Commelinaceae,Tripogandra,22,38,784
Commelinaceae,Weldenia,2,38,784
Convolvulaceae,Aniseia,4,58,2074
Convolvulaceae,Argyreia,144,58,2074
Convolvulaceae,Astripomoea,12,58,2074
Convolvulaceae,Bonamia,71,58,2074
Convolvulaceae,Calycobolus,25,58,2074
Convolvulaceae,Calystegia,33,58,2074
Convolvulaceae,Camonea,4,58,2074
Convolvulaceae,Cardiochlamys,2,58,2074
Convolvulaceae,Cladostigma,3,58,2074
Convolvulaceae,Convolvulus,210,58,2074
Convolvulaceae,Cordisepalum,2,58,2074
Convolvulaceae,Cressa,4,58,2074
Convolvulaceae,Cuscuta,225,58,2074
Convolvulaceae,Daustinia,1,58,2074
Convolvulaceae,Decalobanthus,18,58,2074
Convolvulaceae,Dichondra,16,58,2074
Convolvulaceae,Dicranostyles,15,58,2074
Convolvulaceae,Dinetus,8,58,2074
Convolvulaceae,Dipteropeltis,3,58,2074
Convolvulaceae,Distimake,52,58,2074
Convolvulaceae,Duperreya,3,58,2074
Convolvulaceae,Erycibe,73,58,2074
Convolvulaceae,Evolvulus,108,58,2074
Convolvulaceae,Falkia,4,58,2074
Convolvulaceae,Hewittia,2,58,2074
Convolvulaceae,Hildebrandtia,11,58,2074
Convolvulaceae,Humbertia,1,58,2074
Convolvulaceae,Hyalocystis,2,58,2074
Convolvulaceae,Ipomoea,694,58,2074
Convolvulaceae,Itzaea,1,58,2074
Convolvulaceae,Jacquemontia,112,58,2074
Convolvulaceae,Lepistemon,7,58,2074
Convolvulaceae,Lepistemonopsis,1,58,2074
Convolvulaceae,Lysiostyles,1,58,2074
Convolvulaceae,Maripa,23,58,2074
Convolvulaceae,Merremia,39,58,2074
Convolvulaceae,Metaporana,6,58,2074
Convolvulaceae,Nephrophyllum,1,58,2074
Convolvulaceae,Neuropeltis,14,58,2074
Convolvulaceae,Neuropeltopsis,1,58,2074
Convolvulaceae,Odonellia,2,58,2074
Convolvulaceae,Operculina,14,58,2074
Convolvulaceae,Paralepistemon,2,58,2074
Convolvulaceae,Petrogenia,1,58,2074
Convolvulaceae,Polymeria,11,58,2074
Convolvulaceae,Porana,2,58,2074
Convolvulaceae,Poranopsis,3,58,2074
Convolvulaceae,Rapona,1,58,2074
Convolvulaceae,Remirema,1,58,2074
Convolvulaceae,Rivea,3,58,2074
Convolvulaceae,Seddera,28,58,2074
Convolvulaceae,Stictocardia,13,58,2074
Convolvulaceae,Stylisma,6,58,2074
Convolvulaceae,Tetralocularia,1,58,2074
Convolvulaceae,Tridynamia,4,58,2074
Convolvulaceae,Turbina,17,58,2074
Convolvulaceae,Wilsonia,3,58,2074
Convolvulaceae,Xenostegia,6,58,2074
Coriariaceae,Coriaria,17,1,17
Cornaceae,Alangium,58,3,118
Cornaceae,Cornus,58,3,118
Cornaceae,Toricellia,2,3,118
Crassulaceae,Adromischus,32,39,1700
Crassulaceae,Aeonium,85,39,1700
Crassulaceae,Afrovivella,1,39,1700
Crassulaceae,Aichryson,20,39,1700
Crassulaceae,Chaloupkaea,8,39,1700
Crassulaceae,Chiastophyllum,1,39,1700
Crassulaceae,Cotyledon,18,39,1700
Crassulaceae,Crassula,219,39,1700
Crassulaceae,Cremneria,1,39,1700
Crassulaceae,Cremnophila,3,39,1700
Crassulaceae,Dudleya,49,39,1700
Crassulaceae,Echeveria,186,39,1700
Crassulaceae,Graptopetalum,17,39,1700
Crassulaceae,Hylotelephium,28,39,1700
Crassulaceae,Hypagophytum,1,39,1700
Crassulaceae,Kalanchoe,170,39,1700
Crassulaceae,Kungia,2,39,1700
Crassulaceae,Lenophyllum,8,39,1700
Crassulaceae,Meterostachys,1,39,1700
Crassulaceae,Monanthes,22,39,1700
Crassulaceae,Orostachys,13,39,1700
Crassulaceae,Pachyphytum,19,39,1700
Crassulaceae,Pachyveria,1,39,1700
Crassulaceae,Perrierosedum,1,39,1700
Crassulaceae,Petrosedum,24,39,1700
Crassulaceae,Phedimus,16,39,1700
Crassulaceae,Pistorinia,4,39,1700
Crassulaceae,Prometheum,3,39,1700
Crassulaceae,Pseudosedum,14,39,1700
Crassulaceae,Reidmorania,1,39,1700
Crassulaceae,Rhodiola,53,39,1700
Crassulaceae,Rosularia,26,39,1700
Crassulaceae,Sedum,474,39,1700
Crassulaceae,Sempervivum,65,39,1700
Crassulaceae,Sinocrassula,9,39,1700
Crassulaceae,Thompsonella,8,39,1700
Crassulaceae,Tylecodon,50,39,1700
Crassulaceae,Umbilicus,17,39,1700
Crassulaceae,Villadia,30,39,1700
Cucurbitaceae,Abobra,1,100,1057
Cucurbitaceae,Acanthosicyos,1,100,1057
Cucurbitaceae,Actinostemma,3,100,1057
Cucurbitaceae,Alsomitra,1,100,1057
Cucurbitaceae,Ampelosicyos,6,100,1057
Cucurbitaceae,Ampelosycios,2,100,1057
Cucurbitaceae,Apodanthera,26,100,1057
Cucurbitaceae,Austrobryonia,4,100,1057
Cucurbitaceae,Baijiania,4,100,1057
Cucurbitaceae,Bambekea,1,100,1057
Cucurbitaceae,Bayabusua,1,100,1057
Cucurbitaceae,Benincasa,2,100,1057
Cucurbitaceae,Blastania,3,100,1057
Cucurbitaceae,Bolbostemma,2,100,1057
Cucurbitaceae,Borneosicyos,1,100,1057
Cucurbitaceae,Brandegea,1,100,1057
Cucurbitaceae,Bryonia,10,100,1057
Cucurbitaceae,Calycophysum,4,100,1057
Cucurbitaceae,Cayaponia,77,100,1057
Cucurbitaceae,Cephalopentandra,1,100,1057
Cucurbitaceae,Ceratosanthes,11,100,1057
Cucurbitaceae,Cionosicys,4,100,1057
Cucurbitaceae,Citrullus,7,100,1057
Cucurbitaceae,Coccinia,28,100,1057
Cucurbitaceae,Cogniauxia,2,100,1057
Cucurbitaceae,Corallocarpus,15,100,1057
Cucurbitaceae,Cucumis,60,100,1057
Cucurbitaceae,Cucurbita,19,100,1057
Cucurbitaceae,Cucurbitella,1,100,1057
Cucurbitaceae,Cyclanthera,48,100,1057
Cucurbitaceae,Cyclantheropsis,3,100,1057
Cucurbitaceae,Dactyliandra,1,100,1057
Cucurbitaceae,Dendrosicyos,2,100,1057
Cucurbitaceae,Diplocyclos,5,100,1057
Cucurbitaceae,Doyerea,1,100,1057
Cucurbitaceae,Ecballium,1,100,1057
Cucurbitaceae,Echinocystis,1,100,1057
Cucurbitaceae,Echinopepon,21,100,1057
Cucurbitaceae,Eureiandra,8,100,1057
Cucurbitaceae,Fevillea,9,100,1057
Cucurbitaceae,Gerrardanthus,5,100,1057
Cucurbitaceae,Gomphogyne,6,100,1057
Cucurbitaceae,Gurania,48,100,1057
Cucurbitaceae,Gynostemma,17,100,1057
Cucurbitaceae,Halosicyos,1,100,1057
Cucurbitaceae,Hanburia,7,100,1057
Cucurbitaceae,Helmontia,4,100,1057
Cucurbitaceae,Hemsleya,26,100,1057
Cucurbitaceae,Herpetospermum,4,100,1057
Cucurbitaceae,Hodgsonia,2,100,1057
Cucurbitaceae,Ibervillea,8,100,1057
Cucurbitaceae,Indofevillea,2,100,1057
Cucurbitaceae,Indomelothria,2,100,1057
Cucurbitaceae,Kedrostis,22,100,1057
Cucurbitaceae,Khmeriosicyos,1,100,1057
Cucurbitaceae,Lagenaria,6,100,1057
Cucurbitaceae,Lemurosicyos,1,100,1057
Cucurbitaceae,Linnaeosicyos,1,100,1057
Cucurbitaceae,Luffa,10,100,1057
Cucurbitaceae,Marah,8,100,1057
Cucurbitaceae,Melothria,13,100,1057
Cucurbitaceae,Microsechium,4,100,1057
Cucurbitaceae,Momordica,50,100,1057
Cucurbitaceae,Muellerargia,2,100,1057
Cucurbitaceae,Neoalsomitra,11,100,1057
Cucurbitaceae,Nothoalsomitra,1,100,1057
Cucurbitaceae,Oreosyce,1,100,1057
Cucurbitaceae,Papuasicyos,7,100,1057
Cucurbitaceae,Parasicyos,2,100,1057
Cucurbitaceae,Penelopeia,2,100,1057
Cucurbitaceae,Peponium,20,100,1057
Cucurbitaceae,Peponopsis,1,100,1057
Cucurbitaceae,Polyclathra,1,100,1057
Cucurbitaceae,Psiguria,6,100,1057
Cucurbitaceae,Pteropepon,5,100,1057
Cucurbitaceae,Raphidiocystis,5,100,1057
Cucurbitaceae,Ruthalicia,2,100,1057
Cucurbitaceae,Schizocarpum,10,100,1057
Cucurbitaceae,Schizopepon,8,100,1057
Cucurbitaceae,Scopellaria,2,100,1057
Cucurbitaceae,Sechiopsis,5,100,1057
Cucurbitaceae,Selysia,4,100,1057
Cucurbitaceae,Seyrigia,6,100,1057
Cucurbitaceae,Sicana,4,100,1057
Cucurbitaceae,Sicydium,9,100,1057
Cucurbitaceae,Sicyocaulis,1,100,1057
Cucurbitaceae,Sicyos,66,100,1057
Cucurbitaceae,Sicyosperma,1,100,1057
Cucurbitaceae,Sinobaijiania,1,100,1057
Cucurbitaceae,Siolmatra,2,100,1057
Cucurbitaceae,Siraitia,3,100,1057
Cucurbitaceae,Tecunumania,1,100,1057
Cucurbitaceae,Thladiantha,25,100,1057
Cucurbitaceae,Trichosanthes,107,100,1057
Cucurbitaceae,Trochomeria,10,100,1057
Cucurbitaceae,Trochomeriopsis,1,100,1057
Cucurbitaceae,Wilbrandia,5,100,1057
Cucurbitaceae,Xerosicyos,6,100,1057
Cucurbitaceae,Zanonia,2,100,1057
Cucurbitaceae,Zehneria,66,100,1057
Cunoniaceae,Ackama,10,27,338
Cunoniaceae,Acrophyllum,1,27,338
Cunoniaceae,Aistopetalum,2,27,338
Cunoniaceae,Anodopetalum,1,27,338
Cunoniaceae,Bauera,3,27,338
Cunoniaceae,Caldcluvia,1,27,338
Cunoniaceae,Callicoma,1,27,338
Cunoniaceae,Ceratopetalum,9,27,338
Cunoniaceae,Codia,16,27,338
Cunoniaceae,Cunonia,26,27,338
Cunoniaceae,Davidsonia,3,27,338
Cunoniaceae,Eucryphia,10,27,338
Cunoniaceae,Geissois,19,27,338
Cunoniaceae,Gillbeea,3,27,338
Cunoniaceae,Hooglandia,1,27,338
Cunoniaceae,Karrabina,2,27,338
Cunoniaceae,Lamanonia,6,27,338
Cunoniaceae,Opocunonia,1,27,338
Cunoniaceae,Pancheria,27,27,338
Cunoniaceae,Platylophus,1,27,338
Cunoniaceae,Pseudoweinmannia,2,27,338
Cunoniaceae,Pterophylla,67,27,338
Cunoniaceae,Pullea,3,27,338
Cunoniaceae,Schizomeria,9,27,338
Cunoniaceae,Spiraeanthemum,19,27,338
Cunoniaceae,Vesselowskya,2,27,338
Cunoniaceae,Weinmannia,93,27,338
Cupressaceae,Athrotaxis,3,30,173
Cupressaceae,Austrocedrus,1,30,173
Cupressaceae,Callitris,19,30,173
Cupressaceae,Callitropsis,1,30,173
Cupressaceae,Calocedrus,4,30,173
Cupressaceae,Chamaecyparis,7,30,173
Cupressaceae,Cryptomeria,1,30,173
Cupressaceae,Cunninghamia,2,30,173
Cupressaceae,Cupressus,12,30,173
Cupressaceae,Diselma,1,30,173
Cupressaceae,Fitzroya,1,30,173
Cupressaceae,Glyptostrobus,1,30,173
Cupressaceae,Hesperocyparis,17,30,173
Cupressaceae,Hesperotropsis,3,30,173
Cupressaceae,Juniperus,72,30,173
Cupressaceae,Libocedrus,6,30,173
Cupressaceae,Metasequoia,1,30,173
Cupressaceae,Microbiota,1,30,173
Cupressaceae,Papuacedrus,1,30,173
Cupressaceae,Pilgerodendron,1,30,173
Cupressaceae,Platycladus,1,30,173
Cupressaceae,Sequoia,1,30,173
Cupressaceae,Sequoiadendron,1,30,173
Cupressaceae,Taiwania,1,30,173
Cupressaceae,Taxodium,2,30,173
Cupressaceae,Tetraclinis,1,30,173
Cupressaceae,Thuja,5,30,173
Cupressaceae,Thujopsis,1,30,173
Cupressaceae,Widdringtonia,4,30,173
Cupressaceae,Xanthocyparis,1,30,173
Cyperaceae,Abildgaardia,10,96,6087
Cyperaceae,Actinoschoenus,3,96,6087
Cyperaceae,Actinoscirpus,1,96,6087
Cyperaceae,Afroscirpoides,1,96,6087
Cyperaceae,Afrotrilepis,2,96,6087
Cyperaceae,Ammothryon,1,96,6087
Cyperaceae,Amphiscirpus,1,96,6087
Cyperaceae,Anthelepis,4,96,6087
Cyperaceae,Arthrostylis,2,96,6087
Cyperaceae,Asterochaete,9,96,6087
Cyperaceae,Becquerelia,6,96,6087
Cyperaceae,Bisboeckelera,4,96,6087
Cyperaceae,Blysmus,2,96,6087
Cyperaceae,Bolboschoenus,18,96,6087
Cyperaceae,Bulbostylis,226,96,6087
Cyperaceae,Calliscirpus,2,96,6087
Cyperaceae,Calyptrocarya,8,96,6087
Cyperaceae,Capeobolus,1,96,6087
Cyperaceae,Capitularina,1,96,6087
Cyperaceae,Carex,2351,96,6087
Cyperaceae,Carpha,14,96,6087
Cyperaceae,Caustis,7,96,6087
Cyperaceae,Cephalocarpus,24,96,6087
Cyperaceae,Chaetospora,3,96,6087
Cyperaceae,Chamaedendron,5,96,6087
Cyperaceae,Chorizandra,6,96,6087
Cyperaceae,Chrysitrix,4,96,6087
Cyperaceae,Cladium,4,96,6087
Cyperaceae,Coleochloa,8,96,6087
Cyperaceae,Costularia,16,96,6087
Cyperaceae,Cryptangium,1,96,6087
Cyperaceae,Cyathochaeta,6,96,6087
Cyperaceae,Cyathocoma,3,96,6087
Cyperaceae,Cyperus,957,96,6087
Cyperaceae,Didymiandrum,1,96,6087
Cyperaceae,Diplacrum,13,96,6087
Cyperaceae,Diplasia,1,96,6087
Cyperaceae,Dracoscirpoides,3,96,6087
Cyperaceae,Dulichium,1,96,6087
Cyperaceae,Eleocharis,311,96,6087
Cyperaceae,Eriophorum,24,96,6087
Cyperaceae,Erioscirpus,2,96,6087
Cyperaceae,Evandra,2,96,6087
Cyperaceae,Exocarya,1,96,6087
Cyperaceae,Exochogyne,2,96,6087
Cyperaceae,Ficinia,92,96,6087
Cyperaceae,Fimbristylis,317,96,6087
Cyperaceae,Fuirena,56,96,6087
Cyperaceae,Gahnia,42,96,6087
Cyperaceae,Gymnoschoenus,2,96,6087
Cyperaceae,Hellmuthia,1,96,6087
Cyperaceae,Hypolytrum,63,96,6087
Cyperaceae,Isolepis,71,96,6087
Cyperaceae,Khaosokia,1,96,6087
Cyperaceae,Koyamaea,1,96,6087
Cyperaceae,Krenakia,10,96,6087
Cyperaceae,Lagenocarpus,18,96,6087
Cyperaceae,Lepidosperma,83,96,6087
Cyperaceae,Lepironia,1,96,6087
Cyperaceae,Machaerina,52,96,6087
Cyperaceae,Mapania,101,96,6087
Cyperaceae,Mesomelaena,5,96,6087
Cyperaceae,Microdracoides,1,96,6087
Cyperaceae,Morelotia,6,96,6087
Cyperaceae,Neesenbeckia,1,96,6087
Cyperaceae,Nelmesia,1,96,6087
Cyperaceae,Netrostylis,2,96,6087
Cyperaceae,Oreobolus,17,96,6087
Cyperaceae,Paramapania,7,96,6087
Cyperaceae,Phylloscirpus,3,96,6087
Cyperaceae,Principina,1,96,6087
Cyperaceae,Pseudoschoenus,1,96,6087
Cyperaceae,Ptilothrix,1,96,6087
Cyperaceae,Reedia,1,96,6087
Cyperaceae,Rhodoscirpus,1,96,6087
Cyperaceae,Rhynchocladium,1,96,6087
Cyperaceae,Rhynchospora,389,96,6087
Cyperaceae,Schoenoplectiella,75,96,6087
Cyperaceae,Schoenoplectus,24,96,6087
Cyperaceae,Schoenus,155,96,6087
Cyperaceae,Scirpodendron,2,96,6087
Cyperaceae,Scirpoides,4,96,6087
Cyperaceae,Scirpus,50,96,6087
Cyperaceae,Scleria,260,96,6087
Cyperaceae,Scleroschoenus,6,96,6087
Cyperaceae,Sumatroscirpus,4,96,6087
Cyperaceae,Tetraria,40,96,6087
Cyperaceae,Trachystylis,1,96,6087
Cyperaceae,Trianoptiles,3,96,6087
Cyperaceae,Trichophorum,21,96,6087
Cyperaceae,Trichoschoenus,1,96,6087
Cyperaceae,Tricostularia,9,96,6087
Cyperaceae,Trilepis,5,96,6087
Cyperaceae,Xyroschoenus,1,96,6087
Cyperaceae,Zameioscirpus,3,96,6087
Cyperaceae,Zulustylis,2,96,6087
Cyrillaceae,Cliftonia,1,2,11
Cyrillaceae,Cyrilla,10,2,11
Cystopteridaceae,Acystopteris,3,4,49
Cystopteridaceae,Cystocarpium,1,4,49
Cystopteridaceae,Cystopteris,31,4,49
Cystopteridaceae,Gymnocarpium,14,4,49
Daphniphyllaceae,Daphniphyllum,31,1,31
Datiscaceae,Datisca,2,1,2
Davalliaceae,Davallia,63,1,63
Dennstaedtiaceae,Blotiella,20,11,254
Dennstaedtiaceae,Dennstaedtia,55,11,254
Dennstaedtiaceae,Histiopteris,11,11,254
Dennstaedtiaceae,Hiya,4,11,254
Dennstaedtiaceae,Hypolepis,74,11,254
Dennstaedtiaceae,Microlepia,59,11,254
Dennstaedtiaceae,Monachosorum,6,11,254
Dennstaedtiaceae,Mucura,3,11,254
Dennstaedtiaceae,Paesia,12,11,254
Dennstaedtiaceae,Pteridium,5,11,254
Dennstaedtiaceae,Sitobolium,5,11,254
Diapensiaceae,Berneuxia,1,5,13
Diapensiaceae,Diapensia,6,5,13
Diapensiaceae,Galax,1,5,13
Diapensiaceae,Pyxidanthera,2,5,13
Diapensiaceae,Schizocodon,3,5,13
Dicranaceae,Braunfelsia,7,23,399
Dicranaceae,Brotherobryum,4,23,399
Dicranaceae,Chorisodontium,9,23,399
Dicranaceae,Cryptodicranum,1,23,399
Dicranaceae,Dicnemon,13,23,399
Dicranaceae,Dicranoloma,71,23,399
Dicranaceae,Dicranum,101,23,399
Dicranaceae,Eucamptodontopsis,5,23,399
Dicranaceae,Hollia,2,23,399
Dicranaceae,Holomitrium,49,23,399
Dicranaceae,Leucoloma,106,23,399
Dicranaceae,Macrodictyum,3,23,399
Dicranaceae,Mesotus,1,23,399
Dicranaceae,Muscoherzogia,1,23,399
Dicranaceae,Orthodicranum,6,23,399
Dicranaceae,Paraleucobryum,3,23,399
Dicranaceae,Parisia,3,23,399
Dicranaceae,Phantomia,1,23,399
Dicranaceae,Platyneuron,1,23,399
Dicranaceae,Pseudochorisodontium,6,23,399
Dicranaceae,Schliephackea,2,23,399
Dicranaceae,Sclerodontium,3,23,399
Dicranaceae,Wardia,1,23,399
Dilleniaceae,Acrotrema,11,11,551
Dilleniaceae,Curatella,1,11,551
Dilleniaceae,Davilla,35,11,551
Dilleniaceae,Didesmandra,1,11,551
Dilleniaceae,Dillenia,60,11,551
Dilleniaceae,Doliocarpus,58,11,551
Dilleniaceae,Hibbertia,325,11,551
Dilleniaceae,Neodillenia,3,11,551
Dilleniaceae,Pinzona,1,11,551
Dilleniaceae,Schumacheria,3,11,551
Dilleniaceae,Tetracera,53,11,551
Dioscoreaceae,Dioscorea,644,4,668
Dioscoreaceae,Stenomeris,2,4,668
Dioscoreaceae,Tacca,20,4,668
Dioscoreaceae,Trichopus,2,4,668
Dipentodontaceae,Dipentodon,1,2,22
Dipentodontaceae,Perrottetia,21,2,22
Dipteridaceae,Cheiropleuria,3,2,11
Dipteridaceae,Dipteris,8,2,11
Ditrichaceae,Astomiopsis,1,10,120
Ditrichaceae,Cladastomum,2,10,120
Ditrichaceae,Crumuscus,1,10,120
Ditrichaceae,Ditrichopsis,1,10,120
Ditrichaceae,Ditrichum,57,10,120
Ditrichaceae,Kleioweisiopsis,1,10,120
Ditrichaceae,Pleuriditrichum,1,10,120
Ditrichaceae,Pleuridium,51,10,120
Ditrichaceae,Skottsbergia,1,10,120
Ditrichaceae,Tristichium,4,10,120
Droseraceae,Aldrovanda,1,3,246
Droseraceae,Dionaea,1,3,246
Droseraceae,Drosera,244,3,246
Dryopteridaceae,Arachniodes,91,26,2423
Dryopteridaceae,Bolbitis,76,26,2423
Dryopteridaceae,Ctenitis,148,26,2423
Dryopteridaceae,Cyclobotrya,2,26,2423
Dryopteridaceae,Cyclodium,14,26,2423
Dryopteridaceae,Cyrtomium,41,26,2423
Dryopteridaceae,Dryopteris,455,26,2423
Dryopteridaceae,Dryostichum,2,26,2423
Dryopteridaceae,Elaphoglossum,779,26,2423
Dryopteridaceae,Lastreopsis,21,26,2423
Dryopteridaceae,Lomagramma,18,26,2423
Dryopteridaceae,Maxonia,1,26,2423
Dryopteridaceae,Megalastrum,97,26,2423
Dryopteridaceae,Mickelia,11,26,2423
Dryopteridaceae,Olfersia,4,26,2423
Dryopteridaceae,Parapolystichum,30,26,2423
Dryopteridaceae,Phanerophlebia,10,26,2423
Dryopteridaceae,Pleocnemia,21,26,2423
Dryopteridaceae,Polybotrya,39,26,2423
Dryopteridaceae,Polystichopsis,8,26,2423
Dryopteridaceae,Polystichum,502,26,2423
Dryopteridaceae,Pseudarachniodes,1,26,2423
Dryopteridaceae,Rumohra,11,26,2423
Dryopteridaceae,Stigmatopteris,28,26,2423
Dryopteridaceae,Teratophyllum,12,26,2423
Dryopteridaceae,Trichoneuron,1,26,2423
Ebenaceae,Diospyros,806,3,830
Ebenaceae,Euclea,16,3,830
Ebenaceae,Lissocarpa,8,3,830
Ehretiaceae,Bourreria,50,8,182
Ehretiaceae,Ehretia,66,8,182
Ehretiaceae,Halgania,17,8,182
Ehretiaceae,Keraunea,5,8,182
Ehretiaceae,Lepidocordia,2,8,182
Ehretiaceae,Rochefortia,12,8,182
Ehretiaceae,Rotula,2,8,182
Ehretiaceae,Tiquilia,28,8,182
Elaeagnaceae,Elaeagnus,95,3,106
Elaeagnaceae,Hippophae,8,3,106
Elaeagnaceae,Shepherdia,3,3,106
Elaeocarpaceae,Aceratium,20,12,796
Elaeocarpaceae,Aristotelia,6,12,796
Elaeocarpaceae,Crinodendron,4,12,796
Elaeocarpaceae,Dubouzetia,11,12,796
Elaeocarpaceae,Elaeocarpus,488,12,796
Elaeocarpaceae,Peripentadenia,2,12,796
Elaeocarpaceae,Platytheca,3,12,796
Elaeocarpaceae,Sericolea,18,12,796
Elaeocarpaceae,Sloanea,187,12,796
Elaeocarpaceae,Tetratheca,53,12,796
Elaeocarpaceae,Tremandra,2,12,796
Elaeocarpaceae,Vallea,2,12,796
Ephedraceae,Ephedra,74,1,74
Equisetaceae,Equisetum,41,1,41
Ericaceae,Acrothamnus,7,126,5155
Ericaceae,Acrotriche,18,126,5155
Ericaceae,Agapetes,151,126,5155
Ericaceae,Agarista,34,126,5155
Ericaceae,Agiortia,3,126,5155
Ericaceae,Allotropa,1,126,5155
Ericaceae,Andersonia,30,126,5155
Ericaceae,Andromeda,1,126,5155
Ericaceae,Androstoma,2,126,5155
Ericaceae,Anthopteropsis,1,126,5155
Ericaceae,Anthopterus,13,126,5155
Ericaceae,Arbutus,16,126,5155
Ericaceae,Archeria,6,126,5155
Ericaceae,Arctostaphylos,80,126,5155
Ericaceae,Arctous,3,126,5155
Ericaceae,Bejaria,15,126,5155
Ericaceae,Brachyloma,15,126,5155
Ericaceae,Bryanthus,1,126,5155
Ericaceae,Calluna,1,126,5155
Ericaceae,Cassiope,17,126,5155
Ericaceae,Cavendishia,128,126,5155
Ericaceae,Ceratiola,1,126,5155
Ericaceae,Ceratostema,80,126,5155
Ericaceae,Chamaedaphne,1,126,5155
Ericaceae,Cheilotheca,4,126,5155
Ericaceae,Chimaphila,5,126,5155
Ericaceae,Comarostaphylis,12,126,5155
Ericaceae,Conostephium,14,126,5155
Ericaceae,Corema,2,126,5155
Ericaceae,Cosmelia,1,126,5155
Ericaceae,Costera,10,126,5155
Ericaceae,Craibiodendron,5,126,5155
Ericaceae,Cyathodes,4,126,5155
Ericaceae,Cyathopsis,3,126,5155
Ericaceae,Daboecia,3,126,5155
Ericaceae,Decatoca,1,126,5155
Ericaceae,Demosthenesia,14,126,5155
Ericaceae,Didonica,4,126,5155
Ericaceae,Dielsiodoxa,6,126,5155
Ericaceae,Dimorphanthera,77,126,5155
Ericaceae,Diogenesia,14,126,5155
Ericaceae,Disterigma,42,126,5155
Ericaceae,Dracophyllum,65,126,5155
Ericaceae,Elliottia,4,126,5155
Ericaceae,Empetrum,4,126,5155
Ericaceae,Enkianthus,14,126,5155
Ericaceae,Epacris,92,126,5155
Ericaceae,Epigaea,4,126,5155
Ericaceae,Eremotropa,1,126,5155
Ericaceae,Erica,847,126,5155
Ericaceae,Eubotryoides,1,126,5155
Ericaceae,Eubotrys,3,126,5155
Ericaceae,Gaultheria,315,126,5155
Ericaceae,Gaylussacia,66,126,5155
Ericaceae,Gonocalyx,11,126,5155
Ericaceae,Harrimanella,2,126,5155
Ericaceae,Hemitomes,1,126,5155
Ericaceae,Kalmia,9,126,5155
Ericaceae,Kalmiopsis,2,126,5155
Ericaceae,Kalmiothamnus,1,126,5155
Ericaceae,Lateropora,3,126,5155
Ericaceae,Lebetanthus,1,126,5155
Ericaceae,Ledothamnus,7,126,5155
Ericaceae,Leptecophylla,14,126,5155
Ericaceae,Leucopogon,122,126,5155
Ericaceae,Leucothoe,20,126,5155
Ericaceae,Lissanthe,10,126,5155
Ericaceae,Lyonia,64,126,5155
Ericaceae,Lysinema,6,126,5155
Ericaceae,Macleania,51,126,5155
Ericaceae,Melichrus,6,126,5155
Ericaceae,Moneses,1,126,5155
Ericaceae,Monotoca,10,126,5155
Ericaceae,Monotropa,2,126,5155
Ericaceae,Monotropastrum,1,126,5155
Ericaceae,Monotropsis,1,126,5155
Ericaceae,Montitega,1,126,5155
Ericaceae,Mycerinus,3,126,5155
Ericaceae,Needhamiella,1,126,5155
Ericaceae,Notopora,5,126,5155
Ericaceae,Oligarrhena,1,126,5155
Ericaceae,Oreanthes,7,126,5155
Ericaceae,Ornithostaphylos,1,126,5155
Ericaceae,Orthaea,36,126,5155
Ericaceae,Orthilia,1,126,5155
Ericaceae,Oxydendrum,1,126,5155
Ericaceae,Paphia,21,126,5155
Ericaceae,Pellegrinia,11,126,5155
Ericaceae,Pentachondra,4,126,5155
Ericaceae,Periclesia,1,126,5155
Ericaceae,Phylliopsis,1,126,5155
Ericaceae,Phyllodoce,9,126,5155
Ericaceae,Phyllodoleuria,1,126,5155
Ericaceae,Phyllothamnus,1,126,5155
Ericaceae,Pieris,23,126,5155
Ericaceae,Pityopus,1,126,5155
Ericaceae,Planocarpa,3,126,5155
Ericaceae,Pleuricospora,1,126,5155
Ericaceae,Plutarchia,12,126,5155
Ericaceae,Polyclita,1,126,5155
Ericaceae,Prionotes,1,126,5155
Ericaceae,Psammisia,79,126,5155
Ericaceae,Pterospora,1,126,5155
Ericaceae,Pyrola,43,126,5155
Ericaceae,Rhododendron,1203,126,5155
Ericaceae,Rhodothamnus,2,126,5155
Ericaceae,Richea,12,126,5155
Ericaceae,Rigiolepis,28,126,5155
Ericaceae,Rusbya,1,126,5155
Ericaceae,Sarcodes,1,126,5155
Ericaceae,Satyria,30,126,5155
Ericaceae,Semiramisia,4,126,5155
Ericaceae,Siphonandra,5,126,5155
Ericaceae,Sphenotoma,6,126,5155
Ericaceae,Sphyrospermum,34,126,5155
Ericaceae,Sprengelia,6,126,5155
Ericaceae,Stenanthera,5,126,5155
Ericaceae,Styphelia,207,126,5155
Ericaceae,Themistoclesia,41,126,5155
Ericaceae,Thibaudia,116,126,5155
Ericaceae,Trochocarpa,17,126,5155
Ericaceae,Utleya,1,126,5155
Ericaceae,Vaccinium,555,126,5155
Ericaceae,Woollsia,1,126,5155
Ericaceae,Xylococcus,1,126,5155
Ericaceae,Zenobia,1,126,5155
Escalloniaceae,Anopterus,2,8,149
Escalloniaceae,Eremosyne,1,8,149
Escalloniaceae,Escallonia,50,8,149
Escalloniaceae,Forgesia,1,8,149
Escalloniaceae,Polyosma,92,8,149
Escalloniaceae,Rayenia,1,8,149
Escalloniaceae,Tribeles,1,8,149
Escalloniaceae,Valdivia,1,8,149
Eucommiaceae,Eucommia,1,1,1
Euphorbiaceae,Acalypha,448,228,6628
Euphorbiaceae,Acidocroton,12,228,6628
Euphorbiaceae,Acidoton,5,228,6628
Euphorbiaceae,Actinostemon,20,228,6628
Euphorbiaceae,Adelia,10,228,6628
Euphorbiaceae,Adenochlaena,2,228,6628
Euphorbiaceae,Adenocline,3,228,6628
Euphorbiaceae,Adenopeltis,1,228,6628
Euphorbiaceae,Adenophaedra,3,228,6628
Euphorbiaceae,Adriana,3,228,6628
Euphorbiaceae,Afrotrewia,1,228,6628
Euphorbiaceae,Agrostistachys,6,228,6628
Euphorbiaceae,Alchornea,53,228,6628
Euphorbiaceae,Alchorneopsis,2,228,6628
Euphorbiaceae,Aleurites,2,228,6628
Euphorbiaceae,Algernonia,12,228,6628
Euphorbiaceae,Alphandia,3,228,6628
Euphorbiaceae,Amperea,8,228,6628
Euphorbiaceae,Amyrea,11,228,6628
Euphorbiaceae,Angostylis,2,228,6628
Euphorbiaceae,Annesijoa,1,228,6628
Euphorbiaceae,Anomostachys,1,228,6628
Euphorbiaceae,Anthostema,3,228,6628
Euphorbiaceae,Aparisthmium,1,228,6628
Euphorbiaceae,Argomuellera,17,228,6628
Euphorbiaceae,Argythamnia,23,228,6628
Euphorbiaceae,Astraea,14,228,6628
Euphorbiaceae,Astrococcus,1,228,6628
Euphorbiaceae,Aubletiana,2,228,6628
Euphorbiaceae,Avellanita,1,228,6628
Euphorbiaceae,Balakata,2,228,6628
Euphorbiaceae,Baliospermum,5,228,6628
Euphorbiaceae,Baloghia,15,228,6628
Euphorbiaceae,Benoistia,3,228,6628
Euphorbiaceae,Bernardia,80,228,6628
Euphorbiaceae,Bertya,28,228,6628
Euphorbiaceae,Beyeria,26,228,6628
Euphorbiaceae,Bia,5,228,6628
Euphorbiaceae,Blachia,14,228,6628
Euphorbiaceae,Blumeodendron,9,228,6628
Euphorbiaceae,Bocquillonia,16,228,6628
Euphorbiaceae,Bonania,7,228,6628
Euphorbiaceae,Borneodendron,1,228,6628
Euphorbiaceae,Bossera,1,228,6628
Euphorbiaceae,Botryophora,1,228,6628
Euphorbiaceae,Brasiliocroton,2,228,6628
Euphorbiaceae,Calycopeplus,5,228,6628
Euphorbiaceae,Caperonia,36,228,6628
Euphorbiaceae,Caryodendron,4,228,6628
Euphorbiaceae,Cavacoa,3,228,6628
Euphorbiaceae,Cephalocroton,4,228,6628
Euphorbiaceae,Cephalocrotonopsis,2,228,6628
Euphorbiaceae,Cephalomappa,6,228,6628
Euphorbiaceae,Cheilosa,1,228,6628
Euphorbiaceae,Chiropetalum,23,228,6628
Euphorbiaceae,Chlamydojatropha,1,228,6628
Euphorbiaceae,Chondrostylis,2,228,6628
Euphorbiaceae,Chrozophora,9,228,6628
Euphorbiaceae,Cladogelonium,1,228,6628
Euphorbiaceae,Cladogynos,1,228,6628
Euphorbiaceae,Claoxylon,118,228,6628
Euphorbiaceae,Claoxylopsis,3,228,6628
Euphorbiaceae,Cleidiocarpon,2,228,6628
Euphorbiaceae,Cleidion,33,228,6628
Euphorbiaceae,Clonostylis,1,228,6628
Euphorbiaceae,Cnesmone,11,228,6628
Euphorbiaceae,Cnidoscolus,92,228,6628
Euphorbiaceae,Cocconerion,2,228,6628
Euphorbiaceae,Codiaeum,17,228,6628
Euphorbiaceae,Colliguaja,5,228,6628
Euphorbiaceae,Colobocarpos,1,228,6628
Euphorbiaceae,Conceveiba,15,228,6628
Euphorbiaceae,Conosapium,1,228,6628
Euphorbiaceae,Croton,1173,228,6628
Euphorbiaceae,Crotonogyne,11,228,6628
Euphorbiaceae,Crotonogynopsis,4,228,6628
Euphorbiaceae,Cyrtogonone,1,228,6628
Euphorbiaceae,Cyttaranthus,1,228,6628
Euphorbiaceae,Dalechampia,123,228,6628
Euphorbiaceae,Dalembertia,4,228,6628
Euphorbiaceae,Dendrocousinsia,7,228,6628
Euphorbiaceae,Dendrothrix,4,228,6628
Euphorbiaceae,Deutzianthus,2,228,6628
Euphorbiaceae,Dichostemma,2,228,6628
Euphorbiaceae,Discoclaoxylon,4,228,6628
Euphorbiaceae,Discocleidion,2,228,6628
Euphorbiaceae,Discoglypremna,1,228,6628
Euphorbiaceae,Ditaxis,45,228,6628
Euphorbiaceae,Ditrysinia,1,228,6628
Euphorbiaceae,Ditta,2,228,6628
Euphorbiaceae,Dodecastigma,3,228,6628
Euphorbiaceae,Doryxylon,1,228,6628
Euphorbiaceae,Droceloncia,1,228,6628
Euphorbiaceae,Dysopsis,3,228,6628
Euphorbiaceae,Elateriospermum,1,228,6628
Euphorbiaceae,Endospermum,11,228,6628
Euphorbiaceae,Enriquebeltrania,2,228,6628
Euphorbiaceae,Epiprinus,6,228,6628
Euphorbiaceae,Erismanthus,2,228,6628
Euphorbiaceae,Erythrococca,41,228,6628
Euphorbiaceae,Euphorbia,2105,228,6628
Euphorbiaceae,Excoecaria,37,228,6628
Euphorbiaceae,Falconeria,1,228,6628
Euphorbiaceae,Fontainea,9,228,6628
Euphorbiaceae,Garcia,2,228,6628
Euphorbiaceae,Garciadelia,4,228,6628
Euphorbiaceae,Gitara,1,228,6628
Euphorbiaceae,Givotia,4,228,6628
Euphorbiaceae,Glycydendron,2,228,6628
Euphorbiaceae,Gradyana,1,228,6628
Euphorbiaceae,Grimmeodendron,2,228,6628
Euphorbiaceae,Grossera,9,228,6628
Euphorbiaceae,Gymnanthes,26,228,6628
Euphorbiaceae,Haematostemon,2,228,6628
Euphorbiaceae,Hamilcoa,1,228,6628
Euphorbiaceae,Hancea,18,228,6628
Euphorbiaceae,Hevea,10,228,6628
Euphorbiaceae,Hippomane,3,228,6628
Euphorbiaceae,Homalanthus,23,228,6628
Euphorbiaceae,Homonoia,3,228,6628
Euphorbiaceae,Hura,2,228,6628
Euphorbiaceae,Hylandia,1,228,6628
Euphorbiaceae,Incadendron,1,228,6628
Euphorbiaceae,Jatropha,177,228,6628
Euphorbiaceae,Joannesia,2,228,6628
Euphorbiaceae,Karima,1,228,6628
Euphorbiaceae,Klaineanthus,2,228,6628
Euphorbiaceae,Koilodepas,13,228,6628
Euphorbiaceae,Lasiococca,5,228,6628
Euphorbiaceae,Lasiocroton,7,228,6628
Euphorbiaceae,Leeuwenbergia,2,228,6628
Euphorbiaceae,Leidesia,1,228,6628
Euphorbiaceae,Leucocroton,26,228,6628
Euphorbiaceae,Lobanilia,7,228,6628
Euphorbiaceae,Mabea,39,228,6628
Euphorbiaceae,Macaranga,309,228,6628
Euphorbiaceae,Mallotus,120,228,6628
Euphorbiaceae,Manihot,161,228,6628
Euphorbiaceae,Manniophyton,1,228,6628
Euphorbiaceae,Maprounea,6,228,6628
Euphorbiaceae,Mareya,4,228,6628
Euphorbiaceae,Mareyopsis,2,228,6628
Euphorbiaceae,Megistostigma,5,228,6628
Euphorbiaceae,Melanolepis,2,228,6628
Euphorbiaceae,Mercurialis,13,228,6628
Euphorbiaceae,Micrandra,9,228,6628
Euphorbiaceae,Micrandropsis,1,228,6628
Euphorbiaceae,Micrococca,12,228,6628
Euphorbiaceae,Microstachys,22,228,6628
Euphorbiaceae,Mildbraedia,3,228,6628
Euphorbiaceae,Monotaxis,8,228,6628
Euphorbiaceae,Moultonianthus,1,228,6628
Euphorbiaceae,Myricanthe,1,228,6628
Euphorbiaceae,Nealchornea,2,228,6628
Euphorbiaceae,Necepsia,3,228,6628
Euphorbiaceae,Neoboutonia,4,228,6628
Euphorbiaceae,Neoguillauminia,1,228,6628
Euphorbiaceae,Neoscortechinia,6,228,6628
Euphorbiaceae,Neoshirakia,2,228,6628
Euphorbiaceae,Oligoceras,1,228,6628
Euphorbiaceae,Omphalea,20,228,6628
Euphorbiaceae,Ophellantha,2,228,6628
Euphorbiaceae,Ophthalmoblapton,4,228,6628
Euphorbiaceae,Orfilea,4,228,6628
Euphorbiaceae,Ostodes,2,228,6628
Euphorbiaceae,Pachystroma,1,228,6628
Euphorbiaceae,Pachystylidium,1,228,6628
Euphorbiaceae,Pantadenia,3,228,6628
Euphorbiaceae,Paracroton,4,228,6628
Euphorbiaceae,Paranecepsia,2,228,6628
Euphorbiaceae,Pausandra,8,228,6628
Euphorbiaceae,Philyra,1,228,6628
Euphorbiaceae,Phyllanoa,1,228,6628
Euphorbiaceae,Pimelodendron,4,228,6628
Euphorbiaceae,Plagiostyles,2,228,6628
Euphorbiaceae,Platygyna,7,228,6628
Euphorbiaceae,Pleradenophora,5,228,6628
Euphorbiaceae,Plukenetia,21,228,6628
Euphorbiaceae,Podadenia,1,228,6628
Euphorbiaceae,Pseudagrostistachys,2,228,6628
Euphorbiaceae,Pseudosenefeldera,1,228,6628
Euphorbiaceae,Ptychopyxis,11,228,6628
Euphorbiaceae,Pycnocoma,18,228,6628
Euphorbiaceae,Radcliffea,1,228,6628
Euphorbiaceae,Reutealis,1,228,6628
Euphorbiaceae,Rhodothyrsus,2,228,6628
Euphorbiaceae,Ricinocarpos,29,228,6628
Euphorbiaceae,Ricinodendron,2,228,6628
Euphorbiaceae,Ricinus,1,228,6628
Euphorbiaceae,Rockinghamia,2,228,6628
Euphorbiaceae,Romanoa,1,228,6628
Euphorbiaceae,Sagotia,3,228,6628
Euphorbiaceae,Sampantaea,1,228,6628
Euphorbiaceae,Sandwithia,1,228,6628
Euphorbiaceae,Sapium,27,228,6628
Euphorbiaceae,Schinziophyton,1,228,6628
Euphorbiaceae,Sclerocroton,6,228,6628
Euphorbiaceae,Sebastiania,56,228,6628
Euphorbiaceae,Seidelia,2,228,6628
Euphorbiaceae,Senefeldera,3,228,6628
Euphorbiaceae,Senefelderopsis,2,228,6628
Euphorbiaceae,Shirakiopsis,6,228,6628
Euphorbiaceae,Shonia,4,228,6628
Euphorbiaceae,Spathiostemon,2,228,6628
Euphorbiaceae,Spegazziniophytum,1,228,6628
Euphorbiaceae,Speranskia,3,228,6628
Euphorbiaceae,Sphaerostylis,2,228,6628
Euphorbiaceae,Sphyranthera,2,228,6628
Euphorbiaceae,Spirostachys,2,228,6628
Euphorbiaceae,Stillingia,27,228,6628
Euphorbiaceae,Strophioblachia,1,228,6628
Euphorbiaceae,Sumbaviopsis,1,228,6628
Euphorbiaceae,Suregada,32,228,6628
Euphorbiaceae,Syndyophyllum,2,228,6628
Euphorbiaceae,Tannodia,9,228,6628
Euphorbiaceae,Tapoides,1,228,6628
Euphorbiaceae,Tetrorchidium,23,228,6628
Euphorbiaceae,Thyrsanthera,1,228,6628
Euphorbiaceae,Tragia,158,228,6628
Euphorbiaceae,Tragiella,4,228,6628
Euphorbiaceae,Triadica,3,228,6628
Euphorbiaceae,Trigonostemon,62,228,6628
Euphorbiaceae,Tritaxis,16,228,6628
Euphorbiaceae,Tsaiodendron,1,228,6628
Euphorbiaceae,Vaupesia,1,228,6628
Euphorbiaceae,Vernicia,3,228,6628
Euphorbiaceae,Wetria,2,228,6628
Euphorbiaceae,Zuckertia,2,228,6628
Eupteleaceae,Euptelea,2,1,2
Fabaceae,Abarema,3,807,23032
Fabaceae,Abrus,17,807,23032
Fabaceae,Acacia,1115,807,23032
Fabaceae,Acaciella,15,807,23032
Fabaceae,Acmispon,35,807,23032
Fabaceae,Acosmium,3,807,23032
Fabaceae,Acrocarpus,1,807,23032
Fabaceae,Adenanthera,12,807,23032
Fabaceae,Adenocarpus,21,807,23032
Fabaceae,Adenodolichos,22,807,23032
Fabaceae,Adenolobus,2,807,23032
Fabaceae,Adenopodia,7,807,23032
Fabaceae,Adesmia,209,807,23032
Fabaceae,Adinobotrys,4,807,23032
Fabaceae,Aenictophyton,2,807,23032
Fabaceae,Aeschynomene,120,807,23032
Fabaceae,Afgekia,2,807,23032
Fabaceae,Afroamphica,1,807,23032
Fabaceae,Afzelia,12,807,23032
Fabaceae,Aganope,11,807,23032
Fabaceae,Airyantha,2,807,23032
Fabaceae,Akschindlium,1,807,23032
Fabaceae,Alantsilodendron,9,807,23032
Fabaceae,Albizia,104,807,23032
Fabaceae,Aldina,18,807,23032
Fabaceae,Alexa,11,807,23032
Fabaceae,Alhagi,5,807,23032
Fabaceae,Alistilus,3,807,23032
Fabaceae,Almaleea,5,807,23032
Fabaceae,Alysicarpus,38,807,23032
Fabaceae,Amblygonocarpus,1,807,23032
Fabaceae,Amburana,3,807,23032
Fabaceae,Amherstia,1,807,23032
Fabaceae,Amicia,7,807,23032
Fabaceae,Ammodendron,4,807,23032
Fabaceae,Ammopiptanthus,2,807,23032
Fabaceae,Amorpha,19,807,23032
Fabaceae,Amphicarpaea,3,807,23032
Fabaceae,Amphimas,3,807,23032
Fabaceae,Amphiodon,1,807,23032
Fabaceae,Amphithalea,43,807,23032
Fabaceae,Anadenanthera,4,807,23032
Fabaceae,Anagyris,2,807,23032
Fabaceae,Anarthrophyllum,16,807,23032
Fabaceae,Ancistrotropis,6,807,23032
Fabaceae,Andira,30,807,23032
Fabaceae,Androcalymma,1,807,23032
Fabaceae,Angylocalyx,7,807,23032
Fabaceae,Annea,2,807,23032
Fabaceae,Anonychium,1,807,23032
Fabaceae,Antheroporum,5,807,23032
Fabaceae,Anthonotha,18,807,23032
Fabaceae,Anthyllis,27,807,23032
Fabaceae,Antopetitia,1,807,23032
Fabaceae,Aotus,17,807,23032
Fabaceae,Aphanocalyx,14,807,23032
Fabaceae,Aphyllodium,8,807,23032
Fabaceae,Apios,8,807,23032
Fabaceae,Apoplanesia,2,807,23032
Fabaceae,Apuleia,1,807,23032
Fabaceae,Apurimacia,2,807,23032
Fabaceae,Arachis,85,807,23032
Fabaceae,Arapatiella,1,807,23032
Fabaceae,Archidendron,100,807,23032
Fabaceae,Archidendropsis,11,807,23032
Fabaceae,Arcoa,1,807,23032
Fabaceae,Argyrocytisus,1,807,23032
Fabaceae,Argyrolobium,81,807,23032
Fabaceae,Arquita,5,807,23032
Fabaceae,Arthroclianthus,13,807,23032
Fabaceae,Aspalathus,299,807,23032
Fabaceae,Astragalus,3116,807,23032
Fabaceae,Ateleia,27,807,23032
Fabaceae,Aubrevillea,2,807,23032
Fabaceae,Augouardia,1,807,23032
Fabaceae,Austrocallerya,3,807,23032
Fabaceae,Austrodolichos,1,807,23032
Fabaceae,Austrosteenisia,4,807,23032
Fabaceae,Baikiaea,6,807,23032
Fabaceae,Balsamocarpon,1,807,23032
Fabaceae,Baphia,51,807,23032
Fabaceae,Baphiastrum,1,807,23032
Fabaceae,Baphiopsis,1,807,23032
Fabaceae,Baptisia,26,807,23032
Fabaceae,Barbieria,1,807,23032
Fabaceae,Barklya,1,807,23032
Fabaceae,Barnebydendron,1,807,23032
Fabaceae,Batesia,1,807,23032
Fabaceae,Baudouinia,6,807,23032
Fabaceae,Bauhinia,191,807,23032
Fabaceae,Behaimia,1,807,23032
Fabaceae,Berlinia,21,807,23032
Fabaceae,Betencourtia,8,807,23032
Fabaceae,Biancaea,7,807,23032
Fabaceae,Bikinia,10,807,23032
Fabaceae,Bionia,4,807,23032
Fabaceae,Biserrula,2,807,23032
Fabaceae,Bituminaria,10,807,23032
Fabaceae,Blanchetiodendron,1,807,23032
Fabaceae,Bobgunnia,2,807,23032
Fabaceae,Bocoa,3,807,23032
Fabaceae,Boliviadendron,1,807,23032
Fabaceae,Bolusafra,1,807,23032
Fabaceae,Bolusanthus,1,807,23032
Fabaceae,Bolusia,6,807,23032
Fabaceae,Bossiaea,82,807,23032
Fabaceae,Bouffordia,1,807,23032
Fabaceae,Bowdichia,2,807,23032
Fabaceae,Bowringia,4,807,23032
Fabaceae,Brachycylix,1,807,23032
Fabaceae,Brachypterum,13,807,23032
Fabaceae,Brachystegia,33,807,23032
Fabaceae,Bracteolaria,1,807,23032
Fabaceae,Brandzeia,1,807,23032
Fabaceae,Brenierea,1,807,23032
Fabaceae,Brodriguesia,1,807,23032
Fabaceae,Brongniartia,64,807,23032
Fabaceae,Brownea,27,807,23032
Fabaceae,Browneopsis,8,807,23032
Fabaceae,Brya,7,807,23032
Fabaceae,Bryaspis,2,807,23032
Fabaceae,Burkea,1,807,23032
Fabaceae,Burkilliodendron,1,807,23032
Fabaceae,Bussea,7,807,23032
Fabaceae,Butea,5,807,23032
Fabaceae,Cabari,4,807,23032
Fabaceae,Cadia,8,807,23032
Fabaceae,Caesalpinia,11,807,23032
Fabaceae,Caetangil,2,807,23032
Fabaceae,Cajanus,36,807,23032
Fabaceae,Calicotome,5,807,23032
Fabaceae,Callerya,12,807,23032
Fabaceae,Calliandra,156,807,23032
Fabaceae,Calliandropsis,1,807,23032
Fabaceae,Callistachys,2,807,23032
Fabaceae,Calobota,16,807,23032
Fabaceae,Calophaca,9,807,23032
Fabaceae,Calopogonium,9,807,23032
Fabaceae,Calpocalyx,11,807,23032
Fabaceae,Calpurnia,7,807,23032
Fabaceae,Camoensia,2,807,23032
Fabaceae,Campsiandra,22,807,23032
Fabaceae,Camptosema,4,807,23032
Fabaceae,Campylotropis,43,807,23032
Fabaceae,Canavalia,73,807,23032
Fabaceae,Candolleodendron,1,807,23032
Fabaceae,Caragana,97,807,23032
Fabaceae,Carmichaelia,25,807,23032
Fabaceae,Carrissoa,1,807,23032
Fabaceae,Cascaronia,1,807,23032
Fabaceae,Cassia,40,807,23032
Fabaceae,Castanospermum,1,807,23032
Fabaceae,Cathormion,1,807,23032
Fabaceae,Cedrelinga,1,807,23032
Fabaceae,Cenostigma,15,807,23032
Fabaceae,Centrolobium,7,807,23032
Fabaceae,Centrosema,46,807,23032
Fabaceae,Ceratonia,2,807,23032
Fabaceae,Cercis,10,807,23032
Fabaceae,Cerradicola,16,807,23032
Fabaceae,Chadsia,9,807,23032
Fabaceae,Chamaecrista,381,807,23032
Fabaceae,Chamaecytisus,47,807,23032
Fabaceae,Chapmannia,7,807,23032
Fabaceae,Cheniella,14,807,23032
Fabaceae,Chesneya,48,807,23032
Fabaceae,Chidlowia,1,807,23032
Fabaceae,Chloroleucon,11,807,23032
Fabaceae,Chorizema,25,807,23032
Fabaceae,Christia,11,807,23032
Fabaceae,Cicer,47,807,23032
Fabaceae,Cladrastis,4,807,23032
Fabaceae,Clathrotropis,3,807,23032
Fabaceae,Cleobulia,4,807,23032
Fabaceae,Clianthus,2,807,23032
Fabaceae,Clitoria,68,807,23032
Fabaceae,Clitoriopsis,1,807,23032
Fabaceae,Cochlianthus,2,807,23032
Fabaceae,Cochliasanthus,1,807,23032
Fabaceae,Codariocalyx,2,807,23032
Fabaceae,Cojoba,16,807,23032
Fabaceae,Collaea,7,807,23032
Fabaceae,Cologania,13,807,23032
Fabaceae,Colophospermum,1,807,23032
Fabaceae,Colutea,31,807,23032
Fabaceae,Colvillea,1,807,23032
Fabaceae,Condylostylis,4,807,23032
Fabaceae,Conzattia,3,807,23032
Fabaceae,Copaifera,41,807,23032
Fabaceae,Cordeauxia,1,807,23032
Fabaceae,Cordyla,7,807,23032
Fabaceae,Corethrodendron,5,807,23032
Fabaceae,Coronilla,26,807,23032
Fabaceae,Coulteria,11,807,23032
Fabaceae,Coursetia,39,807,23032
Fabaceae,Craibia,9,807,23032
Fabaceae,Cranocarpus,3,807,23032
Fabaceae,Craspedolobium,1,807,23032
Fabaceae,Cratylia,10,807,23032
Fabaceae,Cristonia,2,807,23032
Fabaceae,Crotalaria,720,807,23032
Fabaceae,Cruddasia,5,807,23032
Fabaceae,Crudia,38,807,23032
Fabaceae,Cryptosepalum,12,807,23032
Fabaceae,Ctenodon,65,807,23032
Fabaceae,Cullen,34,807,23032
Fabaceae,Cyamopsis,4,807,23032
Fabaceae,Cyathostegia,2,807,23032
Fabaceae,Cyclocarpa,1,807,23032
Fabaceae,Cyclolobium,1,807,23032
Fabaceae,Cyclopia,23,807,23032
Fabaceae,Cylicodiscus,1,807,23032
Fabaceae,Cymbosema,1,807,23032
Fabaceae,Cynometra,113,807,23032
Fabaceae,Cytisophyllum,1,807,23032
Fabaceae,Cytisopsis,2,807,23032
Fabaceae,Cytisus,42,807,23032
Fabaceae,Dahlstedtia,17,807,23032
Fabaceae,Dalbergia,286,807,23032
Fabaceae,Dalbergiella,3,807,23032
Fabaceae,Dalea,198,807,23032
Fabaceae,Dalhousiea,2,807,23032
Fabaceae,Daniellia,10,807,23032
Fabaceae,Daprainia,1,807,23032
Fabaceae,Daviesia,132,807,23032
Fabaceae,Decorsea,6,807,23032
Fabaceae,Deguelia,22,807,23032
Fabaceae,Delgadoana,1,807,23032
Fabaceae,Delonix,12,807,23032
Fabaceae,Dendrolobium,20,807,23032
Fabaceae,Denisophytum,8,807,23032
Fabaceae,Dermatophyllum,6,807,23032
Fabaceae,Derris,67,807,23032
Fabaceae,Desmanthus,26,807,23032
Fabaceae,Desmodiastrum,4,807,23032
Fabaceae,Desmodiopsis,1,807,23032
Fabaceae,Desmodium,183,807,23032
Fabaceae,Detarium,3,807,23032
Fabaceae,Dewevrea,1,807,23032
Fabaceae,Dialium,38,807,23032
Fabaceae,Dichilus,5,807,23032
Fabaceae,Dichrostachys,16,807,23032
Fabaceae,Dicorynia,2,807,23032
Fabaceae,Dicraeopetalum,3,807,23032
Fabaceae,Dicymbe,20,807,23032
Fabaceae,Didelotia,13,807,23032
Fabaceae,Dillwynia,30,807,23032
Fabaceae,Dimorphandra,27,807,23032
Fabaceae,Dinizia,2,807,23032
Fabaceae,Dioclea,15,807,23032
Fabaceae,Diphyllarium,1,807,23032
Fabaceae,Diphysa,22,807,23032
Fabaceae,Diplotropis,10,807,23032
Fabaceae,Dipogon,1,807,23032
Fabaceae,Dipteryx,12,807,23032
Fabaceae,Diptychandra,3,807,23032
Fabaceae,Discolobium,7,807,23032
Fabaceae,Distemonanthus,1,807,23032
Fabaceae,Disynstemon,1,807,23032
Fabaceae,Dolichopsis,3,807,23032
Fabaceae,Dolichos,68,807,23032
Fabaceae,Dorycnopsis,2,807,23032
Fabaceae,Droogmansia,22,807,23032
Fabaceae,Dumasia,10,807,23032
Fabaceae,Dunbaria,20,807,23032
Fabaceae,Duparquetia,1,807,23032
Fabaceae,Dussia,11,807,23032
Fabaceae,Dysolobium,5,807,23032
Fabaceae,Ebenopsis,4,807,23032
Fabaceae,Ebenus,21,807,23032
Fabaceae,Echinospartum,5,807,23032
Fabaceae,Ecuadendron,1,807,23032
Fabaceae,Eleiotis,2,807,23032
Fabaceae,Eligmocarpus,1,807,23032
Fabaceae,Eminia,4,807,23032
Fabaceae,Endertia,1,807,23032
Fabaceae,Endosamara,1,807,23032
Fabaceae,Englerodendron,20,807,23032
Fabaceae,Entada,41,807,23032
Fabaceae,Enterolobium,8,807,23032
Fabaceae,Eperua,19,807,23032
Fabaceae,Eremosparton,3,807,23032
Fabaceae,Erichsenia,1,807,23032
Fabaceae,Erinacea,1,807,23032
Fabaceae,Eriosema,170,807,23032
Fabaceae,Erophaca,1,807,23032
Fabaceae,Errazurizia,3,807,23032
Fabaceae,Erythrina,140,807,23032
Fabaceae,Erythrophleum,12,807,23032
Fabaceae,Erythrostemon,32,807,23032
Fabaceae,Euchilopsis,1,807,23032
Fabaceae,Euchilus,5,807,23032
Fabaceae,Euchlora,1,807,23032
Fabaceae,Euchresta,4,807,23032
Fabaceae,Eurypetalum,2,807,23032
Fabaceae,Eutaxia,22,807,23032
Fabaceae,Eversmannia,4,807,23032
Fabaceae,Exostyles,4,807,23032
Fabaceae,Eysenhardtia,13,807,23032
Fabaceae,Ezoloba,1,807,23032
Fabaceae,Faidherbia,1,807,23032
Fabaceae,Fairchildia,1,807,23032
Fabaceae,Falcataria,3,807,23032
Fabaceae,Fiebrigiella,1,807,23032
Fabaceae,Fillaeopsis,1,807,23032
Fabaceae,Fissicalyx,1,807,23032
Fabaceae,Flemingia,49,807,23032
Fabaceae,Fordia,10,807,23032
Fabaceae,Gabonius,1,807,23032
Fabaceae,Gagnebina,5,807,23032
Fabaceae,Galactia,101,807,23032
Fabaceae,Galega,14,807,23032
Fabaceae,Gastrolobium,112,807,23032
Fabaceae,Geissaspis,1,807,23032
Fabaceae,Gelrebia,8,807,23032
Fabaceae,Genista,159,807,23032
Fabaceae,Genistidium,1,807,23032
Fabaceae,Geoffroea,3,807,23032
Fabaceae,Gigasiphon,5,807,23032
Fabaceae,Gilbertiodendron,38,807,23032
Fabaceae,Gilletiodendron,5,807,23032
Fabaceae,Gleditsia,17,807,23032
Fabaceae,Gliricidia,5,807,23032
Fabaceae,Glycine,28,807,23032
Fabaceae,Glycyrrhiza,16,807,23032
Fabaceae,Glycyrrhizopsis,2,807,23032
Fabaceae,Gompholobium,48,807,23032
Fabaceae,Goniorrhachis,1,807,23032
Fabaceae,Gonocytisus,4,807,23032
Fabaceae,Goodia,6,807,23032
Fabaceae,Grazielodendron,1,807,23032
Fabaceae,Gretheria,2,807,23032
Fabaceae,Greuteria,2,807,23032
Fabaceae,Grievea,2,807,23032
Fabaceae,Griffonia,4,807,23032
Fabaceae,Grimolobium,7,807,23032
Fabaceae,Grona,50,807,23032
Fabaceae,Gueldenstaedtia,4,807,23032
Fabaceae,Guianodendron,1,807,23032
Fabaceae,Guibourtia,16,807,23032
Fabaceae,Guilandina,18,807,23032
Fabaceae,Gwilymia,7,807,23032
Fabaceae,Gymnocladus,5,807,23032
Fabaceae,Haematoxylum,5,807,23032
Fabaceae,Hammatolobium,2,807,23032
Fabaceae,Hanslia,1,807,23032
Fabaceae,Haplormosia,1,807,23032
Fabaceae,Harashuteria,1,807,23032
Fabaceae,Hardenbergia,3,807,23032
Fabaceae,Hardwickia,1,807,23032
Fabaceae,Harleyodendron,1,807,23032
Fabaceae,Harpalyce,38,807,23032
Fabaceae,Havardia,4,807,23032
Fabaceae,Haymondia,1,807,23032
Fabaceae,Hebestigma,1,807,23032
Fabaceae,Hedysarum,238,807,23032
Fabaceae,Hegnera,1,807,23032
Fabaceae,Helicotropis,3,807,23032
Fabaceae,Heliodendron,3,807,23032
Fabaceae,Hererolandia,1,807,23032
Fabaceae,Herpyza,1,807,23032
Fabaceae,Hesperalbizia,1,807,23032
Fabaceae,Hesperolaburnum,1,807,23032
Fabaceae,Hesperothamnus,7,807,23032
Fabaceae,Heteroflorum,1,807,23032
Fabaceae,Heterostemon,8,807,23032
Fabaceae,Hippocrepis,34,807,23032
Fabaceae,Hoffmannseggia,23,807,23032
Fabaceae,Hoita,3,807,23032
Fabaceae,Holocalyx,1,807,23032
Fabaceae,Hosackia,11,807,23032
Fabaceae,Hovea,38,807,23032
Fabaceae,Huangtcia,2,807,23032
Fabaceae,Huchimingia,5,807,23032
Fabaceae,Hultholia,1,807,23032
Fabaceae,Humboldtia,8,807,23032
Fabaceae,Humularia,34,807,23032
Fabaceae,Hydrochorea,11,807,23032
Fabaceae,Hylodendron,1,807,23032
Fabaceae,Hylodesmum,16,807,23032
Fabaceae,Hymenaea,23,807,23032
Fabaceae,Hymenolobium,14,807,23032
Fabaceae,Hymenostegia,15,807,23032
Fabaceae,Hypocalyptus,3,807,23032
Fabaceae,Ibatiria,1,807,23032
Fabaceae,Icuria,1,807,23032
Fabaceae,Imbralyx,10,807,23032
Fabaceae,Indigastrum,8,807,23032
Fabaceae,Indigofera,767,807,23032
Fabaceae,Indopiptadenia,1,807,23032
Fabaceae,Inga,298,807,23032
Fabaceae,Ingopsis,1,807,23032
Fabaceae,Inocarpus,4,807,23032
Fabaceae,Intsia,2,807,23032
Fabaceae,Isoberlinia,5,807,23032
Fabaceae,Isotropis,16,807,23032
Fabaceae,Jacksonia,74,807,23032
Fabaceae,Jacqueshuberia,7,807,23032
Fabaceae,Jennata,7,807,23032
Fabaceae,Julbernardia,10,807,23032
Fabaceae,Jupunba,38,807,23032
Fabaceae,Kalappia,1,807,23032
Fabaceae,Kanaloa,1,807,23032
Fabaceae,Kanburia,2,807,23032
Fabaceae,Kanjilalia,2,807,23032
Fabaceae,Kartalinia,1,807,23032
Fabaceae,Kebirita,1,807,23032
Fabaceae,Kennedia,15,807,23032
Fabaceae,Koompassia,3,807,23032
Fabaceae,Kotschya,30,807,23032
Fabaceae,Kummerowia,2,807,23032
Fabaceae,Kunstleria,8,807,23032
Fabaceae,Labichea,16,807,23032
Fabaceae,Lablab,1,807,23032
Fabaceae,Laburnocytisus,1,807,23032
Fabaceae,Laburnum,3,807,23032
Fabaceae,Lachesiodendron,1,807,23032
Fabaceae,Lackeya,3,807,23032
Fabaceae,Ladeania,2,807,23032
Fabaceae,Lamprolobium,2,807,23032
Fabaceae,Lathyrus,195,807,23032
Fabaceae,Latrobea,8,807,23032
Fabaceae,Lebeckia,14,807,23032
Fabaceae,Lebruniodendron,1,807,23032
Fabaceae,Lecointea,7,807,23032
Fabaceae,Lemurodendron,1,807,23032
Fabaceae,Lennea,3,807,23032
Fabaceae,Leobordea,49,807,23032
Fabaceae,Leonardoxa,2,807,23032
Fabaceae,Leptoderris,22,807,23032
Fabaceae,Leptodesmia,4,807,23032
Fabaceae,Leptolobium,12,807,23032
Fabaceae,Leptosema,13,807,23032
Fabaceae,Leptospron,2,807,23032
Fabaceae,Lespedeza,66,807,23032
Fabaceae,Lessertia,63,807,23032
Fabaceae,Leucaena,26,807,23032
Fabaceae,Leucochloron,4,807,23032
Fabaceae,Leucomphalos,1,807,23032
Fabaceae,Leucostegane,2,807,23032
Fabaceae,Libidibia,10,807,23032
Fabaceae,Librevillea,1,807,23032
Fabaceae,Limadendron,2,807,23032
Fabaceae,Liparia,20,807,23032
Fabaceae,Listia,7,807,23032
Fabaceae,Loesenera,4,807,23032
Fabaceae,Lonchocarpus,169,807,23032
Fabaceae,Lophocarpinia,1,807,23032
Fabaceae,Loricobbia,6,807,23032
Fabaceae,Lotononis,98,807,23032
Fabaceae,Lotus,130,807,23032
Fabaceae,Luetzelburgia,14,807,23032
Fabaceae,Lupinus,594,807,23032
Fabaceae,Lysidice,2,807,23032
Fabaceae,Lysiloma,10,807,23032
Fabaceae,Lysiphyllum,8,807,23032
Fabaceae,Maackia,9,807,23032
Fabaceae,Machaerium,129,807,23032
Fabaceae,Macrolobium,79,807,23032
Fabaceae,Macropsychanthus,49,807,23032
Fabaceae,Macroptilium,22,807,23032
Fabaceae,Macrosamanea,12,807,23032
Fabaceae,Macrotyloma,24,807,23032
Fabaceae,Maekawaea,3,807,23032
Fabaceae,Mantiqueira,1,807,23032
Fabaceae,Maraniona,1,807,23032
Fabaceae,Marina,42,807,23032
Fabaceae,Mariosousa,14,807,23032
Fabaceae,Marlimorimia,6,807,23032
Fabaceae,Martiodendron,5,807,23032
Fabaceae,Mastersia,2,807,23032
Fabaceae,Mecopus,1,807,23032
Fabaceae,Medicago,102,807,23032
Fabaceae,Melanoxylum,1,807,23032
Fabaceae,Melilotus,27,807,23032
Fabaceae,Melliniella,1,807,23032
Fabaceae,Melolobium,14,807,23032
Fabaceae,Mendoravia,1,807,23032
Fabaceae,Mezcala,1,807,23032
Fabaceae,Mezoneuron,23,807,23032
Fabaceae,Michelsonia,1,807,23032
Fabaceae,Micklethwaitia,1,807,23032
Fabaceae,Microberlinia,2,807,23032
Fabaceae,Microcharis,36,807,23032
Fabaceae,Microlobius,1,807,23032
Fabaceae,Mildbraediodendron,1,807,23032
Fabaceae,Millettia,177,807,23032
Fabaceae,Mimosa,638,807,23032
Fabaceae,Mimozyganthus,1,807,23032
Fabaceae,Mirbelia,28,807,23032
Fabaceae,Moldenhawera,12,807,23032
Fabaceae,Monarthrocarpus,2,807,23032
Fabaceae,Monopteryx,3,807,23032
Fabaceae,Montigena,1,807,23032
Fabaceae,Mora,6,807,23032
Fabaceae,Moullava,4,807,23032
Fabaceae,Mucuna,113,807,23032
Fabaceae,Muellera,32,807,23032
Fabaceae,Muelleranthus,4,807,23032
Fabaceae,Mundulea,13,807,23032
Fabaceae,Murtonia,1,807,23032
Fabaceae,Myrocarpus,5,807,23032
Fabaceae,Myrospermum,2,807,23032
Fabaceae,Myroxylon,2,807,23032
Fabaceae,Mysanthus,1,807,23032
Fabaceae,Naiadendron,1,807,23032
Fabaceae,Nanhaia,2,807,23032
Fabaceae,Nanogalactia,3,807,23032
Fabaceae,Neltuma,44,807,23032
Fabaceae,Neoapaloxylon,3,807,23032
Fabaceae,Neochevalierodendron,1,807,23032
Fabaceae,Neocollettia,1,807,23032
Fabaceae,Neoharmsia,2,807,23032
Fabaceae,Neonotonia,2,807,23032
Fabaceae,Neorautanenia,2,807,23032
Fabaceae,Nephrodesmus,4,807,23032
Fabaceae,Neptunia,23,807,23032
Fabaceae,Nesphostylis,3,807,23032
Fabaceae,Neustanthus,1,807,23032
Fabaceae,Newtonia,16,807,23032
Fabaceae,Nissolia,34,807,23032
Fabaceae,Nogra,4,807,23032
Fabaceae,Normandiodendron,1,807,23032
Fabaceae,Oberholzeria,1,807,23032
Fabaceae,Oddoniodendron,6,807,23032
Fabaceae,Ohashia,1,807,23032
Fabaceae,Ohwia,2,807,23032
Fabaceae,Olneya,1,807,23032
Fabaceae,Onobrychis,211,807,23032
Fabaceae,Ononis,90,807,23032
Fabaceae,Ophrestia,14,807,23032
Fabaceae,Orbexilum,11,807,23032
Fabaceae,Ormocarpopsis,8,807,23032
Fabaceae,Ormocarpum,24,807,23032
Fabaceae,Ormosia,132,807,23032
Fabaceae,Ornithopus,7,807,23032
Fabaceae,Orphanodendron,2,807,23032
Fabaceae,Osodendron,3,807,23032
Fabaceae,Ostryocarpus,2,807,23032
Fabaceae,Otoptera,2,807,23032
Fabaceae,Ototropis,8,807,23032
Fabaceae,Ougeinia,1,807,23032
Fabaceae,Oxylobium,8,807,23032
Fabaceae,Oxyrhynchus,4,807,23032
Fabaceae,Oxytes,4,807,23032
Fabaceae,Oxytropis,618,807,23032
Fabaceae,Pachyelasma,1,807,23032
Fabaceae,Pachyrhizus,5,807,23032
Fabaceae,Padbruggea,3,807,23032
Fabaceae,Painteria,2,807,23032
Fabaceae,Paloue,17,807,23032
Fabaceae,Panurea,2,807,23032
Fabaceae,Paracalyx,5,807,23032
Fabaceae,Paragoodia,1,807,23032
Fabaceae,Paramachaerium,5,807,23032
Fabaceae,Paramacrolobium,1,807,23032
Fabaceae,Parapiptadenia,6,807,23032
Fabaceae,Pararchidendron,1,807,23032
Fabaceae,Parasenegalia,11,807,23032
Fabaceae,Paraserianthes,1,807,23032
Fabaceae,Parkia,38,807,23032
Fabaceae,Parkinsonia,14,807,23032
Fabaceae,Parochetus,2,807,23032
Fabaceae,Parryella,1,807,23032
Fabaceae,Paubrasilia,1,807,23032
Fabaceae,Pearsonia,13,807,23032
Fabaceae,Pediomelum,24,807,23032
Fabaceae,Pedleya,1,807,23032
Fabaceae,Peltogyne,26,807,23032
Fabaceae,Peltophorum,7,807,23032
Fabaceae,Pentaclethra,3,807,23032
Fabaceae,Periandra,7,807,23032
Fabaceae,Pericopsis,4,807,23032
Fabaceae,Petaladenium,1,807,23032
Fabaceae,Petalostylis,2,807,23032
Fabaceae,Peteria,4,807,23032
Fabaceae,Petteria,1,807,23032
Fabaceae,Phanera,114,807,23032
Fabaceae,Phaseolus,92,807,23032
Fabaceae,Philenoptera,11,807,23032
Fabaceae,Phylacium,2,807,23032
Fabaceae,Phyllodium,7,807,23032
Fabaceae,Phyllolobium,23,807,23032
Fabaceae,Phyllota,11,807,23032
Fabaceae,Phylloxylon,7,807,23032
Fabaceae,Physostigma,5,807,23032
Fabaceae,Pickeringia,1,807,23032
Fabaceae,Pictarena,1,807,23032
Fabaceae,Pictetia,8,807,23032
Fabaceae,Piliostigma,5,807,23032
Fabaceae,Piptadenia,28,807,23032
Fabaceae,Piptadeniastrum,1,807,23032
Fabaceae,Piptadeniopsis,1,807,23032
Fabaceae,Piptanthus,3,807,23032
Fabaceae,Piscidia,7,807,23032
Fabaceae,Pithecellobium,27,807,23032
Fabaceae,Pityrocarpa,7,807,23032
Fabaceae,Plagiocarpus,7,807,23032
Fabaceae,Plagiosiphon,5,807,23032
Fabaceae,Plathymenia,1,807,23032
Fabaceae,Platycelyphium,1,807,23032
Fabaceae,Platycyamus,2,807,23032
Fabaceae,Platylobium,9,807,23032
Fabaceae,Platymiscium,19,807,23032
Fabaceae,Platyosprion,1,807,23032
Fabaceae,Platypodium,2,807,23032
Fabaceae,Platysepalum,13,807,23032
Fabaceae,Pleurolobus,6,807,23032
Fabaceae,Podalyria,18,807,23032
Fabaceae,Podlechiella,1,807,23032
Fabaceae,Podocytisus,1,807,23032
Fabaceae,Podolobium,6,807,23032
Fabaceae,Podolotus,1,807,23032
Fabaceae,Poecilanthe,9,807,23032
Fabaceae,Poeppigia,2,807,23032
Fabaceae,Poiretia,12,807,23032
Fabaceae,Poissonia,5,807,23032
Fabaceae,Poitea,15,807,23032
Fabaceae,Polhillia,11,807,23032
Fabaceae,Polhillides,1,807,23032
Fabaceae,Polystemonanthus,1,807,23032
Fabaceae,Pomaria,16,807,23032
Fabaceae,Pongamia,1,807,23032
Fabaceae,Pongamiopsis,3,807,23032
Fabaceae,Prioria,15,807,23032
Fabaceae,Prosopidastrum,7,807,23032
Fabaceae,Prosopis,3,807,23032
Fabaceae,Pseudalbizzia,17,807,23032
Fabaceae,Pseudarthria,7,807,23032
Fabaceae,Pseudeminia,4,807,23032
Fabaceae,Pseudocojoba,1,807,23032
Fabaceae,Pseudoeriosema,5,807,23032
Fabaceae,Pseudolotus,1,807,23032
Fabaceae,Pseudoprosopis,7,807,23032
Fabaceae,Pseudosamanea,3,807,23032
Fabaceae,Pseudosenegalia,2,807,23032
Fabaceae,Pseudovigna,3,807,23032
Fabaceae,Psophocarpus,9,807,23032
Fabaceae,Psoralea,124,807,23032
Fabaceae,Psorodendron,5,807,23032
Fabaceae,Psorothamnus,4,807,23032
Fabaceae,Pterocarpus,40,807,23032
Fabaceae,Pterodon,5,807,23032
Fabaceae,Pterogyne,1,807,23032
Fabaceae,Ptycholobium,3,807,23032
Fabaceae,Ptychosema,1,807,23032
Fabaceae,Pueraria,20,807,23032
Fabaceae,Puhuaea,2,807,23032
Fabaceae,Pullenia,1,807,23032
Fabaceae,Pultenaea,130,807,23032
Fabaceae,Punjuba,6,807,23032
Fabaceae,Pycnospora,1,807,23032
Fabaceae,Pyranthus,6,807,23032
Fabaceae,Rafnia,30,807,23032
Fabaceae,Ramirezella,7,807,23032
Fabaceae,Ramorinoa,1,807,23032
Fabaceae,Recordoxylon,3,807,23032
Fabaceae,Requienia,2,807,23032
Fabaceae,Retama,6,807,23032
Fabaceae,Rhodopis,3,807,23032
Fabaceae,Rhynchosia,259,807,23032
Fabaceae,Rhynchotropis,2,807,23032
Fabaceae,Ricoa,1,807,23032
Fabaceae,Riedeliella,3,807,23032
Fabaceae,Rivasgodaya,1,807,23032
Fabaceae,Robinia,10,807,23032
Fabaceae,Robrichia,3,807,23032
Fabaceae,Robynsiophyton,1,807,23032
Fabaceae,Rothia,2,807,23032
Fabaceae,Rupertia,3,807,23032
Fabaceae,Sakoanala,2,807,23032
Fabaceae,Salweenia,2,807,23032
Fabaceae,Samanea,3,807,23032
Fabaceae,Sanjappa,2,807,23032
Fabaceae,Saraca,13,807,23032
Fabaceae,Sarcodum,3,807,23032
Fabaceae,Schefflerodendron,4,807,23032
Fabaceae,Schizolobium,1,807,23032
Fabaceae,Schleinitzia,4,807,23032
Fabaceae,Schnella,48,807,23032
Fabaceae,Schotia,4,807,23032
Fabaceae,Scorodophloeus,3,807,23032
Fabaceae,Scorpiurus,2,807,23032
Fabaceae,Sellocharis,1,807,23032
Fabaceae,Senegalia,227,807,23032
Fabaceae,Senna,296,807,23032
Fabaceae,Serawaia,1,807,23032
Fabaceae,Serianthes,17,807,23032
Fabaceae,Sesbania,61,807,23032
Fabaceae,Shuteria,4,807,23032
Fabaceae,Sigmoidala,1,807,23032
Fabaceae,Sigmoidotropis,9,807,23032
Fabaceae,Sindora,21,807,23032
Fabaceae,Sindoropsis,1,807,23032
Fabaceae,Sinodolichos,3,807,23032
Fabaceae,Smirnowia,1,807,23032
Fabaceae,Smithia,22,807,23032
Fabaceae,Soemmeringia,1,807,23032
Fabaceae,Sohmaea,7,807,23032
Fabaceae,Sophora,65,807,23032
Fabaceae,Spartium,4,807,23032
Fabaceae,Spathionema,1,807,23032
Fabaceae,Spatholobus,35,807,23032
Fabaceae,Sphaerolobium,22,807,23032
Fabaceae,Sphaerophysa,2,807,23032
Fabaceae,Sphenostylis,7,807,23032
Fabaceae,Sphinctospermum,1,807,23032
Fabaceae,Sphinga,3,807,23032
Fabaceae,Spirotropis,1,807,23032
Fabaceae,Stachyothyrsus,2,807,23032
Fabaceae,Staminodianthus,3,807,23032
Fabaceae,Stauracanthus,3,807,23032
Fabaceae,Steinbachiella,1,807,23032
Fabaceae,Stemonocoleus,1,807,23032
Fabaceae,Stenodrepanum,1,807,23032
Fabaceae,Stirtonanthus,3,807,23032
Fabaceae,Stonesiella,1,807,23032
Fabaceae,Storckiella,4,807,23032
Fabaceae,Streblorrhiza,1,807,23032
Fabaceae,Strombocarpa,11,807,23032
Fabaceae,Strongylodon,17,807,23032
Fabaceae,Strophostyles,3,807,23032
Fabaceae,Stryphnodendron,28,807,23032
Fabaceae,Stuhlmannia,1,807,23032
Fabaceae,Stylosanthes,44,807,23032
Fabaceae,Styphnolobium,9,807,23032
Fabaceae,Sulla,7,807,23032
Fabaceae,Sunhangia,6,807,23032
Fabaceae,Swainsona,87,807,23032
Fabaceae,Swartzia,195,807,23032
Fabaceae,Sweetia,1,807,23032
Fabaceae,Sylvichadsia,5,807,23032
Fabaceae,Sympetalandra,5,807,23032
Fabaceae,Tabaroa,1,807,23032
Fabaceae,Tachigali,74,807,23032
Fabaceae,Tadehagi,6,807,23032
Fabaceae,Talbotiella,10,807,23032
Fabaceae,Tamarindus,1,807,23032
Fabaceae,Tara,3,807,23032
Fabaceae,Taralea,5,807,23032
Fabaceae,Tateishia,3,807,23032
Fabaceae,Taverniera,17,807,23032
Fabaceae,Templetonia,13,807,23032
Fabaceae,Tephrosia,371,807,23032
Fabaceae,Teramnus,9,807,23032
Fabaceae,Tessmannia,13,807,23032
Fabaceae,Tetraberlinia,8,807,23032
Fabaceae,Tetrapleura,2,807,23032
Fabaceae,Tetrapterocarpon,2,807,23032
Fabaceae,Teyleria,3,807,23032
Fabaceae,Thailentadopsis,3,807,23032
Fabaceae,Thermopsis,30,807,23032
Fabaceae,Thinicola,1,807,23032
Fabaceae,Tibetia,7,807,23032
Fabaceae,Ticanto,10,807,23032
Fabaceae,Tipuana,1,807,23032
Fabaceae,Tournaya,1,807,23032
Fabaceae,Toxicopueraria,2,807,23032
Fabaceae,Trifidacanthus,1,807,23032
Fabaceae,Trifolium,313,807,23032
Fabaceae,Trigonella,108,807,23032
Fabaceae,Tripodion,1,807,23032
Fabaceae,Trischidium,5,807,23032
Fabaceae,Tylosema,5,807,23032
Fabaceae,Uittienia,1,807,23032
Fabaceae,Uleanthus,1,807,23032
Fabaceae,Ulex,18,807,23032
Fabaceae,Umtiza,1,807,23032
Fabaceae,Uraria,25,807,23032
Fabaceae,Urariopsis,2,807,23032
Fabaceae,Uribea,1,807,23032
Fabaceae,Urodon,2,807,23032
Fabaceae,Vachellia,163,807,23032
Fabaceae,Vandasina,1,807,23032
Fabaceae,Vatairea,8,807,23032
Fabaceae,Vataireopsis,4,807,23032
Fabaceae,Vatovaea,1,807,23032
Fabaceae,Verdesmum,1,807,23032
Fabaceae,Vicia,257,807,23032
Fabaceae,Vigna,107,807,23032
Fabaceae,Viguieranthus,18,807,23032
Fabaceae,Villosocallerya,1,807,23032
Fabaceae,Viminaria,1,807,23032
Fabaceae,Virgilia,2,807,23032
Fabaceae,Vouacapoua,3,807,23032
Fabaceae,Vuralia,1,807,23032
Fabaceae,Wajira,5,807,23032
Fabaceae,Wallaceodendron,1,807,23032
Fabaceae,Weberbauerella,3,807,23032
Fabaceae,Weizhia,1,807,23032
Fabaceae,Whitfordiodendron,4,807,23032
Fabaceae,Wiborgia,9,807,23032
Fabaceae,Wiborgiella,10,807,23032
Fabaceae,Wisteria,6,807,23032
Fabaceae,Wisteriopsis,5,807,23032
Fabaceae,Xanthocercis,3,807,23032
Fabaceae,Xerocladia,1,807,23032
Fabaceae,Xiphotheca,10,807,23032
Fabaceae,Xylia,9,807,23032
Fabaceae,Zapoteca,22,807,23032
Fabaceae,Zenia,1,807,23032
Fabaceae,Zenkerella,6,807,23032
Fabaceae,Zollernia,10,807,23032
Fabaceae,Zornia,91,807,23032
Fabaceae,Zuccagnia,1,807,23032
Fabaceae,Zygia,58,807,23032
Fabaceae,Zygocarpum,6,807,23032
Fagaceae,Castanea,9,8,1143
Fagaceae,Castanopsis,146,8,1143
Fagaceae,Chrysolepis,2,8,1143
Fagaceae,Fagus,13,8,1143
Fagaceae,Lithocarpus,341,8,1143
Fagaceae,Notholithocarpus,1,8,1143
Fagaceae,Quercus,628,8,1143
Fagaceae,Trigonobalanus,3,8,1143
Fissidentaceae,Conomitrium,1,2,484
Fissidentaceae,Fissidens,483,2,484
Francoaceae,Balbisia,11,7,36
Francoaceae,Bersama,7,7,36
Francoaceae,Francoa,1,7,36
Francoaceae,Greyia,3,7,36
Francoaceae,Melianthus,6,7,36
Francoaceae,Rhynchotheca,1,7,36
Francoaceae,Viviania,7,7,36
Frankeniaceae,Frankenia,81,1,81
Funariaceae,Afoninia,1,15,233
Funariaceae,Bryobeckettia,1,15,233
Funariaceae,Cygnicollum,1,15,233
Funariaceae,Entosthodon,96,15,233
Funariaceae,Funaria,53,15,233
Funariaceae,Funariella,1,15,233
Funariaceae,Funariophyscomitrella,5,15,233
Funariaceae,Goniomitrium,3,15,233
Funariaceae,Loiseaubryum,1,15,233
Funariaceae,Nanomitriella,1,15,233
Funariaceae,Physcomitrellopsis,1,15,233
Funariaceae,Physcomitriopsis,1,15,233
Funariaceae,Physcomitrium,66,15,233
Funariaceae,Pyramidula,1,15,233
Funariaceae,Steppomitra,1,15,233
Garryaceae,Aucuba,10,2,27
Garryaceae,Garrya,17,2,27
Gelsemiaceae,Gelsemium,4,3,15
Gelsemiaceae,Mostuea,10,3,15
Gelsemiaceae,Pteleocarpa,1,3,15
Gentianaceae,Adenolisianthus,1,103,1912
Gentianaceae,Anthocleista,16,103,1912
Gentianaceae,Aripuana,1,103,1912
Gentianaceae,Bartonia,3,103,1912
Gentianaceae,Bisgoeppertia,3,103,1912
Gentianaceae,Blackstonia,4,103,1912
Gentianaceae,Calolisianthus,2,103,1912
Gentianaceae,Canscora,15,103,1912
Gentianaceae,Celiantha,3,103,1912
Gentianaceae,Centaurium,34,103,1912
Gentianaceae,Chelonanthus,5,103,1912
Gentianaceae,Chironia,25,103,1912
Gentianaceae,Chorisepalum,5,103,1912
Gentianaceae,Cicendia,2,103,1912
Gentianaceae,Comastoma,19,103,1912
Gentianaceae,Congolanthus,1,103,1912
Gentianaceae,Coutoubea,5,103,1912
Gentianaceae,Cracosna,3,103,1912
Gentianaceae,Crawfurdia,22,103,1912
Gentianaceae,Curtia,10,103,1912
Gentianaceae,Cyrtophyllum,5,103,1912
Gentianaceae,Deianira,7,103,1912
Gentianaceae,Djaloniella,1,103,1912
Gentianaceae,Duplipetala,2,103,1912
Gentianaceae,Enicostema,3,103,1912
Gentianaceae,Eustoma,2,103,1912
Gentianaceae,Exaculum,1,103,1912
Gentianaceae,Exacum,75,103,1912
Gentianaceae,Exochaenium,22,103,1912
Gentianaceae,Fagraea,65,103,1912
Gentianaceae,Faroa,19,103,1912
Gentianaceae,Frasera,15,103,1912
Gentianaceae,Geniostemon,5,103,1912
Gentianaceae,Gentiana,357,103,1912
Gentianaceae,Gentianella,316,103,1912
Gentianaceae,Gentianopsis,21,103,1912
Gentianaceae,Gentianothamnus,1,103,1912
Gentianaceae,Gyrandra,6,103,1912
Gentianaceae,Halenia,68,103,1912
Gentianaceae,Helia,8,103,1912
Gentianaceae,Hockinia,1,103,1912
Gentianaceae,Hoppea,2,103,1912
Gentianaceae,Irlbachia,8,103,1912
Gentianaceae,Ixanthus,1,103,1912
Gentianaceae,Jaeschkea,3,103,1912
Gentianaceae,Karina,1,103,1912
Gentianaceae,Klackenbergia,2,103,1912
Gentianaceae,Kuepferia,14,103,1912
Gentianaceae,Lagenanthus,1,103,1912
Gentianaceae,Lagenias,1,103,1912
Gentianaceae,Latouchea,1,103,1912
Gentianaceae,Lehmanniella,2,103,1912
Gentianaceae,Limahlania,1,103,1912
Gentianaceae,Lisianthius,34,103,1912
Gentianaceae,Lomatogoniopsis,3,103,1912
Gentianaceae,Lomatogonium,27,103,1912
Gentianaceae,Macrocarpaea,121,103,1912
Gentianaceae,Megacodon,3,103,1912
Gentianaceae,Metagentiana,12,103,1912
Gentianaceae,Microrphium,1,103,1912
Gentianaceae,Neblinantha,2,103,1912
Gentianaceae,Neurotheca,3,103,1912
Gentianaceae,Obolaria,1,103,1912
Gentianaceae,Oreonesion,1,103,1912
Gentianaceae,Ornichia,3,103,1912
Gentianaceae,Orphium,1,103,1912
Gentianaceae,Phyllocyclus,4,103,1912
Gentianaceae,Picrophloeus,4,103,1912
Gentianaceae,Potalia,9,103,1912
Gentianaceae,Prepusa,6,103,1912
Gentianaceae,Pterygocalyx,1,103,1912
Gentianaceae,Purdieanthus,1,103,1912
Gentianaceae,Pycnosphaera,1,103,1912
Gentianaceae,Rogersonanthus,2,103,1912
Gentianaceae,Roraimaea,2,103,1912
Gentianaceae,Sabatia,22,103,1912
Gentianaceae,Saccifolium,1,103,1912
Gentianaceae,Schenkia,6,103,1912
Gentianaceae,Schinziella,1,103,1912
Gentianaceae,Schultesia,16,103,1912
Gentianaceae,Sebaea,50,103,1912
Gentianaceae,Senaea,2,103,1912
Gentianaceae,Sinogentiana,2,103,1912
Gentianaceae,Sinoswertia,1,103,1912
Gentianaceae,Sipapoantha,2,103,1912
Gentianaceae,Swertia,172,103,1912
Gentianaceae,Symbolanthus,31,103,1912
Gentianaceae,Symphyllophyton,7,103,1912
Gentianaceae,Tachia,14,103,1912
Gentianaceae,Tachiadenus,11,103,1912
Gentianaceae,Tapeinostemon,9,103,1912
Gentianaceae,Tetrapollinia,1,103,1912
Gentianaceae,Tripterospermum,36,103,1912
Gentianaceae,Urogentias,1,103,1912
Gentianaceae,Utania,12,103,1912
Gentianaceae,Veratrilla,2,103,1912
Gentianaceae,Voyria,21,103,1912
Gentianaceae,Voyriella,1,103,1912
Gentianaceae,Xestaea,1,103,1912
Gentianaceae,Yanomamua,1,103,1912
Gentianaceae,Zeltnera,29,103,1912
Gentianaceae,Zonanthus,1,103,1912
Gentianaceae,Zygostigma,1,103,1912
Geraniaceae,California,1,7,819
Geraniaceae,Erodium,124,7,819
Geraniaceae,Geranium,360,7,819
Geraniaceae,Hypseocharis,6,7,819
Geraniaceae,Monsonia,27,7,819
Geraniaceae,Pelargonium,288,7,819
Geraniaceae,Sarcocaulon,13,7,819
Gesneriaceae,Achicodonia,1,161,4044
Gesneriaceae,Achimenantha,1,161,4044
Gesneriaceae,Achimenes,37,161,4044
Gesneriaceae,Aeschynanthus,183,161,4044
Gesneriaceae,Agalmyla,96,161,4044
Gesneriaceae,Alloplectus,6,161,4044
Gesneriaceae,Allostigma,1,161,4044
Gesneriaceae,Alsobia,6,161,4044
Gesneriaceae,Amalophyllon,14,161,4044
Gesneriaceae,Anetanthus,6,161,4044
Gesneriaceae,Anna,4,161,4044
Gesneriaceae,Asteranthera,1,161,4044
Gesneriaceae,Beccarinda,9,161,4044
Gesneriaceae,Bellonia,2,161,4044
Gesneriaceae,Besleria,175,161,4044
Gesneriaceae,Billolivia,18,161,4044
Gesneriaceae,Boea,13,161,4044
Gesneriaceae,Boeica,17,161,4044
Gesneriaceae,Bopopia,1,161,4044
Gesneriaceae,Briggsiopsis,1,161,4044
Gesneriaceae,Cathayanthe,1,161,4044
Gesneriaceae,Centrosolenia,13,161,4044
Gesneriaceae,Championia,1,161,4044
Gesneriaceae,Chautemsia,1,161,4044
Gesneriaceae,Chayamaritia,4,161,4044
Gesneriaceae,Christopheria,1,161,4044
Gesneriaceae,Chrysothemis,9,161,4044
Gesneriaceae,Cobananthus,1,161,4044
Gesneriaceae,Codonanthe,8,161,4044
Gesneriaceae,Codonanthopsis,13,161,4044
Gesneriaceae,Codonoboea,132,161,4044
Gesneriaceae,Columnea,231,161,4044
Gesneriaceae,Conandron,1,161,4044
Gesneriaceae,Corallodiscus,5,161,4044
Gesneriaceae,Coronanthera,11,161,4044
Gesneriaceae,Corytoplectus,12,161,4044
Gesneriaceae,Crantzia,4,161,4044
Gesneriaceae,Crassicaulis,2,161,4044
Gesneriaceae,Cremersia,1,161,4044
Gesneriaceae,Cremosperma,26,161,4044
Gesneriaceae,Cremospermopsis,3,161,4044
Gesneriaceae,Cyrtandra,689,161,4044
Gesneriaceae,Damrongia,11,161,4044
Gesneriaceae,Depanthus,2,161,4044
Gesneriaceae,Diastema,21,161,4044
Gesneriaceae,Didissandra,8,161,4044
Gesneriaceae,Didymocarpus,104,161,4044
Gesneriaceae,Didymostigma,3,161,4044
Gesneriaceae,Dorcoceras,6,161,4044
Gesneriaceae,Drymonia,92,161,4044
Gesneriaceae,Emarhendia,1,161,4044
Gesneriaceae,Episcia,11,161,4044
Gesneriaceae,Epithema,20,161,4044
Gesneriaceae,Eucodonia,2,161,4044
Gesneriaceae,Fieldia,1,161,4044
Gesneriaceae,Gasteranthus,40,161,4044
Gesneriaceae,Gesneria,70,161,4044
Gesneriaceae,Glabrella,4,161,4044
Gesneriaceae,Glossoloma,31,161,4044
Gesneriaceae,Gloxinella,1,161,4044
Gesneriaceae,Gloxinera,3,161,4044
Gesneriaceae,Gloxinia,7,161,4044
Gesneriaceae,Gloxiniopsis,1,161,4044
Gesneriaceae,Goyazia,3,161,4044
Gesneriaceae,Goydirola,1,161,4044
Gesneriaceae,Gyrocheilos,6,161,4044
Gesneriaceae,Gyrogyne,1,161,4044
Gesneriaceae,Haberlea,1,161,4044
Gesneriaceae,Hemiboea,45,161,4044
Gesneriaceae,Henckelia,78,161,4044
Gesneriaceae,Heppiantha,1,161,4044
Gesneriaceae,Heppiella,4,161,4044
Gesneriaceae,Hequnia,1,161,4044
Gesneriaceae,Hexatheca,5,161,4044
Gesneriaceae,Jerdonia,1,161,4044
Gesneriaceae,Kaisupeea,3,161,4044
Gesneriaceae,Koellikohleria,1,161,4044
Gesneriaceae,Kohleria,36,161,4044
Gesneriaceae,Lampadaria,1,161,4044
Gesneriaceae,Langbiangia,3,161,4044
Gesneriaceae,Lembocarpus,1,161,4044
Gesneriaceae,Lenbrassia,1,161,4044
Gesneriaceae,Leptoboea,2,161,4044
Gesneriaceae,Lesia,2,161,4044
Gesneriaceae,Liebigia,12,161,4044
Gesneriaceae,Litostigma,4,161,4044
Gesneriaceae,Loxocarpus,24,161,4044
Gesneriaceae,Loxonia,3,161,4044
Gesneriaceae,Loxostigma,14,161,4044
Gesneriaceae,Lysionotus,36,161,4044
Gesneriaceae,Mandirola,3,161,4044
Gesneriaceae,Metapetrocosmea,13,161,4044
Gesneriaceae,Michaelmoelleria,1,161,4044
Gesneriaceae,Microchirita,56,161,4044
Gesneriaceae,Middletonia,7,161,4044
Gesneriaceae,Mitraria,1,161,4044
Gesneriaceae,Monophyllaea,38,161,4044
Gesneriaceae,Monopyle,25,161,4044
Gesneriaceae,Moussonia,24,161,4044
Gesneriaceae,Moussoniantha,1,161,4044
Gesneriaceae,Napeanthus,18,161,4044
Gesneriaceae,Nautilocalyx,42,161,4044
Gesneriaceae,Negria,1,161,4044
Gesneriaceae,Nematanthus,32,161,4044
Gesneriaceae,Neomortonia,1,161,4044
Gesneriaceae,Niphaea,3,161,4044
Gesneriaceae,Nomopyle,2,161,4044
Gesneriaceae,Oerstedina,3,161,4044
Gesneriaceae,Orchadocarpa,1,161,4044
Gesneriaceae,Oreocharis,161,161,4044
Gesneriaceae,Ornithoboea,17,161,4044
Gesneriaceae,Pachycaulos,2,161,4044
Gesneriaceae,Pagothyra,1,161,4044
Gesneriaceae,Paliavana,6,161,4044
Gesneriaceae,Palmatiboea,11,161,4044
Gesneriaceae,Paraboea,153,161,4044
Gesneriaceae,Paradrymonia,12,161,4044
Gesneriaceae,Pearcea,19,161,4044
Gesneriaceae,Petrocodon,59,161,4044
Gesneriaceae,Petrocosmea,72,161,4044
Gesneriaceae,Pheidonocarpa,1,161,4044
Gesneriaceae,Phinaea,3,161,4044
Gesneriaceae,Platystemma,1,161,4044
Gesneriaceae,Primulina,249,161,4044
Gesneriaceae,Pseudochirita,2,161,4044
Gesneriaceae,Rachunia,1,161,4044
Gesneriaceae,Ramonda,4,161,4044
Gesneriaceae,Raphiocarpus,19,161,4044
Gesneriaceae,Reldia,6,161,4044
Gesneriaceae,Resia,4,161,4044
Gesneriaceae,Rhabdothamnopsis,1,161,4044
Gesneriaceae,Rhabdothamnus,1,161,4044
Gesneriaceae,Rhoogeton,2,161,4044
Gesneriaceae,Rhynchoglossum,13,161,4044
Gesneriaceae,Rhynchotechum,19,161,4044
Gesneriaceae,Rhytidophyllum,22,161,4044
Gesneriaceae,Ridleyandra,30,161,4044
Gesneriaceae,Rufodorsia,4,161,4044
Gesneriaceae,Sanango,1,161,4044
Gesneriaceae,Sarmienta,1,161,4044
Gesneriaceae,Seemannia,4,161,4044
Gesneriaceae,Senyumia,2,161,4044
Gesneriaceae,Sepikea,1,161,4044
Gesneriaceae,Shuaria,1,161,4044
Gesneriaceae,Sinningia,89,161,4044
Gesneriaceae,Smithiantha,9,161,4044
Gesneriaceae,Smithicodonia,1,161,4044
Gesneriaceae,Solenophora,16,161,4044
Gesneriaceae,Somrania,3,161,4044
Gesneriaceae,Spelaeanthus,2,161,4044
Gesneriaceae,Sphaerorrhiza,4,161,4044
Gesneriaceae,Stauranthera,8,161,4044
Gesneriaceae,Streptocarpus,186,161,4044
Gesneriaceae,Sumacoa,1,161,4044
Gesneriaceae,Tetraphyllum,3,161,4044
Gesneriaceae,Titanotrichum,1,161,4044
Gesneriaceae,Tribounia,2,161,4044
Gesneriaceae,Trichodrymonia,31,161,4044
Gesneriaceae,Tylopsacas,1,161,4044
Gesneriaceae,Vanhouttea,10,161,4044
Gesneriaceae,Whytockia,10,161,4044
Ginkgoaceae,Ginkgo,1,1,1
Goodeniaceae,Anthotium,4,7,466
Goodeniaceae,Brunonia,1,7,466
Goodeniaceae,Coopernookia,6,7,466
Goodeniaceae,Dampiera,70,7,466
Goodeniaceae,Goodenia,236,7,466
Goodeniaceae,Leschenaultia,32,7,466
Goodeniaceae,Scaevola,117,7,466
Grimmiaceae,Bucklandiella,66,10,367
Grimmiaceae,Codriophorus,10,10,367
Grimmiaceae,Coscinodon,11,10,367
Grimmiaceae,Dilutineuron,5,10,367
Grimmiaceae,Frisvollia,1,10,367
Grimmiaceae,Grimmia,109,10,367
Grimmiaceae,Leucoperichaetium,1,10,367
Grimmiaceae,Niphotrichum,8,10,367
Grimmiaceae,Racomitrium,5,10,367
Grimmiaceae,Schistidium,151,10,367
Griseliniaceae,Griselinia,7,1,7
Grossulariaceae,Ribes,206,1,206
Gunneraceae,Gunnera,66,1,66
Haemodoraceae,Anigozanthos,12,13,118
Haemodoraceae,Barberetta,1,13,118
Haemodoraceae,Conostylis,46,13,118
Haemodoraceae,Cubanicula,1,13,118
Haemodoraceae,Dilatris,5,13,118
Haemodoraceae,Haemodorum,27,13,118
Haemodoraceae,Lachnanthes,1,13,118
Haemodoraceae,Phlebocarya,3,13,118
Haemodoraceae,Pyrrorhiza,1,13,118
Haemodoraceae,Schiekia,3,13,118
Haemodoraceae,Tribonanthes,12,13,118
Haemodoraceae,Wachendorfia,4,13,118
Haemodoraceae,Xiphidium,2,13,118
Haloragaceae,Glischrocaryon,11,7,164
Haloragaceae,Gonocarpus,43,7,164
Haloragaceae,Haloragis,29,7,164
Haloragaceae,Laurembergia,7,7,164
Haloragaceae,Myriophyllum,70,7,164
Haloragaceae,Proserpinaca,3,7,164
Haloragaceae,Trihaloragis,1,7,164
Hamamelidaceae,Chunia,1,26,112
Hamamelidaceae,Corylopsis,25,26,112
Hamamelidaceae,Dicoryphe,13,26,112
Hamamelidaceae,Disanthus,2,26,112
Hamamelidaceae,Distyliopsis,6,26,112
Hamamelidaceae,Distylium,16,26,112
Hamamelidaceae,Embolanthera,2,26,112
Hamamelidaceae,Eustigma,4,26,112
Hamamelidaceae,Exbucklandia,3,26,112
Hamamelidaceae,Fortunearia,1,26,112
Hamamelidaceae,Fothergilla,4,26,112
Hamamelidaceae,Hamamelis,5,26,112
Hamamelidaceae,Loropetalum,4,26,112
Hamamelidaceae,Maingaya,1,26,112
Hamamelidaceae,Matudaea,2,26,112
Hamamelidaceae,Molinadendron,3,26,112
Hamamelidaceae,Mytilaria,1,26,112
Hamamelidaceae,Neostrearia,1,26,112
Hamamelidaceae,Noahdendron,1,26,112
Hamamelidaceae,Ostrearia,1,26,112
Hamamelidaceae,Parrotia,2,26,112
Hamamelidaceae,Parrotiopsis,1,26,112
Hamamelidaceae,Rhodoleia,6,26,112
Hamamelidaceae,Sinowilsonia,1,26,112
Hamamelidaceae,Sycopsis,2,26,112
Hamamelidaceae,Trichocladus,4,26,112
Hedwigiaceae,Braunia,23,6,45
Hedwigiaceae,Hedwigia,12,6,45
Hedwigiaceae,Hedwigidium,1,6,45
Hedwigiaceae,Pararhacocarpus,1,6,45
Hedwigiaceae,Pseudobraunia,1,6,45
Hedwigiaceae,Rhacocarpus,7,6,45
Heliotropiaceae,Euploca,66,6,534
Heliotropiaceae,Heliotropium,345,6,534
Heliotropiaceae,Ixorhea,1,6,534
Heliotropiaceae,Myriopus,15,6,534
Heliotropiaceae,Nogalia,1,6,534
Heliotropiaceae,Tournefortia,106,6,534
Helwingiaceae,Helwingia,4,1,4
Hydrangeaceae,Carpenteria,1,9,219
Hydrangeaceae,Deutzia,71,9,219
Hydrangeaceae,Fendlera,3,9,219
Hydrangeaceae,Fendlerella,4,9,219
Hydrangeaceae,Hydrangea,91,9,219
Hydrangeaceae,Jamesia,2,9,219
Hydrangeaceae,Kirengeshoma,1,9,219
Hydrangeaceae,Philadelphus,45,9,219
Hydrangeaceae,Whipplea,1,9,219
Hydrocharitaceae,Appertiella,1,14,147
Hydrocharitaceae,Blyxa,14,14,147
Hydrocharitaceae,Elodea,11,14,147
Hydrocharitaceae,Enhalus,1,14,147
Hydrocharitaceae,Halophila,19,14,147
Hydrocharitaceae,Hydrilla,1,14,147
Hydrocharitaceae,Hydrocharis,6,14,147
Hydrocharitaceae,Lagarosiphon,9,14,147
Hydrocharitaceae,Najas,41,14,147
Hydrocharitaceae,Nechamandra,1,14,147
Hydrocharitaceae,Ottelia,23,14,147
Hydrocharitaceae,Stratiotes,1,14,147
Hydrocharitaceae,Thalassia,2,14,147
Hydrocharitaceae,Vallisneria,17,14,147
Hydrophyllaceae,Draperia,1,12,245
Hydrophyllaceae,Ellisia,1,12,245
Hydrophyllaceae,Emmenanthe,1,12,245
Hydrophyllaceae,Eucrypta,2,12,245
Hydrophyllaceae,Hesperochiron,5,12,245
Hydrophyllaceae,Howellanthus,1,12,245
Hydrophyllaceae,Hydrophyllum,10,12,245
Hydrophyllaceae,Nemophila,13,12,245
Hydrophyllaceae,Phacelia,202,12,245
Hydrophyllaceae,Pholistoma,3,12,245
Hydrophyllaceae,Romanzoffia,5,12,245
Hydrophyllaceae,Tricardia,1,12,245
Hylocomiaceae,Hylocomiadelphus,1,14,36
Hylocomiaceae,Hylocomiastrum,3,14,36
Hylocomiaceae,Hylocomium,1,14,36
Hylocomiaceae,Leptocladiella,3,14,36
Hylocomiaceae,Leptohymenium,9,14,36
Hylocomiaceae,Loeskeobryum,2,14,36
Hylocomiaceae,Macrothamnium,4,14,36
Hylocomiaceae,Meteoriella,1,14,36
Hylocomiaceae,Neodolichomitra,1,14,36
Hylocomiaceae,Orontobryum,2,14,36
Hylocomiaceae,Pleurozium,2,14,36
Hylocomiaceae,Puiggariopsis,1,14,36
Hylocomiaceae,Rhytidiadelphus,5,14,36
Hylocomiaceae,Rhytidiopsis,1,14,36
Hypericaceae,Cratoxylum,7,6,633
Hypericaceae,Eliea,1,6,633
Hypericaceae,Harungana,3,6,633
Hypericaceae,Hypericum,526,6,633
Hypericaceae,Psorospermum,49,6,633
Hypericaceae,Vismia,47,6,633
Hypnaceae,Acritodon,1,42,565
Hypnaceae,Austrohondaella,1,42,565
Hypnaceae,Bryosedgwickia,1,42,565
Hypnaceae,Chryso-hypnum,10,42,565
Hypnaceae,Crepidophyllum,1,42,565
Hypnaceae,Ctenidiadelphus,1,42,565
Hypnaceae,Cyathothecium,1,42,565
Hypnaceae,Dacryophyllum,1,42,565
Hypnaceae,Ectropotheciella,2,42,565
Hypnaceae,Ectropotheciopsis,1,42,565
Hypnaceae,Ectropothecium,204,42,565
Hypnaceae,Elharveya,1,42,565
Hypnaceae,Elmeriobryum,3,42,565
Hypnaceae,Entodontella,1,42,565
Hypnaceae,Foreauella,1,42,565
Hypnaceae,Glossadelphus,16,42,565
Hypnaceae,Gollania,21,42,565
Hypnaceae,Hisatsugia,1,42,565
Hypnaceae,Hypnum,61,42,565
Hypnaceae,Irelandia,1,42,565
Hypnaceae,Karstia,1,42,565
Hypnaceae,Leiodontium,4,42,565
Hypnaceae,Leptoischyrodon,1,42,565
Hypnaceae,Macrothamniella,3,42,565
Hypnaceae,Mahua,1,42,565
Hypnaceae,Microctenidium,2,42,565
Hypnaceae,Microthamnium,5,42,565
Hypnaceae,Mittenothamnium,77,42,565
Hypnaceae,Nanothecium,1,42,565
Hypnaceae,Neoptychophyllum,1,42,565
Hypnaceae,Plagiotheciopsis,1,42,565
Hypnaceae,Platygyriella,6,42,565
Hypnaceae,Podperaea,1,42,565
Hypnaceae,Rhacopilopsis,2,42,565
Hypnaceae,Rhizohypnella,2,42,565
Hypnaceae,Sclerohypnum,1,42,565
Hypnaceae,Stenotheciopsis,1,42,565
Hypnaceae,Stereodontopsis,2,42,565
Hypnaceae,Syringothecium,2,42,565
Hypnaceae,Taxiphyllopsis,1,42,565
Hypnaceae,Vesicularia,119,42,565
Hypnaceae,Wijkiella,1,42,565
Hypoxidaceae,Curculigo,28,5,169
Hypoxidaceae,Empodium,9,5,169
Hypoxidaceae,Hypoxis,95,5,169
Hypoxidaceae,Pauridia,36,5,169
Hypoxidaceae,Sinocurculigo,1,5,169
Iridaceae,Afrocrocus,1,69,2600
Iridaceae,Afrosolen,15,69,2600
Iridaceae,Alophia,6,69,2600
Iridaceae,Aristea,60,69,2600
Iridaceae,Babiana,94,69,2600
Iridaceae,Bobartia,17,69,2600
Iridaceae,Calydorea,21,69,2600
Iridaceae,Chasmanthe,3,69,2600
Iridaceae,Cipura,8,69,2600
Iridaceae,Cobana,1,69,2600
Iridaceae,Codonorhiza,7,69,2600
Iridaceae,Crocosmia,9,69,2600
Iridaceae,Crocus,252,69,2600
Iridaceae,Cyanixia,1,69,2600
Iridaceae,Cypella,37,69,2600
Iridaceae,Devia,1,69,2600
Iridaceae,Dierama,43,69,2600
Iridaceae,Dietes,6,69,2600
Iridaceae,Diplarrena,2,69,2600
Iridaceae,Duthiastrum,1,69,2600
Iridaceae,Eleutherine,3,69,2600
Iridaceae,Ennealophus,6,69,2600
Iridaceae,Ferraria,18,69,2600
Iridaceae,Freesia,16,69,2600
Iridaceae,Geissorhiza,106,69,2600
Iridaceae,Gelasine,8,69,2600
Iridaceae,Geosiris,3,69,2600
Iridaceae,Gladiolus,295,69,2600
Iridaceae,Herbertia,10,69,2600
Iridaceae,Hesperantha,89,69,2600
Iridaceae,Hesperoxiphion,5,69,2600
Iridaceae,Iris,332,69,2600
Iridaceae,Isophysis,1,69,2600
Iridaceae,Ixia,100,69,2600
Iridaceae,Klattia,3,69,2600
Iridaceae,Lapeirousia,28,69,2600
Iridaceae,Larentia,3,69,2600
Iridaceae,Lethia,1,69,2600
Iridaceae,Libertia,17,69,2600
Iridaceae,Mastigostyla,28,69,2600
Iridaceae,Melasphaerula,1,69,2600
Iridaceae,Micranthus,7,69,2600
Iridaceae,Moraea,232,69,2600
Iridaceae,Nemastylis,5,69,2600
Iridaceae,Nivenia,11,69,2600
Iridaceae,Olsynium,19,69,2600
Iridaceae,Orthrosanthus,9,69,2600
Iridaceae,Patersonia,26,69,2600
Iridaceae,Phalocallis,1,69,2600
Iridaceae,Pillansia,1,69,2600
Iridaceae,Radinosiphon,2,69,2600
Iridaceae,Romulea,121,69,2600
Iridaceae,Salpingostylis,1,69,2600
Iridaceae,Savannosiphon,1,69,2600
Iridaceae,Schizorhiza,1,69,2600
Iridaceae,Sisyrinchium,211,69,2600
Iridaceae,Solenomelus,2,69,2600
Iridaceae,Sparaxis,16,69,2600
Iridaceae,Syringodea,7,69,2600
Iridaceae,Tapeinia,1,69,2600
Iridaceae,Thereianthus,11,69,2600
Iridaceae,Tigridia,62,69,2600
Iridaceae,Trimezia,77,69,2600
Iridaceae,Tritonia,30,69,2600
Iridaceae,Tritoniopsis,23,69,2600
Iridaceae,Watsonia,54,69,2600
Iridaceae,Witsenia,1,69,2600
Iridaceae,Xenoscapa,3,69,2600
Iridaceae,Zygotritonia,7,69,2600
Isoetaceae,Isoetes,239,1,239
Iteaceae,Itea,21,2,24
Iteaceae,Pterostemon,3,2,24
Ixioliriaceae,Ixiolirion,5,1,5
Juglandaceae,Alfaroa,7,9,82
Juglandaceae,Carya,27,9,82
Juglandaceae,Cyclocarya,1,9,82
Juglandaceae,Engelhardia,11,9,82
Juglandaceae,Juglans,23,9,82
Juglandaceae,Oreomunnea,4,9,82
Juglandaceae,Platycarya,2,9,82
Juglandaceae,Pterocarya,6,9,82
Juglandaceae,Rhoiptelea,1,9,82
Juncaceae,Distichia,3,8,516
Juncaceae,Juncus,355,8,516
Juncaceae,Luzula,144,8,516
Juncaceae,Marsippospermum,4,8,516
Juncaceae,Oreojuncus,2,8,516
Juncaceae,Oxychloe,5,8,516
Juncaceae,Patosia,1,8,516
Juncaceae,Rostkovia,2,8,516
Juncaginaceae,Cycnogeton,8,3,35
Juncaginaceae,Tetroncium,1,3,35
Juncaginaceae,Triglochin,26,3,35
Lamiaceae,Acanthomintha,4,231,8091
Lamiaceae,Acanthoprasium,3,231,8091
Lamiaceae,Achyrospermum,22,231,8091
Lamiaceae,Acrotome,8,231,8091
Lamiaceae,Acrymia,1,231,8091
Lamiaceae,Aegiphila,139,231,8091
Lamiaceae,Aeollanthus,44,231,8091
Lamiaceae,Agastache,22,231,8091
Lamiaceae,Ajuga,70,231,8091
Lamiaceae,Ajugoides,1,231,8091
Lamiaceae,Amasonia,7,231,8091
Lamiaceae,Amethystea,1,231,8091
Lamiaceae,Anisomeles,28,231,8091
Lamiaceae,Apatelantha,5,231,8091
Lamiaceae,Asterohyptis,3,231,8091
Lamiaceae,Ballota,18,231,8091
Lamiaceae,Basilicum,1,231,8091
Lamiaceae,Benguellia,1,231,8091
Lamiaceae,Betonica,10,231,8091
Lamiaceae,Blephilia,4,231,8091
Lamiaceae,Brachysola,2,231,8091
Lamiaceae,Brazoria,3,231,8091
Lamiaceae,Bystropogon,10,231,8091
Lamiaceae,Callicarpa,162,231,8091
Lamiaceae,Cantinoa,26,231,8091
Lamiaceae,Capitanopsis,6,231,8091
Lamiaceae,Caryopteris,8,231,8091
Lamiaceae,Catoferia,4,231,8091
Lamiaceae,Cedronella,1,231,8091
Lamiaceae,Chaiturus,1,231,8091
Lamiaceae,Chamaesphacos,1,231,8091
Lamiaceae,Chelonopsis,19,231,8091
Lamiaceae,Chloanthes,4,231,8091
Lamiaceae,Cleonia,1,231,8091
Lamiaceae,Clerodendrum,251,231,8091
Lamiaceae,Clinopodium,193,231,8091
Lamiaceae,Colebrookea,1,231,8091
Lamiaceae,Coleus,303,231,8091
Lamiaceae,Collinsonia,11,231,8091
Lamiaceae,Colquhounia,5,231,8091
Lamiaceae,Comanthosphace,5,231,8091
Lamiaceae,Condea,29,231,8091
Lamiaceae,Congea,12,231,8091
Lamiaceae,Conradina,5,231,8091
Lamiaceae,Cornutia,8,231,8091
Lamiaceae,Craniotome,1,231,8091
Lamiaceae,Cuminia,1,231,8091
Lamiaceae,Cunila,20,231,8091
Lamiaceae,Cyanocephalus,27,231,8091
Lamiaceae,Cyanostegia,5,231,8091
Lamiaceae,Cyclotrichium,9,231,8091
Lamiaceae,Cymaria,2,231,8091
Lamiaceae,Dasymalla,5,231,8091
Lamiaceae,Dicerandra,6,231,8091
Lamiaceae,Dicrastylis,31,231,8091
Lamiaceae,Discretitheca,1,231,8091
Lamiaceae,Dracocephalum,78,231,8091
Lamiaceae,Drepanocaryum,1,231,8091
Lamiaceae,Elsholtzia,43,231,8091
Lamiaceae,Endostemon,20,231,8091
Lamiaceae,Eplingiella,3,231,8091
Lamiaceae,Equilabium,42,231,8091
Lamiaceae,Eriope,31,231,8091
Lamiaceae,Eriophyton,12,231,8091
Lamiaceae,Eriopidion,1,231,8091
Lamiaceae,Eriothymus,1,231,8091
Lamiaceae,Eurysolen,1,231,8091
Lamiaceae,Fuerstia,9,231,8091
Lamiaceae,Galeopsis,17,231,8091
Lamiaceae,Garrettia,2,231,8091
Lamiaceae,Glechoma,8,231,8091
Lamiaceae,Glechon,6,231,8091
Lamiaceae,Glossocarya,10,231,8091
Lamiaceae,Gmelina,32,231,8091
Lamiaceae,Gomphostemma,29,231,8091
Lamiaceae,Gontscharovia,1,231,8091
Lamiaceae,Gymneia,7,231,8091
Lamiaceae,Hanceola,10,231,8091
Lamiaceae,Haplostachys,5,231,8091
Lamiaceae,Haumaniastrum,35,231,8091
Lamiaceae,Hedeoma,44,231,8091
Lamiaceae,Hemiandra,7,231,8091
Lamiaceae,Hemigenia,55,231,8091
Lamiaceae,Hemiphora,5,231,8091
Lamiaceae,Hesperozygis,7,231,8091
Lamiaceae,Heterolamium,2,231,8091
Lamiaceae,Hoehnea,4,231,8091
Lamiaceae,Holmskioldia,1,231,8091
Lamiaceae,Holocheila,1,231,8091
Lamiaceae,Horminum,1,231,8091
Lamiaceae,Hosea,1,231,8091
Lamiaceae,Hoslundia,1,231,8091
Lamiaceae,Hymenocrater,4,231,8091
Lamiaceae,Hymenopyramis,7,231,8091
Lamiaceae,Hypenia,26,231,8091
Lamiaceae,Hypogomphia,3,231,8091
Lamiaceae,Hyptidendron,20,231,8091
Lamiaceae,Hyptis,169,231,8091
Lamiaceae,Hyssopus,7,231,8091
Lamiaceae,Isodon,114,231,8091
Lamiaceae,Isoleucas,2,231,8091
Lamiaceae,Kalaharia,2,231,8091
Lamiaceae,Karomia,9,231,8091
Lamiaceae,Killickia,4,231,8091
Lamiaceae,Kudrjaschevia,5,231,8091
Lamiaceae,Kurzamra,1,231,8091
Lamiaceae,Lachnostachys,5,231,8091
Lamiaceae,Lagochilus,44,231,8091
Lamiaceae,Lagopsis,5,231,8091
Lamiaceae,Lallemantia,5,231,8091
Lamiaceae,Lamium,33,231,8091
Lamiaceae,Lavandula,49,231,8091
Lamiaceae,Leonotis,9,231,8091
Lamiaceae,Leonurus,24,231,8091
Lamiaceae,Lepechinia,47,231,8091
Lamiaceae,Leptohyptis,5,231,8091
Lamiaceae,Leucas,116,231,8091
Lamiaceae,Leucosceptrum,1,231,8091
Lamiaceae,Lophanthus,6,231,8091
Lamiaceae,Loxocalyx,3,231,8091
Lamiaceae,Lycopus,20,231,8091
Lamiaceae,Macbridea,2,231,8091
Lamiaceae,Marrubium,55,231,8091
Lamiaceae,Marsypianthes,6,231,8091
Lamiaceae,Martianthus,4,231,8091
Lamiaceae,Matsumurella,5,231,8091
Lamiaceae,Medusantha,8,231,8091
Lamiaceae,Meehania,8,231,8091
Lamiaceae,Melissa,4,231,8091
Lamiaceae,Melittis,1,231,8091
Lamiaceae,Mentha,39,231,8091
Lamiaceae,Mesosphaerum,24,231,8091
Lamiaceae,Metastachydium,1,231,8091
Lamiaceae,Microcorys,21,231,8091
Lamiaceae,Micromeria,86,231,8091
Lamiaceae,Microtoena,19,231,8091
Lamiaceae,Minthostachys,17,231,8091
Lamiaceae,Moluccella,8,231,8091
Lamiaceae,Monarda,23,231,8091
Lamiaceae,Monardella,40,231,8091
Lamiaceae,Monochilus,2,231,8091
Lamiaceae,Mosla,14,231,8091
Lamiaceae,Muniria,4,231,8091
Lamiaceae,Nepeta,292,231,8091
Lamiaceae,Newcastelia,9,231,8091
Lamiaceae,Obtegomeria,1,231,8091
Lamiaceae,Ocimum,66,231,8091
Lamiaceae,Ombrocharis,1,231,8091
Lamiaceae,Oocephalus,20,231,8091
Lamiaceae,Origanum,66,231,8091
Lamiaceae,Orthosiphon,44,231,8091
Lamiaceae,Otostegia,7,231,8091
Lamiaceae,Ovieda,8,231,8091
Lamiaceae,Oxera,24,231,8091
Lamiaceae,Panzerina,2,231,8091
Lamiaceae,Paralamium,1,231,8091
Lamiaceae,Paraphlomis,34,231,8091
Lamiaceae,Pentapleura,1,231,8091
Lamiaceae,Perilla,1,231,8091
Lamiaceae,Perillula,1,231,8091
Lamiaceae,Peronema,1,231,8091
Lamiaceae,Petitia,1,231,8091
Lamiaceae,Petraeovitex,8,231,8091
Lamiaceae,Phlomidoschema,1,231,8091
Lamiaceae,Phlomis,116,231,8091
Lamiaceae,Phlomoides,173,231,8091
Lamiaceae,Phyllostegia,35,231,8091
Lamiaceae,Physominthe,2,231,8091
Lamiaceae,Physopsis,2,231,8091
Lamiaceae,Physostegia,12,231,8091
Lamiaceae,Piloblephis,1,231,8091
Lamiaceae,Pityrodia,20,231,8091
Lamiaceae,Platostoma,50,231,8091
Lamiaceae,Plectranthus,83,231,8091
Lamiaceae,Pogogyne,8,231,8091
Lamiaceae,Pogostemon,93,231,8091
Lamiaceae,Poliomintha,8,231,8091
Lamiaceae,Prasium,1,231,8091
Lamiaceae,Premna,129,231,8091
Lamiaceae,Prostanthera,110,231,8091
Lamiaceae,Prunella,13,231,8091
Lamiaceae,Pseudocarpidium,9,231,8091
Lamiaceae,Pseudocaryopteris,2,231,8091
Lamiaceae,Pseudochamaesphacos,1,231,8091
Lamiaceae,Pseudodictamnus,13,231,8091
Lamiaceae,Pseudomarrubium,1,231,8091
Lamiaceae,Pycnanthemum,19,231,8091
Lamiaceae,Quoya,8,231,8091
Lamiaceae,Renschia,1,231,8091
Lamiaceae,Rhabdocaulon,8,231,8091
Lamiaceae,Rhaphiodon,1,231,8091
Lamiaceae,Rhododon,1,231,8091
Lamiaceae,Rostrinucula,2,231,8091
Lamiaceae,Rotheca,35,231,8091
Lamiaceae,Roylea,1,231,8091
Lamiaceae,Rubiteucris,2,231,8091
Lamiaceae,Rydingia,4,231,8091
Lamiaceae,Saccocalyx,1,231,8091
Lamiaceae,Salvia,1045,231,8091
Lamiaceae,Satureja,47,231,8091
Lamiaceae,Schnabelia,5,231,8091
Lamiaceae,Scutellaria,479,231,8091
Lamiaceae,Sideritis,191,231,8091
Lamiaceae,Siphocranion,3,231,8091
Lamiaceae,Sphenodesme,15,231,8091
Lamiaceae,Stachydeoma,1,231,8091
Lamiaceae,Stachys,373,231,8091
Lamiaceae,Stenogyne,21,231,8091
Lamiaceae,Suzukia,2,231,8091
Lamiaceae,Symphorema,3,231,8091
Lamiaceae,Synandra,1,231,8091
Lamiaceae,Syncolostemon,51,231,8091
Lamiaceae,Tectona,3,231,8091
Lamiaceae,Teijsmanniodendron,23,231,8091
Lamiaceae,Tetraclea,1,231,8091
Lamiaceae,Tetradenia,20,231,8091
Lamiaceae,Teucrium,333,231,8091
Lamiaceae,Thorncroftia,6,231,8091
Lamiaceae,Thuspeinanta,2,231,8091
Lamiaceae,Thymbra,7,231,8091
Lamiaceae,Thymus,355,231,8091
Lamiaceae,Tinnea,19,231,8091
Lamiaceae,Trichostema,19,231,8091
Lamiaceae,Tripora,1,231,8091
Lamiaceae,Vitex,209,231,8091
Lamiaceae,Volkameria,10,231,8091
Lamiaceae,Warnockia,1,231,8091
Lamiaceae,Wenchengia,1,231,8091
Lamiaceae,Westringia,32,231,8091
Lamiaceae,Zataria,1,231,8091
Lamiaceae,Ziziphora,17,231,8091
Lardizabalaceae,Akebia,6,7,40
Lardizabalaceae,Boquila,1,7,40
Lardizabalaceae,Decaisnea,2,7,40
Lardizabalaceae,Lardizabala,1,7,40
Lardizabalaceae,Sargentodoxa,1,7,40
Lardizabalaceae,Sinofranchetia,1,7,40
Lardizabalaceae,Stauntonia,28,7,40
Lauraceae,Actinodaphne,125,55,3384
Lauraceae,Aiouea,72,55,3384
Lauraceae,Alseodaphne,53,55,3384
Lauraceae,Alseodaphnopsis,11,55,3384
Lauraceae,Aniba,50,55,3384
Lauraceae,Aspidostemon,31,55,3384
Lauraceae,Beilschmiedia,269,55,3384
Lauraceae,Caryodaphnopsis,18,55,3384
Lauraceae,Cassytha,20,55,3384
Lauraceae,Chlorocardium,3,55,3384
Lauraceae,Cinnadenia,3,55,3384
Lauraceae,Cinnamomum,256,55,3384
Lauraceae,Clinostemon,2,55,3384
Lauraceae,Cryptocarya,362,55,3384
Lauraceae,Damburneya,25,55,3384
Lauraceae,Dehaasia,43,55,3384
Lauraceae,Dicypellium,2,55,3384
Lauraceae,Dodecadenia,1,55,3384
Lauraceae,Endiandra,130,55,3384
Lauraceae,Endlicheria,60,55,3384
Lauraceae,Eusideroxylon,1,55,3384
Lauraceae,Hexapora,1,55,3384
Lauraceae,Hypodaphnis,1,55,3384
Lauraceae,Kubitzkia,2,55,3384
Lauraceae,Kuloa,3,55,3384
Lauraceae,Laurus,3,55,3384
Lauraceae,Licaria,85,55,3384
Lauraceae,Lindera,94,55,3384
Lauraceae,Litsea,396,55,3384
Lauraceae,Machilus,130,55,3384
Lauraceae,Mespilodaphne,9,55,3384
Lauraceae,Mezilaurus,24,55,3384
Lauraceae,Nectandra,99,55,3384
Lauraceae,Neocinnamomum,6,55,3384
Lauraceae,Neolitsea,101,55,3384
Lauraceae,Nothaphoebe,21,55,3384
Lauraceae,Ocotea,540,55,3384
Lauraceae,Paraia,1,55,3384
Lauraceae,Parasassafras,1,55,3384
Lauraceae,Persea,110,55,3384
Lauraceae,Phoebe,76,55,3384
Lauraceae,Phyllostemonodaphne,1,55,3384
Lauraceae,Pleurothyrium,48,55,3384
Lauraceae,Potameia,23,55,3384
Lauraceae,Potoxylon,1,55,3384
Lauraceae,Rhodostemonodaphne,41,55,3384
Lauraceae,Sassafras,3,55,3384
Lauraceae,Sextonia,2,55,3384
Lauraceae,Sinopora,1,55,3384
Lauraceae,Syndiclis,10,55,3384
Lauraceae,Triadodaphne,3,55,3384
Lauraceae,Umbellularia,1,55,3384
Lauraceae,Urbanodendron,3,55,3384
Lauraceae,Williamodendron,5,55,3384
Lauraceae,Yasunia,2,55,3384
Lembophyllaceae,Bestia,1,22,79
Lembophyllaceae,Bryolawtonia,1,22,79
Lembophyllaceae,Camptochaete,13,22,79
Lembophyllaceae,Dolichomitra,1,22,79
Lembophyllaceae,Dolichomitriadelphus,1,22,79
Lembophyllaceae,Dolichomitriopsis,5,22,79
Lembophyllaceae,Fallaciella,2,22,79
Lembophyllaceae,Fifea,1,22,79
Lembophyllaceae,Heterocladium,7,22,79
Lembophyllaceae,Isotheciastrum,1,22,79
Lembophyllaceae,Isothecium,9,22,79
Lembophyllaceae,Lembophyllum,2,22,79
Lembophyllaceae,Looseria,1,22,79
Lembophyllaceae,Margrethypnum,1,22,79
Lembophyllaceae,Mawenzhangia,1,22,79
Lembophyllaceae,Neobarbella,1,22,79
Lembophyllaceae,Nogopterium,3,22,79
Lembophyllaceae,Pilotrichella,10,22,79
Lembophyllaceae,Pseudisothecium,8,22,79
Lembophyllaceae,Rigodium,6,22,79
Lembophyllaceae,Tripterocladium,1,22,79
Lembophyllaceae,Weymouthia,3,22,79
Lentibulariaceae,Genlisea,30,3,440
Lentibulariaceae,Pinguicula,124,3,440
Lentibulariaceae,Utricularia,286,3,440
Liliaceae,Amana,6,15,787
Liliaceae,Calochortus,79,15,787
Liliaceae,Cardiocrinum,3,15,787
Liliaceae,Clintonia,5,15,787
Liliaceae,Erythronium,33,15,787
Liliaceae,Fritillaria,161,15,787
Liliaceae,Gagea,234,15,787
Liliaceae,Lilium,122,15,787
Liliaceae,Medeola,1,15,787
Liliaceae,Notholirion,4,15,787
Liliaceae,Prosartes,6,15,787
Liliaceae,Scoliopus,2,15,787
Liliaceae,Streptopus,11,15,787
Liliaceae,Tricyrtis,24,15,787
Liliaceae,Tulipa,96,15,787
Limnanthaceae,Floerkea,1,2,8
Limnanthaceae,Limnanthes,7,2,8
Linaceae,Anisadenia,2,9,283
Linaceae,Hebepetalum,3,9,283
Linaceae,Hugonia,48,9,283
Linaceae,Indorouchera,1,9,283
Linaceae,Linum,215,9,283
Linaceae,Radiola,1,9,283
Linaceae,Reinwardtia,3,9,283
Linaceae,Roucheria,7,9,283
Linaceae,Tirpitzia,3,9,283
Loasaceae,Aosa,8,22,349
Loasaceae,Blumenbachia,12,22,349
Loasaceae,Caiophora,41,22,349
Loasaceae,Cevallia,1,22,349
Loasaceae,Eucnide,15,22,349
Loasaceae,Fuertesia,1,22,349
Loasaceae,Grausa,6,22,349
Loasaceae,Gronovia,2,22,349
Loasaceae,Huidobria,1,22,349
Loasaceae,Kissenia,2,22,349
Loasaceae,Klaprothia,2,22,349
Loasaceae,Loasa,26,22,349
Loasaceae,Mentzelia,100,22,349
Loasaceae,Nasa,106,22,349
Loasaceae,Petalonyx,4,22,349
Loasaceae,Pinnasa,7,22,349
Loasaceae,Plakothira,3,22,349
Loasaceae,Presliophytum,5,22,349
Loasaceae,Prosa,1,22,349
Loasaceae,Schismocarpus,2,22,349
Loasaceae,Scyphanthus,2,22,349
Loasaceae,Xylopodia,2,22,349
Loganiaceae,Adelphacme,1,17,501
Loganiaceae,Antonia,1,17,501
Loganiaceae,Bonyunia,10,17,501
Loganiaceae,Gardneria,5,17,501
Loganiaceae,Geniostoma,49,17,501
Loganiaceae,Logania,23,17,501
Loganiaceae,Mitrasacme,55,17,501
Loganiaceae,Mitreola,17,17,501
Loganiaceae,Neuburgia,12,17,501
Loganiaceae,Norrisia,2,17,501
Loganiaceae,Orianthera,13,17,501
Loganiaceae,Peltanthera,1,17,501
Loganiaceae,Phyllangium,5,17,501
Loganiaceae,Schizacme,5,17,501
Loganiaceae,Spigelia,96,17,501
Loganiaceae,Strychnos,205,17,501
Loganiaceae,Usteria,1,17,501
Lycopodiaceae,Austrolycopodium,7,16,512
Lycopodiaceae,Dendrolycopodium,5,16,512
Lycopodiaceae,Diphasiastrum,26,16,512
Lycopodiaceae,Diphasium,4,16,512
Lycopodiaceae,Huperzia,82,16,512
Lycopodiaceae,Lateristachys,3,16,512
Lycopodiaceae,Lycopodiastrum,1,16,512
Lycopodiaceae,Lycopodiella,16,16,512
Lycopodiaceae,Lycopodium,11,16,512
Lycopodiaceae,Palhinhaea,27,16,512
Lycopodiaceae,Phlegmariurus,308,16,512
Lycopodiaceae,Phylloglossum,1,16,512
Lycopodiaceae,Pseudodiphasium,1,16,512
Lycopodiaceae,Pseudolycopodiella,17,16,512
Lycopodiaceae,Pseudolycopodium,1,16,512
Lycopodiaceae,Spinulum,2,16,512
Lythraceae,Adenaria,1,27,691
Lythraceae,Ammannia,108,27,691
Lythraceae,Capuronia,1,27,691
Lythraceae,Cuphea,250,27,691
Lythraceae,Decodon,1,27,691
Lythraceae,Didiplis,1,27,691
Lythraceae,Diplusodon,104,27,691
Lythraceae,Duabanga,3,27,691
Lythraceae,Galpinia,1,27,691
Lythraceae,Ginoria,13,27,691
Lythraceae,Heimia,4,27,691
Lythraceae,Koehneria,1,27,691
Lythraceae,Lafoensia,6,27,691
Lythraceae,Lagerstroemia,48,27,691
Lythraceae,Lawsonia,1,27,691
Lythraceae,Lourtella,1,27,691
Lythraceae,Lythrum,39,27,691
Lythraceae,Pehria,1,27,691
Lythraceae,Pemphis,1,27,691
Lythraceae,Physocalymma,1,27,691
Lythraceae,Pleurophora,8,27,691
Lythraceae,Punica,2,27,691
Lythraceae,Rotala,74,27,691
Lythraceae,Sonneratia,10,27,691
Lythraceae,Tetrataxis,1,27,691
Lythraceae,Trapa,8,27,691
Lythraceae,Woodfordia,2,27,691
Magnoliaceae,Liriodendron,3,2,368
Magnoliaceae,Magnolia,365,2,368
Malpighiaceae,Acmanthera,7,72,1501
Malpighiaceae,Acridocarpus,36,72,1501
Malpighiaceae,Adelphia,4,72,1501
Malpighiaceae,Alicia,2,72,1501
Malpighiaceae,Amorimia,15,72,1501
Malpighiaceae,Aspicarpa,29,72,1501
Malpighiaceae,Aspidopterys,24,72,1501
Malpighiaceae,Banisteriopsis,65,72,1501
Malpighiaceae,Barnebya,2,72,1501
Malpighiaceae,Blepharandra,6,72,1501
Malpighiaceae,Brachylophon,2,72,1501
Malpighiaceae,Bronwenia,13,72,1501
Malpighiaceae,Bunchosia,92,72,1501
Malpighiaceae,Burdachia,6,72,1501
Malpighiaceae,Byrsonima,164,72,1501
Malpighiaceae,Calcicola,2,72,1501
Malpighiaceae,Callaeum,11,72,1501
Malpighiaceae,Camarea,8,72,1501
Malpighiaceae,Carolus,8,72,1501
Malpighiaceae,Caucanthus,2,72,1501
Malpighiaceae,Chlorohiptage,1,72,1501
Malpighiaceae,Christianella,5,72,1501
Malpighiaceae,Coleostachys,1,72,1501
Malpighiaceae,Cottsia,4,72,1501
Malpighiaceae,Diacidia,11,72,1501
Malpighiaceae,Diaspis,1,72,1501
Malpighiaceae,Dicella,7,72,1501
Malpighiaceae,Digoniopterys,1,72,1501
Malpighiaceae,Dinemandra,2,72,1501
Malpighiaceae,Diplopterys,31,72,1501
Malpighiaceae,Echinopterys,2,72,1501
Malpighiaceae,Ectopopterys,1,72,1501
Malpighiaceae,Excentradenia,4,72,1501
Malpighiaceae,Flabellaria,1,72,1501
Malpighiaceae,Flabellariopsis,1,72,1501
Malpighiaceae,Galphimia,26,72,1501
Malpighiaceae,Glandonia,3,72,1501
Malpighiaceae,Glicophyllum,28,72,1501
Malpighiaceae,Heladena,2,72,1501
Malpighiaceae,Heteropterys,167,72,1501
Malpighiaceae,Hiptage,47,72,1501
Malpighiaceae,Hiraea,81,72,1501
Malpighiaceae,Janusia,2,72,1501
Malpighiaceae,Jubelina,6,72,1501
Malpighiaceae,Lasiocarpus,4,72,1501
Malpighiaceae,Lophopterys,7,72,1501
Malpighiaceae,Madagasikaria,1,72,1501
Malpighiaceae,Malpighia,110,72,1501
Malpighiaceae,Malpighiodes,4,72,1501
Malpighiaceae,Mamedea,6,72,1501
Malpighiaceae,Mascagnia,48,72,1501
Malpighiaceae,Mcvaughia,3,72,1501
Malpighiaceae,Mezia,15,72,1501
Malpighiaceae,Microsteira,27,72,1501
Malpighiaceae,Mionandra,4,72,1501
Malpighiaceae,Niedenzuella,18,72,1501
Malpighiaceae,Peixotoa,29,72,1501
Malpighiaceae,Philgamia,4,72,1501
Malpighiaceae,Psychopterys,9,72,1501
Malpighiaceae,Pterandra,15,72,1501
Malpighiaceae,Ptilochaeta,3,72,1501
Malpighiaceae,Rhynchophora,2,72,1501
Malpighiaceae,Schwannia,13,72,1501
Malpighiaceae,Spachea,12,72,1501
Malpighiaceae,Sphedamnocarpus,10,72,1501
Malpighiaceae,Stigmaphyllon,120,72,1501
Malpighiaceae,Tetrapterys,56,72,1501
Malpighiaceae,Thryallis,5,72,1501
Malpighiaceae,Triaspis,19,72,1501
Malpighiaceae,Tricomaria,1,72,1501
Malpighiaceae,Tristellateia,21,72,1501
Malpighiaceae,Verrucularina,2,72,1501
Malvaceae,Abelmoschus,12,245,5622
Malvaceae,Abroma,1,245,5622
Malvaceae,Abutilon,180,245,5622
Malvaceae,Acaulimalva,21,245,5622
Malvaceae,Acropogon,27,245,5622
Malvaceae,Adansonia,8,245,5622
Malvaceae,Aguiaria,1,245,5622
Malvaceae,Akrosida,2,245,5622
Malvaceae,Alcea,84,245,5622
Malvaceae,Allobriquetia,3,245,5622
Malvaceae,Allosidastrum,4,245,5622
Malvaceae,Allowissadula,10,245,5622
Malvaceae,Althaea,10,245,5622
Malvaceae,Alyogyne,5,245,5622
Malvaceae,Ancistrocarpus,3,245,5622
Malvaceae,Andeimalva,5,245,5622
Malvaceae,Andringitra,6,245,5622
Malvaceae,Androcalva,33,245,5622
Malvaceae,Anisodontea,20,245,5622
Malvaceae,Anoda,24,245,5622
Malvaceae,Anotea,1,245,5622
Malvaceae,Apeiba,11,245,5622
Malvaceae,Asterotrichion,1,245,5622
Malvaceae,Ayenia,217,245,5622
Malvaceae,Azanza,2,245,5622
Malvaceae,Bakeridesia,20,245,5622
Malvaceae,Bastardiastrum,8,245,5622
Malvaceae,Batesimalva,5,245,5622
Malvaceae,Bernoullia,3,245,5622
Malvaceae,Berrya,6,245,5622
Malvaceae,Billieturnera,1,245,5622
Malvaceae,Bombax,8,245,5622
Malvaceae,Bombycidendron,3,245,5622
Malvaceae,Bordasia,1,245,5622
Malvaceae,Boschia,5,245,5622
Malvaceae,Brachychiton,40,245,5622
Malvaceae,Briquetia,3,245,5622
Malvaceae,Brownlowia,29,245,5622
Malvaceae,Burretiodendron,6,245,5622
Malvaceae,Callianthe,50,245,5622
Malvaceae,Callirhoe,9,245,5622
Malvaceae,Calyculogygas,2,245,5622
Malvaceae,Calyptraemalva,1,245,5622
Malvaceae,Camptostemon,3,245,5622
Malvaceae,Carpodiptera,4,245,5622
Malvaceae,Catostemma,15,245,5622
Malvaceae,Cavanillesia,5,245,5622
Malvaceae,Ceiba,19,245,5622
Malvaceae,Cenocentrum,1,245,5622
Malvaceae,Cephalohibiscus,1,245,5622
Malvaceae,Cheirolaena,1,245,5622
Malvaceae,Chiranthodendron,1,245,5622
Malvaceae,Christiana,5,245,5622
Malvaceae,Cienfuegosia,28,245,5622
Malvaceae,Clappertonia,3,245,5622
Malvaceae,Coelostegia,6,245,5622
Malvaceae,Cola,134,245,5622
Malvaceae,Colona,37,245,5622
Malvaceae,Commersonia,25,245,5622
Malvaceae,Corchoropsis,3,245,5622
Malvaceae,Corchorus,75,245,5622
Malvaceae,Corynabutilon,7,245,5622
Malvaceae,Craigia,2,245,5622
Malvaceae,Cristaria,22,245,5622
Malvaceae,Cullenia,4,245,5622
Malvaceae,Decaschistia,15,245,5622
Malvaceae,Dendrosida,6,245,5622
Malvaceae,Desplatsia,4,245,5622
Malvaceae,Dicarpidium,1,245,5622
Malvaceae,Dicellostyles,2,245,5622
Malvaceae,Diplodiscus,11,245,5622
Malvaceae,Dirhamphis,2,245,5622
Malvaceae,Dombeya,200,245,5622
Malvaceae,Duboscia,2,245,5622
Malvaceae,Durio,28,245,5622
Malvaceae,Eleutherostylis,1,245,5622
Malvaceae,Entelea,1,245,5622
Malvaceae,Eremalche,3,245,5622
Malvaceae,Erinocarpus,1,245,5622
Malvaceae,Eriolaena,27,245,5622
Malvaceae,Eriotheca,32,245,5622
Malvaceae,Firmiana,18,245,5622
Malvaceae,Franciscodendron,1,245,5622
Malvaceae,Fremontodendron,2,245,5622
Malvaceae,Fryxellia,1,245,5622
Malvaceae,Fuertesimalva,16,245,5622
Malvaceae,Gaya,39,245,5622
Malvaceae,Gilesia,1,245,5622
Malvaceae,Glossostemon,1,245,5622
Malvaceae,Glyphaea,2,245,5622
Malvaceae,Goethalsia,1,245,5622
Malvaceae,Gossypioides,2,245,5622
Malvaceae,Gossypium,55,245,5622
Malvaceae,Grewia,283,245,5622
Malvaceae,Guazuma,5,245,5622
Malvaceae,Guichenotia,17,245,5622
Malvaceae,Gynatrix,2,245,5622
Malvaceae,Gyranthera,3,245,5622
Malvaceae,Hafotra,1,245,5622
Malvaceae,Hampea,21,245,5622
Malvaceae,Hannafordia,3,245,5622
Malvaceae,Harmsia,2,245,5622
Malvaceae,Helicteres,74,245,5622
Malvaceae,Helicteropsis,1,245,5622
Malvaceae,Heliocarpus,13,245,5622
Malvaceae,Herissantia,5,245,5622
Malvaceae,Heritiera,41,245,5622
Malvaceae,Hermannia,177,245,5622
Malvaceae,Herrania,18,245,5622
Malvaceae,Hibiscadelphus,9,245,5622
Malvaceae,Hibiscus,444,245,5622
Malvaceae,Hildegardia,12,245,5622
Malvaceae,Hochreutinera,2,245,5622
Malvaceae,Hoheria,7,245,5622
Malvaceae,Horsfordia,4,245,5622
Malvaceae,Howittia,1,245,5622
Malvaceae,Huberodendron,4,245,5622
Malvaceae,Humbertiella,7,245,5622
Malvaceae,Hydrogaster,1,245,5622
Malvaceae,Iliamna,8,245,5622
Malvaceae,Indagator,1,245,5622
Malvaceae,Jarandersonia,8,245,5622
Malvaceae,Julostylis,3,245,5622
Malvaceae,Jumelleanthus,1,245,5622
Malvaceae,Kearnemalvastrum,2,245,5622
Malvaceae,Kitaibela,2,245,5622
Malvaceae,Kleinhovia,1,245,5622
Malvaceae,Kokia,4,245,5622
Malvaceae,Kosteletzkya,27,245,5622
Malvaceae,Kostermansia,1,245,5622
Malvaceae,Krapovickasia,4,245,5622
Malvaceae,Kydia,2,245,5622
Malvaceae,Lagunaria,2,245,5622
Malvaceae,Lasiopetalum,54,245,5622
Malvaceae,Lawrencia,12,245,5622
Malvaceae,Lebronnecia,1,245,5622
Malvaceae,Lecanophora,7,245,5622
Malvaceae,Leptonychia,40,245,5622
Malvaceae,Luehea,20,245,5622
Malvaceae,Lueheopsis,6,245,5622
Malvaceae,Lysiosepalum,5,245,5622
Malvaceae,Malachra,8,245,5622
Malvaceae,Malacothamnus,22,245,5622
Malvaceae,Malope,4,245,5622
Malvaceae,Malva,64,245,5622
Malvaceae,Malvalthaea,3,245,5622
Malvaceae,Malvastrum,24,245,5622
Malvaceae,Malvaviscus,11,245,5622
Malvaceae,Malvella,4,245,5622
Malvaceae,Mansonia,5,245,5622
Malvaceae,Marcanodendron,1,245,5622
Malvaceae,Matisia,60,245,5622
Malvaceae,Maxwellia,1,245,5622
Malvaceae,Megatritheca,2,245,5622
Malvaceae,Megistostegium,3,245,5622
Malvaceae,Melhania,73,245,5622
Malvaceae,Melochia,63,245,5622
Malvaceae,Meximalva,2,245,5622
Malvaceae,Microcos,78,245,5622
Malvaceae,Modiola,1,245,5622
Malvaceae,Modiolastrum,5,245,5622
Malvaceae,Mollia,16,245,5622
Malvaceae,Monteiroa,11,245,5622
Malvaceae,Mortoniodendron,16,245,5622
Malvaceae,Napaea,1,245,5622
Malvaceae,Nayariophyton,1,245,5622
Malvaceae,Neesia,8,245,5622
Malvaceae,Neobaclea,1,245,5622
Malvaceae,Neobrittonia,1,245,5622
Malvaceae,Neobuchia,1,245,5622
Malvaceae,Neoregnellia,1,245,5622
Malvaceae,Nesogordonia,24,245,5622
Malvaceae,Nototriche,114,245,5622
Malvaceae,Ochroma,1,245,5622
Malvaceae,Octolobus,4,245,5622
Malvaceae,Pachira,52,245,5622
Malvaceae,Palaua,17,245,5622
Malvaceae,Papuodendron,2,245,5622
Malvaceae,Patinoa,4,245,5622
Malvaceae,Pavonia,295,245,5622
Malvaceae,Peltaea,21,245,5622
Malvaceae,Pentace,30,245,5622
Malvaceae,Pentapetes,1,245,5622
Malvaceae,Pentaplaris,3,245,5622
Malvaceae,Periptera,5,245,5622
Malvaceae,Perrierophytum,9,245,5622
Malvaceae,Phragmocarpidium,1,245,5622
Malvaceae,Phragmotheca,11,245,5622
Malvaceae,Phymosia,8,245,5622
Malvaceae,Physodium,2,245,5622
Malvaceae,Pityranthe,2,245,5622
Malvaceae,Plagianthus,2,245,5622
Malvaceae,Pochota,1,245,5622
Malvaceae,Pseudabutilon,19,245,5622
Malvaceae,Pseudobombax,28,245,5622
Malvaceae,Pseudocorchorus,6,245,5622
Malvaceae,Pterocymbium,12,245,5622
Malvaceae,Pterospermum,56,245,5622
Malvaceae,Pterygota,22,245,5622
Malvaceae,Quararibea,56,245,5622
Malvaceae,Radyera,2,245,5622
Malvaceae,Reevesia,13,245,5622
Malvaceae,Rhodognaphalon,4,245,5622
Malvaceae,Rhynchosida,2,245,5622
Malvaceae,Ripariosida,1,245,5622
Malvaceae,Robinsonella,16,245,5622
Malvaceae,Roifia,1,245,5622
Malvaceae,Rojasimalva,1,245,5622
Malvaceae,Ruizia,13,245,5622
Malvaceae,Scaphium,8,245,5622
Malvaceae,Scaphopetalum,20,245,5622
Malvaceae,Schoutenia,10,245,5622
Malvaceae,Scleronema,5,245,5622
Malvaceae,Senra,1,245,5622
Malvaceae,Septotheca,1,245,5622
Malvaceae,Seringia,19,245,5622
Malvaceae,Sida,282,245,5622
Malvaceae,Sidalcea,31,245,5622
Malvaceae,Sidasodes,2,245,5622
Malvaceae,Sidastrum,8,245,5622
Malvaceae,Sparrmannia,3,245,5622
Malvaceae,Sphaeralcea,49,245,5622
Malvaceae,Spirabutilon,1,245,5622
Malvaceae,Spirotheca,8,245,5622
Malvaceae,Sterculia,194,245,5622
Malvaceae,Tarasa,30,245,5622
Malvaceae,Tetralix,5,245,5622
Malvaceae,Tetrasida,4,245,5622
Malvaceae,Theobroma,21,245,5622
Malvaceae,Thepparatia,1,245,5622
Malvaceae,Thespesia,15,245,5622
Malvaceae,Thomasia,32,245,5622
Malvaceae,Tilia,38,245,5622
Malvaceae,Trichospermum,38,245,5622
Malvaceae,Triplochiton,2,245,5622
Malvaceae,Triumfetta,177,245,5622
Malvaceae,Tropidococcus,1,245,5622
Malvaceae,Ungeria,1,245,5622
Malvaceae,Urena,11,245,5622
Malvaceae,Urocarpidium,1,245,5622
Malvaceae,Vasivaea,2,245,5622
Malvaceae,Waltheria,61,245,5622
Malvaceae,Wercklea,13,245,5622
Malvaceae,Wissadula,39,245,5622
Malvaceae,Woodianthus,1,245,5622
Marchantiaceae,Marchantia,51,1,51
Marsileaceae,Marsilea,52,3,60
Marsileaceae,Pilularia,7,3,60
Marsileaceae,Regnellidium,1,3,60
Mazaceae,Dodartia,1,4,44
Mazaceae,Lancea,2,4,44
Mazaceae,Mazus,40,4,44
Mazaceae,Puchiumazus,1,4,44
Melanthiaceae,Amianthium,1,14,191
Melanthiaceae,Anticlea,10,14,191
Melanthiaceae,Chamaelirium,11,14,191
Melanthiaceae,Helonias,12,14,191
Melanthiaceae,Melanthium,4,14,191
Melanthiaceae,Paris,27,14,191
Melanthiaceae,Pseudotrillium,1,14,191
Melanthiaceae,Schoenocaulon,26,14,191
Melanthiaceae,Stenanthium,6,14,191
Melanthiaceae,Toxicoscordion,8,14,191
Melanthiaceae,Trillium,56,14,191
Melanthiaceae,Veratrum,26,14,191
Melanthiaceae,Xerophyllum,2,14,191
Melanthiaceae,Zigadenus,1,14,191
Melastomataceae,Acanthella,3,164,6348
Melastomataceae,Aciotis,17,164,6348
Melastomataceae,Acisanthera,14,164,6348
Melastomataceae,Adelobotrys,32,164,6348
Melastomataceae,Allomaieta,10,164,6348
Melastomataceae,Alloneuron,7,164,6348
Melastomataceae,Almedanthus,1,164,6348
Melastomataceae,Amphiblemma,15,164,6348
Melastomataceae,Amphorocalyx,5,164,6348
Melastomataceae,Anaheterotis,1,164,6348
Melastomataceae,Andesanthus,9,164,6348
Melastomataceae,Anerincleistus,33,164,6348
Melastomataceae,Antherotoma,11,164,6348
Melastomataceae,Appendicularia,3,164,6348
Melastomataceae,Argyrella,8,164,6348
Melastomataceae,Arthrostemma,5,164,6348
Melastomataceae,Aschistanthera,1,164,6348
Melastomataceae,Astrocalyx,1,164,6348
Melastomataceae,Astronia,64,164,6348
Melastomataceae,Astronidium,67,164,6348
Melastomataceae,Axinaea,45,164,6348
Melastomataceae,Barthea,1,164,6348
Melastomataceae,Beccarianthus,9,164,6348
Melastomataceae,Bellucia,22,164,6348
Melastomataceae,Benna,1,164,6348
Melastomataceae,Bertolonia,55,164,6348
Melastomataceae,Bisglaziovia,1,164,6348
Melastomataceae,Blakea,196,164,6348
Melastomataceae,Blastus,11,164,6348
Melastomataceae,Boerlagea,1,164,6348
Melastomataceae,Boyania,2,164,6348
Melastomataceae,Brachyotum,55,164,6348
Melastomataceae,Brasilianthus,1,164,6348
Melastomataceae,Bredia,23,164,6348
Melastomataceae,Bucquetia,3,164,6348
Melastomataceae,Cailliella,1,164,6348
Melastomataceae,Calvoa,21,164,6348
Melastomataceae,Cambessedesia,29,164,6348
Melastomataceae,Castratella,2,164,6348
Melastomataceae,Catanthera,19,164,6348
Melastomataceae,Centradenia,5,164,6348
Melastomataceae,Centradeniastrum,2,164,6348
Melastomataceae,Centronia,6,164,6348
Melastomataceae,Chaetogastra,123,164,6348
Melastomataceae,Chaetolepis,11,164,6348
Melastomataceae,Chalybea,12,164,6348
Melastomataceae,Cincinnobotrys,10,164,6348
Melastomataceae,Comolia,15,164,6348
Melastomataceae,Comoliopsis,3,164,6348
Melastomataceae,Creochiton,15,164,6348
Melastomataceae,Cyphotheca,1,164,6348
Melastomataceae,Dalenia,9,164,6348
Melastomataceae,Derosiphia,1,164,6348
Melastomataceae,Desmoscelis,2,164,6348
Melastomataceae,Dicellandra,3,164,6348
Melastomataceae,Dichaetanthera,41,164,6348
Melastomataceae,Dinophora,1,164,6348
Melastomataceae,Dionycha,3,164,6348
Melastomataceae,Dionychastrum,1,164,6348
Melastomataceae,Diplectria,8,164,6348
Melastomataceae,Dissochaeta,29,164,6348
Melastomataceae,Dissotidendron,11,164,6348
Melastomataceae,Dissotis,16,164,6348
Melastomataceae,Driessenia,20,164,6348
Melastomataceae,Dupineta,5,164,6348
Melastomataceae,Eleotis,4,164,6348
Melastomataceae,Eriocnema,5,164,6348
Melastomataceae,Ernestia,13,164,6348
Melastomataceae,Feliciadamia,1,164,6348
Melastomataceae,Feliciotis,12,164,6348
Melastomataceae,Fordiophyton,18,164,6348
Melastomataceae,Fritzschia,13,164,6348
Melastomataceae,Graffenrieda,66,164,6348
Melastomataceae,Gravesia,118,164,6348
Melastomataceae,Guyonia,13,164,6348
Melastomataceae,Henriettea,73,164,6348
Melastomataceae,Heteroblemma,15,164,6348
Melastomataceae,Heterocentron,18,164,6348
Melastomataceae,Heterotis,6,164,6348
Melastomataceae,Huberia,37,164,6348
Melastomataceae,Kendrickia,1,164,6348
Melastomataceae,Kerriothyrsus,1,164,6348
Melastomataceae,Kirkbridea,2,164,6348
Melastomataceae,Lijndenia,16,164,6348
Melastomataceae,Lithobium,1,164,6348
Melastomataceae,Loricalepis,2,164,6348
Melastomataceae,Macairea,24,164,6348
Melastomataceae,Macrocentrum,26,164,6348
Melastomataceae,Macrolenes,26,164,6348
Melastomataceae,Maguireanthus,1,164,6348
Melastomataceae,Mallophyton,1,164,6348
Melastomataceae,Marcetia,35,164,6348
Melastomataceae,Medinilla,389,164,6348
Melastomataceae,Melastoma,213,164,6348
Melastomataceae,Melastomastrum,7,164,6348
Melastomataceae,Memecylon,370,164,6348
Melastomataceae,Meriania,113,164,6348
Melastomataceae,Merianthera,7,164,6348
Melastomataceae,Miconia,1938,164,6348
Melastomataceae,Microlicia,296,164,6348
Melastomataceae,Monochaetum,54,164,6348
Melastomataceae,Monolena,16,164,6348
Melastomataceae,Mouriri,91,164,6348
Melastomataceae,Neblinanthera,1,164,6348
Melastomataceae,Neodriessenia,6,164,6348
Melastomataceae,Nepsera,1,164,6348
Melastomataceae,Nerophila,8,164,6348
Melastomataceae,Noterophila,8,164,6348
Melastomataceae,Nothodissotis,2,164,6348
Melastomataceae,Ochthephilus,1,164,6348
Melastomataceae,Ochthocharis,10,164,6348
Melastomataceae,Opisthocentra,1,164,6348
Melastomataceae,Osbeckia,49,164,6348
Melastomataceae,Ossaea,11,164,6348
Melastomataceae,Oxyspora,34,164,6348
Melastomataceae,Pachycentria,10,164,6348
Melastomataceae,Pachyloma,4,164,6348
Melastomataceae,Phainantha,5,164,6348
Melastomataceae,Phyllagathis,77,164,6348
Melastomataceae,Physeterostemon,5,164,6348
Melastomataceae,Pilocosta,5,164,6348
Melastomataceae,Plagiopetalum,3,164,6348
Melastomataceae,Pleroma,175,164,6348
Melastomataceae,Plethiandra,8,164,6348
Melastomataceae,Poikilogyne,28,164,6348
Melastomataceae,Poilannammia,4,164,6348
Melastomataceae,Poteranthera,5,164,6348
Melastomataceae,Preussiella,2,164,6348
Melastomataceae,Pseudodissochaeta,6,164,6348
Melastomataceae,Pseudoernestia,2,164,6348
Melastomataceae,Pternandra,21,164,6348
Melastomataceae,Pterogastra,3,164,6348
Melastomataceae,Pterolepis,20,164,6348
Melastomataceae,Pyrotis,1,164,6348
Melastomataceae,Quipuanthus,1,164,6348
Melastomataceae,Rhexia,118,164,6348
Melastomataceae,Rhynchanthera,26,164,6348
Melastomataceae,Rosettea,21,164,6348
Melastomataceae,Rostranthera,1,164,6348
Melastomataceae,Rousseauxia,13,164,6348
Melastomataceae,Salpinga,12,164,6348
Melastomataceae,Sandemania,1,164,6348
Melastomataceae,Sarcopyramis,4,164,6348
Melastomataceae,Schwackaea,1,164,6348
Melastomataceae,Scorpiothyrsus,3,164,6348
Melastomataceae,Siphanthera,23,164,6348
Melastomataceae,Sonerila,205,164,6348
Melastomataceae,Spathandra,1,164,6348
Melastomataceae,Sporoxeia,7,164,6348
Melastomataceae,Stanmarkia,2,164,6348
Melastomataceae,Stussenia,1,164,6348
Melastomataceae,Styrophyton,1,164,6348
Melastomataceae,Tashiroea,12,164,6348
Melastomataceae,Tateanthus,1,164,6348
Melastomataceae,Tessmannianthus,7,164,6348
Melastomataceae,Tibouchina,51,164,6348
Melastomataceae,Tigridiopalma,3,164,6348
Melastomataceae,Triolena,27,164,6348
Melastomataceae,Tristemma,15,164,6348
Melastomataceae,Tryssophyton,2,164,6348
Melastomataceae,Vietsenia,4,164,6348
Melastomataceae,Votomita,10,164,6348
Melastomataceae,Warneckea,49,164,6348
Melastomataceae,Wurdastom,10,164,6348
Meliaceae,Aglaia,125,58,777
Meliaceae,Anthocarapa,1,58,777
Meliaceae,Aphanamixis,3,58,777
Meliaceae,Astrotrichilia,13,58,777
Meliaceae,Azadirachta,2,58,777
Meliaceae,Cabralea,1,58,777
Meliaceae,Calodecaryia,2,58,777
Meliaceae,Capuronianthus,2,58,777
Meliaceae,Carapa,30,58,777
Meliaceae,Cedrela,21,58,777
Meliaceae,Chisocheton,51,58,777
Meliaceae,Chukrasia,1,58,777
Meliaceae,Cipadessa,1,58,777
Meliaceae,Didymocheton,43,58,777
Meliaceae,Dysoxylum,38,58,777
Meliaceae,Ekebergia,3,58,777
Meliaceae,Entandrophragma,11,58,777
Meliaceae,Epicharis,7,58,777
Meliaceae,Goniocheton,4,58,777
Meliaceae,Guarea,69,58,777
Meliaceae,Heckeldora,7,58,777
Meliaceae,Heynea,2,58,777
Meliaceae,Humbertioturraea,7,58,777
Meliaceae,Khaya,5,58,777
Meliaceae,Lansium,3,58,777
Meliaceae,Lepidotrichilia,4,58,777
Meliaceae,Leplaea,7,58,777
Meliaceae,Lovoa,2,58,777
Meliaceae,Malleastrum,25,58,777
Meliaceae,Melia,3,58,777
Meliaceae,Munronia,7,58,777
Meliaceae,Naregamia,1,58,777
Meliaceae,Neobeguea,3,58,777
Meliaceae,Neoguarea,1,58,777
Meliaceae,Nymania,1,58,777
Meliaceae,Owenia,6,58,777
Meliaceae,Prasoxylon,7,58,777
Meliaceae,Pseudobersama,1,58,777
Meliaceae,Pseudocarapa,5,58,777
Meliaceae,Pseudocedrela,1,58,777
Meliaceae,Pseudoclausena,1,58,777
Meliaceae,Pterorhachis,2,58,777
Meliaceae,Quivisianthe,1,58,777
Meliaceae,Reinwardtiodendron,6,58,777
Meliaceae,Ruagea,15,58,777
Meliaceae,Sandoricum,5,58,777
Meliaceae,Schmardaea,1,58,777
Meliaceae,Soymida,1,58,777
Meliaceae,Sphaerosacme,1,58,777
Meliaceae,Swietenia,5,58,777
Meliaceae,Synoum,1,58,777
Meliaceae,Toona,6,58,777
Meliaceae,Trichilia,110,58,777
Meliaceae,Turraea,68,58,777
Meliaceae,Turraeanthus,3,58,777
Meliaceae,Vavaea,5,58,777
Meliaceae,Walsura,17,58,777
Meliaceae,Xylocarpus,3,58,777
Menispermaceae,Abuta,34,79,545
Menispermaceae,Albertisia,20,79,545
Menispermaceae,Anamirta,1,79,545
Menispermaceae,Anisocycla,5,79,545
Menispermaceae,Anomospermum,5,79,545
Menispermaceae,Antizoma,3,79,545
Menispermaceae,Arcangelisia,3,79,545
Menispermaceae,Aspidocarya,1,79,545
Menispermaceae,Beirnaertia,1,79,545
Menispermaceae,Borismene,1,79,545
Menispermaceae,Burasaia,4,79,545
Menispermaceae,Calycocarpum,1,79,545
Menispermaceae,Carronia,4,79,545
Menispermaceae,Caryomene,5,79,545
Menispermaceae,Cebatha,2,79,545
Menispermaceae,Chasmanthera,2,79,545
Menispermaceae,Chlaenandra,1,79,545
Menispermaceae,Chondrodendron,3,79,545
Menispermaceae,Cissampelos,22,79,545
Menispermaceae,Cocculus,4,79,545
Menispermaceae,Coscinium,2,79,545
Menispermaceae,Curarea,9,79,545
Menispermaceae,Cyclea,31,79,545
Menispermaceae,Dialytheca,1,79,545
Menispermaceae,Dioscoreophyllum,3,79,545
Menispermaceae,Diploclisia,2,79,545
Menispermaceae,Disciphania,25,79,545
Menispermaceae,Echinostephia,1,79,545
Menispermaceae,Elephantomene,1,79,545
Menispermaceae,Eleutharrhena,1,79,545
Menispermaceae,Elissarrhena,2,79,545
Menispermaceae,Fibraurea,3,79,545
Menispermaceae,Gyrosphragma,2,79,545
Menispermaceae,Haematocarpus,2,79,545
Menispermaceae,Hyalosepalum,5,79,545
Menispermaceae,Hyperbaena,23,79,545
Menispermaceae,Hypserpa,10,79,545
Menispermaceae,Jateorhiza,2,79,545
Menispermaceae,Kolobopetalum,3,79,545
Menispermaceae,Legnephora,5,79,545
Menispermaceae,Leptoterantha,1,79,545
Menispermaceae,Limacia,3,79,545
Menispermaceae,Limaciopsis,1,79,545
Menispermaceae,Macrococculus,1,79,545
Menispermaceae,Menispermum,2,79,545
Menispermaceae,Nephroia,3,79,545
Menispermaceae,Odontocarya,38,79,545
Menispermaceae,Orthogynium,1,79,545
Menispermaceae,Orthomene,4,79,545
Menispermaceae,Pachygone,12,79,545
Menispermaceae,Parabaena,6,79,545
Menispermaceae,Parapachygone,1,79,545
Menispermaceae,Paratinospora,2,79,545
Menispermaceae,Penianthus,3,79,545
Menispermaceae,Pericampylus,2,79,545
Menispermaceae,Perichasma,2,79,545
Menispermaceae,Platytinospora,1,79,545
Menispermaceae,Pleogyne,1,79,545
Menispermaceae,Pycnarrhena,11,79,545
Menispermaceae,Rhaptonema,7,79,545
Menispermaceae,Rhigiocarya,4,79,545
Menispermaceae,Rupertiella,1,79,545
Menispermaceae,Sarcolophium,1,79,545
Menispermaceae,Sarcopetalum,1,79,545
Menispermaceae,Sciadotenia,19,79,545
Menispermaceae,Sinomenium,1,79,545
Menispermaceae,Sphenocentrum,1,79,545
Menispermaceae,Spirospermum,1,79,545
Menispermaceae,Stephania,71,79,545
Menispermaceae,Strychnopsis,1,79,545
Menispermaceae,Synclisia,1,79,545
Menispermaceae,Syntriandrium,1,79,545
Menispermaceae,Syrrheonema,3,79,545
Menispermaceae,Telitoxicum,8,79,545
Menispermaceae,Tiliacora,23,79,545
Menispermaceae,Tinomiscium,1,79,545
Menispermaceae,Tinospora,32,79,545
Menispermaceae,Triclisia,17,79,545
Menispermaceae,Ungulipetalum,1,79,545
Menyanthaceae,Liparophyllum,8,6,73
Menyanthaceae,Menyanthes,1,6,73
Menyanthaceae,Nephrophyllidium,1,6,73
Menyanthaceae,Nymphoides,53,6,73
Menyanthaceae,Ornduffia,7,6,73
Menyanthaceae,Villarsia,3,6,73
Mniaceae,Cinclidium,6,17,337
Mniaceae,Cyrtomnium,2,17,337
Mniaceae,Epipterygium,18,17,337
Mniaceae,Leucolepis,1,17,337
Mniaceae,Mielichhoferia,53,17,337
Mniaceae,Mniobryum,8,17,337
Mniaceae,Mnium,12,17,337
Mniaceae,Orthomnion,8,17,337
Mniaceae,Plagiomnium,32,17,337
Mniaceae,Pohlia,116,17,337
Mniaceae,Pseudobryum,2,17,337
Mniaceae,Pseudopohlia,2,17,337
Mniaceae,Rhizomnium,15,17,337
Mniaceae,Schizymenium,52,17,337
Mniaceae,Synthetodontium,3,17,337
Mniaceae,Trachycystis,3,17,337
Mniaceae,Webera,4,17,337
Montiaceae,Calandrinia,104,13,251
Montiaceae,Cistanthe,38,13,251
Montiaceae,Claytonia,29,13,251
Montiaceae,Erocallis,1,13,251
Montiaceae,Hectorella,1,13,251
Montiaceae,Lenzia,1,13,251
Montiaceae,Lewisia,17,13,251
Montiaceae,Lyallia,1,13,251
Montiaceae,Montia,13,13,251
Montiaceae,Montiopsis,18,13,251
Montiaceae,Parakeelya,2,13,251
Montiaceae,Phemeranthus,25,13,251
Montiaceae,Schreiteria,1,13,251
Moraceae,Allaeanthus,4,42,1290
Moraceae,Antiaris,1,42,1290
Moraceae,Antiaropsis,2,42,1290
Moraceae,Artocarpus,59,42,1290
Moraceae,Bagassa,1,42,1290
Moraceae,Batocarpus,3,42,1290
Moraceae,Bleekrodea,4,42,1290
Moraceae,Bosqueiopsis,1,42,1290
Moraceae,Brosimum,15,42,1290
Moraceae,Broussonetia,5,42,1290
Moraceae,Calaunia,1,42,1290
Moraceae,Castilla,3,42,1290
Moraceae,Clarisia,4,42,1290
Moraceae,Dorstenia,121,42,1290
Moraceae,Fatoua,3,42,1290
Moraceae,Ficus,876,42,1290
Moraceae,Helianthostylis,2,42,1290
Moraceae,Helicostylis,8,42,1290
Moraceae,Hijmania,4,42,1290
Moraceae,Hullettia,2,42,1290
Moraceae,Maclura,10,42,1290
Moraceae,Maillardia,2,42,1290
Moraceae,Maquira,4,42,1290
Moraceae,Mesogyne,1,42,1290
Moraceae,Milicia,2,42,1290
Moraceae,Morus,20,42,1290
Moraceae,Naucleopsis,25,42,1290
Moraceae,Parartocarpus,2,42,1290
Moraceae,Perebea,10,42,1290
Moraceae,Poulsenia,1,42,1290
Moraceae,Prainea,2,42,1290
Moraceae,Pseudolmedia,12,42,1290
Moraceae,Scyphosyce,3,42,1290
Moraceae,Sloetiopsis,1,42,1290
Moraceae,Sorocea,22,42,1290
Moraceae,Sparattosyce,2,42,1290
Moraceae,Streblus,27,42,1290
Moraceae,Treculia,9,42,1290
Moraceae,Trilepisium,1,42,1290
Moraceae,Trophis,11,42,1290
Moraceae,Trymatococcus,2,42,1290
Moraceae,Utsetela,2,42,1290
Musaceae,Ensete,7,3,95
Musaceae,Musa,87,3,95
Musaceae,Musella,1,3,95
Myricaceae,Canacomyrica,1,3,53
Myricaceae,Comptonia,1,3,53
Myricaceae,Myrica,51,3,53
Myrtaceae,Acca,2,127,6547
Myrtaceae,Accara,1,127,6547
Myrtaceae,Actinodium,1,127,6547
Myrtaceae,Agonis,6,127,6547
Myrtaceae,Algrizea,2,127,6547
Myrtaceae,Allosyncarpia,1,127,6547
Myrtaceae,Aluta,5,127,6547
Myrtaceae,Amomyrtella,2,127,6547
Myrtaceae,Amomyrtus,2,127,6547
Myrtaceae,Angophora,13,127,6547
Myrtaceae,Anticoryne,3,127,6547
Myrtaceae,Archirhodomyrtus,5,127,6547
Myrtaceae,Arillastrum,1,127,6547
Myrtaceae,Astartea,23,127,6547
Myrtaceae,Asteromyrtus,7,127,6547
Myrtaceae,Astus,4,127,6547
Myrtaceae,Austrobaeckea,8,127,6547
Myrtaceae,Austromyrtus,4,127,6547
Myrtaceae,Babingtonia,12,127,6547
Myrtaceae,Backhousia,13,127,6547
Myrtaceae,Baeckea,21,127,6547
Myrtaceae,Balaustion,18,127,6547
Myrtaceae,Barongia,1,127,6547
Myrtaceae,Basisperma,1,127,6547
Myrtaceae,Blepharocalyx,4,127,6547
Myrtaceae,Calycolpus,16,127,6547
Myrtaceae,Calytrix,92,127,6547
Myrtaceae,Campomanesia,44,127,6547
Myrtaceae,Chamelaucium,21,127,6547
Myrtaceae,Chamguava,3,127,6547
Myrtaceae,Cheyniana,2,127,6547
Myrtaceae,Cloezia,6,127,6547
Myrtaceae,Corymbia,97,127,6547
Myrtaceae,Curitiba,1,127,6547
Myrtaceae,Cyathostemon,7,127,6547
Myrtaceae,Darwinia,53,127,6547
Myrtaceae,Decaspermum,34,127,6547
Myrtaceae,Enekbatus,10,127,6547
Myrtaceae,Ericomyrtus,4,127,6547
Myrtaceae,Eucalyptopsis,2,127,6547
Myrtaceae,Eucalyptus,863,127,6547
Myrtaceae,Eugenia,1269,127,6547
Myrtaceae,Euryomyrtus,7,127,6547
Myrtaceae,Feijoa,1,127,6547
Myrtaceae,Gossia,47,127,6547
Myrtaceae,Harmogia,1,127,6547
Myrtaceae,Heteropyxis,3,127,6547
Myrtaceae,Homalocalyx,11,127,6547
Myrtaceae,Homalospermum,1,127,6547
Myrtaceae,Homoranthus,31,127,6547
Myrtaceae,Hypocalymma,29,127,6547
Myrtaceae,Hysterobaeckea,11,127,6547
Myrtaceae,Kanakomyrtus,6,127,6547
Myrtaceae,Kania,6,127,6547
Myrtaceae,Kardomia,6,127,6547
Myrtaceae,Kjellbergiodendron,1,127,6547
Myrtaceae,Kunzea,66,127,6547
Myrtaceae,Kunzspermum,1,127,6547
Myrtaceae,Legrandia,1,127,6547
Myrtaceae,Lenwebbia,2,127,6547
Myrtaceae,Leptospermum,96,127,6547
Myrtaceae,Lindsayomyrtus,1,127,6547
Myrtaceae,Lithomyrtus,11,127,6547
Myrtaceae,Lophomyrtus,3,127,6547
Myrtaceae,Lophostemon,4,127,6547
Myrtaceae,Luma,3,127,6547
Myrtaceae,Lysicarpus,1,127,6547
Myrtaceae,Malleostemon,14,127,6547
Myrtaceae,Melaleuca,391,127,6547
Myrtaceae,Metrosideros,60,127,6547
Myrtaceae,Micromyrtus,51,127,6547
Myrtaceae,Mitrantia,1,127,6547
Myrtaceae,Mosiera,33,127,6547
Myrtaceae,Myrceugenia,49,127,6547
Myrtaceae,Myrcia,800,127,6547
Myrtaceae,Myrcianthes,39,127,6547
Myrtaceae,Myrciaria,33,127,6547
Myrtaceae,Myrrhinium,1,127,6547
Myrtaceae,Myrtastrum,1,127,6547
Myrtaceae,Myrtella,2,127,6547
Myrtaceae,Myrteola,3,127,6547
Myrtaceae,Myrtus,43,127,6547
Myrtaceae,Neofabricia,3,127,6547
Myrtaceae,Neomitranthes,13,127,6547
Myrtaceae,Neomyrtus,1,127,6547
Myrtaceae,Nothomyrcia,1,127,6547
Myrtaceae,Ochrosperma,6,127,6547
Myrtaceae,Octamyrtus,6,127,6547
Myrtaceae,Osbornia,1,127,6547
Myrtaceae,Oxymyrrhine,4,127,6547
Myrtaceae,Pericalymma,4,127,6547
Myrtaceae,Pileanthus,8,127,6547
Myrtaceae,Pilidiostigma,6,127,6547
Myrtaceae,Pimenta,20,127,6547
Myrtaceae,Pleurocalyptus,2,127,6547
Myrtaceae,Plinia,82,127,6547
Myrtaceae,Psidium,115,127,6547
Myrtaceae,Psiloxylon,1,127,6547
Myrtaceae,Purpureostemon,1,127,6547
Myrtaceae,Rhodamnia,41,127,6547
Myrtaceae,Rhodomyrtus,22,127,6547
Myrtaceae,Rinzia,19,127,6547
Myrtaceae,Ristantia,3,127,6547
Myrtaceae,Sannantha,16,127,6547
Myrtaceae,Scholtzia,37,127,6547
Myrtaceae,Seorsus,4,127,6547
Myrtaceae,Siphoneugena,13,127,6547
Myrtaceae,Sphaerantia,2,127,6547
Myrtaceae,Stenostegia,1,127,6547
Myrtaceae,Stockwellia,1,127,6547
Myrtaceae,Syncarpia,3,127,6547
Myrtaceae,Syzygium,1233,127,6547
Myrtaceae,Taxandria,11,127,6547
Myrtaceae,Temu,1,127,6547
Myrtaceae,Tetrapora,4,127,6547
Myrtaceae,Thaleropia,3,127,6547
Myrtaceae,Thryptomene,49,127,6547
Myrtaceae,Triplarina,7,127,6547
Myrtaceae,Tristania,3,127,6547
Myrtaceae,Tristaniopsis,42,127,6547
Myrtaceae,Ugni,4,127,6547
Myrtaceae,Uromyrtus,22,127,6547
Myrtaceae,Verticordia,103,127,6547
Myrtaceae,Welchiodendron,1,127,6547
Myrtaceae,Whiteodendron,1,127,6547
Myrtaceae,Xanthomyrtus,23,127,6547
Myrtaceae,Xanthostemon,49,127,6547
Nartheciaceae,Aletris,24,5,36
Nartheciaceae,Lophiola,1,5,36
Nartheciaceae,Metanarthecium,1,5,36
Nartheciaceae,Narthecium,8,5,36
Nartheciaceae,Nietneria,2,5,36
Neckeraceae,Alleniella,15,45,293
Neckeraceae,Austrothamnium,2,45,293
Neckeraceae,Baldwiniella,1,45,293
Neckeraceae,Bryobuckia,7,45,293
Neckeraceae,Caduciella,1,45,293
Neckeraceae,Chileobryon,1,45,293
Neckeraceae,Circulifolium,2,45,293
Neckeraceae,Cryptoleptodon,2,45,293
Neckeraceae,Curvicladium,1,45,293
Neckeraceae,Dannorrisia,1,45,293
Neckeraceae,Echinodiopsis,2,45,293
Neckeraceae,Enrothia,1,45,293
Neckeraceae,Exsertotheca,3,45,293
Neckeraceae,Forsstroemia,20,45,293
Neckeraceae,Handeliobryum,1,45,293
Neckeraceae,Himantocladium,5,45,293
Neckeraceae,Homalia,6,45,293
Neckeraceae,Homaliodendron,19,45,293
Neckeraceae,Hydrocryphaea,1,45,293
Neckeraceae,Indoneckera,1,45,293
Neckeraceae,Isodrepanium,2,45,293
Neckeraceae,Kanagambigai,1,45,293
Neckeraceae,Leptodon,6,45,293
Neckeraceae,Longiella,2,45,293
Neckeraceae,Metaneckera,1,45,293
Neckeraceae,Neckera,39,45,293
Neckeraceae,Neckeromnion,5,45,293
Neckeraceae,Neckeropsis,23,45,293
Neckeraceae,Neomacounia,1,45,293
Neckeraceae,Noguchiodendron,1,45,293
Neckeraceae,Pendulothecium,3,45,293
Neckeraceae,Pengchengwua,1,45,293
Neckeraceae,Pinnatella,16,45,293
Neckeraceae,Planicladium,2,45,293
Neckeraceae,Porotrichum,44,45,293
Neckeraceae,Pseudanomodon,2,45,293
Neckeraceae,Pseudoparaphysanthus,6,45,293
Neckeraceae,Pseudopterobryum,2,45,293
Neckeraceae,Shevockia,1,45,293
Neckeraceae,Taiwanobryopsis,1,45,293
Neckeraceae,Taiwanobryum,9,45,293
Neckeraceae,Thamnium,1,45,293
Neckeraceae,Thamnobryum,27,45,293
Neckeraceae,Thamnomalia,2,45,293
Neckeraceae,Touwia,3,45,293
Nepenthaceae,Nepenthes,210,1,210
Nothofagaceae,Nothofagus,44,1,44
Nyctaginaceae,Abronia,30,33,446
Nyctaginaceae,Acleisanthes,17,33,446
Nyctaginaceae,Allionia,3,33,446
Nyctaginaceae,Andradea,1,33,446
Nyctaginaceae,Anulocaulis,4,33,446
Nyctaginaceae,Belemia,1,33,446
Nyctaginaceae,Boerhavia,105,33,446
Nyctaginaceae,Bougainvillea,18,33,446
Nyctaginaceae,Caribea,1,33,446
Nyctaginaceae,Cephalotomandra,2,33,446
Nyctaginaceae,Colignonia,6,33,446
Nyctaginaceae,Commicarpus,1,33,446
Nyctaginaceae,Cryptocarpus,1,33,446
Nyctaginaceae,Cuscatlania,1,33,446
Nyctaginaceae,Cyphomeris,2,33,446
Nyctaginaceae,Grajalesia,1,33,446
Nyctaginaceae,Guapira,69,33,446
Nyctaginaceae,Hesperonia,1,33,446
Nyctaginaceae,Leucaster,1,33,446
Nyctaginaceae,Mirabilis,63,33,446
Nyctaginaceae,Neea,72,33,446
Nyctaginaceae,Neeopsis,1,33,446
Nyctaginaceae,Nyctaginia,1,33,446
Nyctaginaceae,Okenia,1,33,446
Nyctaginaceae,Oxybaphus,8,33,446
Nyctaginaceae,Phaeoptilum,1,33,446
Nyctaginaceae,Pisonia,24,33,446
Nyctaginaceae,Pisoniella,2,33,446
Nyctaginaceae,Quamoclidion,1,33,446
Nyctaginaceae,Ramisia,1,33,446
Nyctaginaceae,Reichenbachia,1,33,446
Nyctaginaceae,Salpianthus,4,33,446
Nyctaginaceae,Tripterocalyx,1,33,446
Nymphaeaceae,Barclaya,6,5,102
Nymphaeaceae,Euryale,1,5,102
Nymphaeaceae,Nuphar,19,5,102
Nymphaeaceae,Nymphaea,73,5,102
Nymphaeaceae,Victoria,3,5,102
Nyssaceae,Camptotheca,2,5,36
Nyssaceae,Davidia,1,5,36
Nyssaceae,Diplopanax,2,5,36
Nyssaceae,Mastixia,21,5,36
Nyssaceae,Nyssa,10,5,36
Oleaceae,Abeliophyllum,1,29,769
Oleaceae,Cartrema,4,29,769
Oleaceae,Chengiodendron,3,29,769
Oleaceae,Chionanthus,141,29,769
Oleaceae,Chrysojasminum,10,29,769
Oleaceae,Comoranthus,3,29,769
Oleaceae,Dimetra,1,29,769
Oleaceae,Fontanesia,2,29,769
Oleaceae,Forestiera,23,29,769
Oleaceae,Forsythia,12,29,769
Oleaceae,Fraxinus,63,29,769
Oleaceae,Haenianthus,3,29,769
Oleaceae,Hesperelaea,1,29,769
Oleaceae,Jasminum,208,29,769
Oleaceae,Ligustrum,46,29,769
Oleaceae,Menodora,26,29,769
Oleaceae,Myxopyrum,4,29,769
Oleaceae,Nestegis,5,29,769
Oleaceae,Noronhia,107,29,769
Oleaceae,Notelaea,12,29,769
Oleaceae,Nyctanthes,2,29,769
Oleaceae,Olea,13,29,769
Oleaceae,Osmanthus,30,29,769
Oleaceae,Phillyrea,2,29,769
Oleaceae,Picconia,2,29,769
Oleaceae,Priogymnanthus,4,29,769
Oleaceae,Schrebera,8,29,769
Oleaceae,Syringa,12,29,769
Oleaceae,Tetrapilus,21,29,769
Onagraceae,Camissonia,13,22,799
Onagraceae,Camissoniopsis,14,22,799
Onagraceae,Chylismia,16,22,799
Onagraceae,Chylismiella,1,22,799
Onagraceae,Circaea,19,22,799
Onagraceae,Clarkia,42,22,799
Onagraceae,Epilobium,266,22,799
Onagraceae,Eremothera,7,22,799
Onagraceae,Eulobus,4,22,799
Onagraceae,Fuchsia,111,22,799
Onagraceae,Gayophytum,9,22,799
Onagraceae,Gongylocarpus,2,22,799
Onagraceae,Hauya,1,22,799
Onagraceae,Hemifuchsia,1,22,799
Onagraceae,Lopezia,28,22,799
Onagraceae,Ludwigia,90,22,799
Onagraceae,Megacorax,1,22,799
Onagraceae,Neoholmgrenia,2,22,799
Onagraceae,Oenothera,165,22,799
Onagraceae,Taraxia,4,22,799
Onagraceae,Tetrapteron,2,22,799
Onagraceae,Xylonagra,1,22,799
Onocleaceae,Matteuccia,2,4,8
Onocleaceae,Onoclea,3,4,8
Onocleaceae,Onocleopsis,1,4,8
Onocleaceae,Pentarhizidium,2,4,8
Ophioglossaceae,Botrychium,41,10,140
Ophioglossaceae,Botrypus,1,10,140
Ophioglossaceae,Cheiroglossa,2,10,140
Ophioglossaceae,Helminthostachys,1,10,140
Ophioglossaceae,Japanobotrychium,2,10,140
Ophioglossaceae,Mankyua,1,10,140
Ophioglossaceae,Ophioderma,6,10,140
Ophioglossaceae,Ophioglossum,57,10,140
Ophioglossaceae,Sahashia,1,10,140
Ophioglossaceae,Sceptridium,28,10,140
Orchidaceae,Aa,26,745,31468
Orchidaceae,Acampe,7,745,31468
Orchidaceae,Acanthophippium,13,745,31468
Orchidaceae,Achlydosa,1,745,31468
Orchidaceae,Acianthera,299,745,31468
Orchidaceae,Acianthus,10,745,31468
Orchidaceae,Acineta,14,745,31468
Orchidaceae,Acriopsis,10,745,31468
Orchidaceae,Acrorchis,1,745,31468
Orchidaceae,Adamantinia,1,745,31468
Orchidaceae,Adenochilus,2,745,31468
Orchidaceae,Adenoncos,17,745,31468
Orchidaceae,Adrorhizon,1,745,31468
Orchidaceae,Aenhenrya,1,745,31468
Orchidaceae,Aerangis,63,745,31468
Orchidaceae,Aeranthes,44,745,31468
Orchidaceae,Aerides,39,745,31468
Orchidaceae,Aeridostachya,20,745,31468
Orchidaceae,Aetheorhyncha,1,745,31468
Orchidaceae,Afropectinariella,5,745,31468
Orchidaceae,Aganisia,3,745,31468
Orchidaceae,Aglossorrhyncha,13,745,31468
Orchidaceae,Agrostophyllum,136,745,31468
Orchidaceae,Alamania,1,745,31468
Orchidaceae,Alatiliparis,14,745,31468
Orchidaceae,Altensteinia,8,745,31468
Orchidaceae,Ambrella,1,745,31468
Orchidaceae,Amesiella,3,745,31468
Orchidaceae,Amoana,2,745,31468
Orchidaceae,Anacamptiplatanthera,2,745,31468
Orchidaceae,Anacamptis,34,745,31468
Orchidaceae,Anacamptorchis,11,745,31468
Orchidaceae,Anathallis,135,745,31468
Orchidaceae,Ancistrochilus,2,745,31468
Orchidaceae,Ancistrorhynchus,17,745,31468
Orchidaceae,Andinia,79,745,31468
Orchidaceae,Andreettaea,56,745,31468
Orchidaceae,Angraecopsis,20,745,31468
Orchidaceae,Angraecum,218,745,31468
Orchidaceae,Anguloa,14,745,31468
Orchidaceae,Ania,6,745,31468
Orchidaceae,Anoectochilus,48,745,31468
Orchidaceae,Ansellia,1,745,31468
Orchidaceae,Anthogonium,1,745,31468
Orchidaceae,Apetalanthe,1,745,31468
Orchidaceae,Aphyllorchis,21,745,31468
Orchidaceae,Aplectrum,1,745,31468
Orchidaceae,Aporostylis,1,745,31468
Orchidaceae,Apostasia,8,745,31468
Orchidaceae,Appendicula,153,745,31468
Orchidaceae,Aracamunia,1,745,31468
Orchidaceae,Arachnis,17,745,31468
Orchidaceae,Archivea,1,745,31468
Orchidaceae,Arethusa,1,745,31468
Orchidaceae,Arpophyllum,3,745,31468
Orchidaceae,Arthrochilus,15,745,31468
Orchidaceae,Artorima,1,745,31468
Orchidaceae,Arundina,1,745,31468
Orchidaceae,Aspasia,7,745,31468
Orchidaceae,Aulosepalum,9,745,31468
Orchidaceae,Auxopus,4,745,31468
Orchidaceae,Bambuseria,2,745,31468
Orchidaceae,Barbosella,19,745,31468
Orchidaceae,Barkeria,19,745,31468
Orchidaceae,Baskervilla,11,745,31468
Orchidaceae,Batemannia,3,745,31468
Orchidaceae,Beclardia,2,745,31468
Orchidaceae,Beloglottis,8,745,31468
Orchidaceae,Bensteinia,1,745,31468
Orchidaceae,Benthamia,34,745,31468
Orchidaceae,Benzingia,11,745,31468
Orchidaceae,Bidoupia,2,745,31468
Orchidaceae,Biermannia,10,745,31468
Orchidaceae,Bifrenaria,23,745,31468
Orchidaceae,Bipinnula,11,745,31468
Orchidaceae,Bletia,56,745,31468
Orchidaceae,Bletilla,5,745,31468
Orchidaceae,Bogoria,14,745,31468
Orchidaceae,Bolusiella,6,745,31468
Orchidaceae,Bonatea,14,745,31468
Orchidaceae,Brachionidium,83,745,31468
Orchidaceae,Brachycorythis,37,745,31468
Orchidaceae,Brachypeza,12,745,31468
Orchidaceae,Brachystele,24,745,31468
Orchidaceae,Braemia,1,745,31468
Orchidaceae,Brassavola,20,745,31468
Orchidaceae,Brassia,69,745,31468
Orchidaceae,Brassocattleya,6,745,31468
Orchidaceae,Bromheadia,29,745,31468
Orchidaceae,Broughtonia,8,745,31468
Orchidaceae,Brownleea,8,745,31468
Orchidaceae,Bryobium,27,745,31468
Orchidaceae,Buchtienia,4,745,31468
Orchidaceae,Bulbophyllum,2191,745,31468
Orchidaceae,Burnettia,1,745,31468
Orchidaceae,Caladenia,325,745,31468
Orchidaceae,Calanthe,246,745,31468
Orchidaceae,Calassodia,1,745,31468
Orchidaceae,Caleana,14,745,31468
Orchidaceae,Callostylis,3,745,31468
Orchidaceae,Calochilus,31,745,31468
Orchidaceae,Calopogon,5,745,31468
Orchidaceae,Caluera,5,745,31468
Orchidaceae,Calymmanthera,5,745,31468
Orchidaceae,Calypso,1,745,31468
Orchidaceae,Calyptrochilum,3,745,31468
Orchidaceae,Campanulorchis,4,745,31468
Orchidaceae,Campylocentrum,77,745,31468
Orchidaceae,Capanemia,9,745,31468
Orchidaceae,Cardiochilos,1,745,31468
Orchidaceae,Catasetum,229,745,31468
Orchidaceae,Cattleya,231,745,31468
Orchidaceae,Cattlianthe,1,745,31468
Orchidaceae,Catyclia,1,745,31468
Orchidaceae,Caucaea,17,745,31468
Orchidaceae,Caularthron,4,745,31468
Orchidaceae,Centroglossa,5,745,31468
Orchidaceae,Centrostigma,3,745,31468
Orchidaceae,Cephalanthera,25,745,31468
Orchidaceae,Cephalopactis,3,745,31468
Orchidaceae,Cephalorchis,1,745,31468
Orchidaceae,Ceratandra,7,745,31468
Orchidaceae,Ceratocentron,1,745,31468
Orchidaceae,Ceratostylis,153,745,31468
Orchidaceae,Chamaeanthus,5,745,31468
Orchidaceae,Chamaegastrodia,4,745,31468
Orchidaceae,Chamelophyton,1,745,31468
Orchidaceae,Chamodenia,1,745,31468
Orchidaceae,Chamorchis,1,745,31468
Orchidaceae,Changnienia,2,745,31468
Orchidaceae,Chaubardia,3,745,31468
Orchidaceae,Chaubardiella,8,745,31468
Orchidaceae,Chauliodon,1,745,31468
Orchidaceae,Cheiradenia,1,745,31468
Orchidaceae,Cheirostylis,60,745,31468
Orchidaceae,Chiloglottis,27,745,31468
Orchidaceae,Chiloschista,28,745,31468
Orchidaceae,Chloraea,54,745,31468
Orchidaceae,Chondrorhyncha,5,745,31468
Orchidaceae,Chondroscaphe,14,745,31468
Orchidaceae,Chroniochilus,5,745,31468
Orchidaceae,Chrysoglossum,4,745,31468
Orchidaceae,Chysis,14,745,31468
Orchidaceae,Chytroglossa,3,745,31468
Orchidaceae,Cirrhaea,7,745,31468
Orchidaceae,Cischweinfia,11,745,31468
Orchidaceae,Claderia,1,745,31468
Orchidaceae,Cleisocentron,8,745,31468
Orchidaceae,Cleisomeria,2,745,31468
Orchidaceae,Cleisostoma,102,745,31468
Orchidaceae,Cleisostomopsis,5,745,31468
Orchidaceae,Cleistes,60,745,31468
Orchidaceae,Cleistesiopsis,3,745,31468
Orchidaceae,Clematepistephium,1,745,31468
Orchidaceae,Clowesia,8,745,31468
Orchidaceae,Coccineorchis,8,745,31468
Orchidaceae,Cochleanthes,4,745,31468
Orchidaceae,Cochlezella,1,745,31468
Orchidaceae,Codonorchis,2,745,31468
Orchidaceae,Coelia,5,745,31468
Orchidaceae,Coeliopsis,1,745,31468
Orchidaceae,Coelogyne,595,745,31468
Orchidaceae,Coenoemersa,3,745,31468
Orchidaceae,Coilochilus,1,745,31468
Orchidaceae,Collabium,15,745,31468
Orchidaceae,Comparettia,81,745,31468
Orchidaceae,Constantia,6,745,31468
Orchidaceae,Cooktownia,1,745,31468
Orchidaceae,Corallorhiza,13,745,31468
Orchidaceae,Coryanthes,72,745,31468
Orchidaceae,Corybas,156,745,31468
Orchidaceae,Corycium,15,745,31468
Orchidaceae,Corymborkis,8,745,31468
Orchidaceae,Cottonia,1,745,31468
Orchidaceae,Cotylolabium,1,745,31468
Orchidaceae,Cranichis,92,745,31468
Orchidaceae,Cremastra,7,745,31468
Orchidaceae,Crepidium,295,745,31468
Orchidaceae,Crossoglossa,53,745,31468
Orchidaceae,Crossoliparis,1,745,31468
Orchidaceae,Cryptarrhena,3,745,31468
Orchidaceae,Cryptochilus,8,745,31468
Orchidaceae,Cryptopus,4,745,31468
Orchidaceae,Cryptostylis,24,745,31468
Orchidaceae,Cuitlauzina,8,745,31468
Orchidaceae,Cyanaeorchis,3,745,31468
Orchidaceae,Cyanthera,1,745,31468
Orchidaceae,Cybebus,1,745,31468
Orchidaceae,Cyclopogon,97,745,31468
Orchidaceae,Cycnoches,34,745,31468
Orchidaceae,Cylindrolobus,80,745,31468
Orchidaceae,Cymbidium,106,745,31468
Orchidaceae,Cymbilabia,3,745,31468
Orchidaceae,Cymboglossum,10,745,31468
Orchidaceae,Cynorkis,176,745,31468
Orchidaceae,Cypholoron,3,745,31468
Orchidaceae,Cypripedium,64,745,31468
Orchidaceae,Cyrtochiloides,3,745,31468
Orchidaceae,Cyrtochilum,206,745,31468
Orchidaceae,Cyrtopodium,51,745,31468
Orchidaceae,Cyrtorchis,19,745,31468
Orchidaceae,Cyrtosia,7,745,31468
Orchidaceae,Cyrtostylis,6,745,31468
Orchidaceae,Cystorchis,20,745,31468
Orchidaceae,Dactylanthera,4,745,31468
Orchidaceae,Dactylocamptis,17,745,31468
Orchidaceae,Dactylodenia,25,745,31468
Orchidaceae,Dactylorhiza,102,745,31468
Orchidaceae,Dactylostalix,1,745,31468
Orchidaceae,Daiotyla,5,745,31468
Orchidaceae,Danhatchia,3,745,31468
Orchidaceae,Danxiaorchis,3,745,31468
Orchidaceae,Deceptor,1,745,31468
Orchidaceae,Degranvillea,1,745,31468
Orchidaceae,Deiregyne,24,745,31468
Orchidaceae,Dendrobium,1647,745,31468
Orchidaceae,Dendrolirium,12,745,31468
Orchidaceae,Dendrophylax,17,745,31468
Orchidaceae,Devogelia,1,745,31468
Orchidaceae,Diaphananthe,29,745,31468
Orchidaceae,Diceratostele,1,745,31468
Orchidaceae,Dichaea,130,745,31468
Orchidaceae,Dichromanthus,4,745,31468
Orchidaceae,Didymoplexiella,9,745,31468
Orchidaceae,Didymoplexiopsis,1,745,31468
Orchidaceae,Didymoplexis,21,745,31468
Orchidaceae,Dienia,5,745,31468
Orchidaceae,Diglyphosa,3,745,31468
Orchidaceae,Dilochia,10,745,31468
Orchidaceae,Dilochiopsis,1,745,31468
Orchidaceae,Dilomilis,5,745,31468
Orchidaceae,Dimerandra,7,745,31468
Orchidaceae,Dimorphorchis,9,745,31468
Orchidaceae,Dinema,1,745,31468
Orchidaceae,Dinklageella,4,745,31468
Orchidaceae,Diodonopsis,6,745,31468
Orchidaceae,Diplocentrum,2,745,31468
Orchidaceae,Diplomeris,3,745,31468
Orchidaceae,Diploprora,2,745,31468
Orchidaceae,Dipodium,43,745,31468
Orchidaceae,Disa,192,745,31468
Orchidaceae,Discyphus,1,745,31468
Orchidaceae,Disperis,83,745,31468
Orchidaceae,Diuris,104,745,31468
Orchidaceae,Domingoa,5,745,31468
Orchidaceae,Dossinia,1,745,31468
Orchidaceae,Dracomonticola,1,745,31468
Orchidaceae,Draconanthes,8,745,31468
Orchidaceae,Dracula,151,745,31468
Orchidaceae,Drakaea,10,745,31468
Orchidaceae,Dresslerella,17,745,31468
Orchidaceae,Dressleria,13,745,31468
Orchidaceae,Dryadella,62,745,31468
Orchidaceae,Dryadorchis,5,745,31468
Orchidaceae,Drymoanthus,4,745,31468
Orchidaceae,Duckeella,8,745,31468
Orchidaceae,Dunstervillea,1,745,31468
Orchidaceae,Dyakia,1,745,31468
Orchidaceae,Earina,7,745,31468
Orchidaceae,Echinorhyncha,5,745,31468
Orchidaceae,Echinosepala,18,745,31468
Orchidaceae,Eclecticus,1,745,31468
Orchidaceae,Eggelingia,3,745,31468
Orchidaceae,Eleorchis,1,745,31468
Orchidaceae,Elleanthus,129,745,31468
Orchidaceae,Eloyella,10,745,31468
Orchidaceae,Eltroplectris,16,745,31468
Orchidaceae,Embreea,2,745,31468
Orchidaceae,Encyclia,199,745,31468
Orchidaceae,Ephippianthus,2,745,31468
Orchidaceae,Epiblastus,23,745,31468
Orchidaceae,Epiblema,1,745,31468
Orchidaceae,Epidendrum,1869,745,31468
Orchidaceae,Epipactis,79,745,31468
Orchidaceae,Epipogium,7,745,31468
Orchidaceae,Epistephium,28,745,31468
Orchidaceae,Erasanthe,1,745,31468
Orchidaceae,Eria,48,745,31468
Orchidaceae,Eriaxis,1,745,31468
Orchidaceae,Eriochilus,12,745,31468
Orchidaceae,Eriodes,1,745,31468
Orchidaceae,Eriopsis,4,745,31468
Orchidaceae,Erycina,7,745,31468
Orchidaceae,Erythrodes,27,745,31468
Orchidaceae,Erythrorchis,2,745,31468
Orchidaceae,Espinhassoa,2,745,31468
Orchidaceae,Eulophia,286,745,31468
Orchidaceae,Euryblema,2,745,31468
Orchidaceae,Eurycentrum,4,745,31468
Orchidaceae,Eurychone,2,745,31468
Orchidaceae,Eurystyles,23,745,31468
Orchidaceae,Evotella,2,745,31468
Orchidaceae,Fernandezia,98,745,31468
Orchidaceae,Frondaria,3,745,31468
Orchidaceae,Fuertesiella,1,745,31468
Orchidaceae,Funkiella,7,745,31468
Orchidaceae,Galeandra,41,745,31468
Orchidaceae,Galearis,10,745,31468
Orchidaceae,Galeoglossum,3,745,31468
Orchidaceae,Galeola,5,745,31468
Orchidaceae,Galeottia,13,745,31468
Orchidaceae,Galeottiella,2,745,31468
Orchidaceae,Gastrochilus,71,745,31468
Orchidaceae,Gastrodia,100,745,31468
Orchidaceae,Gavilea,17,745,31468
Orchidaceae,Gennaria,2,745,31468
Orchidaceae,Genoplesium,61,745,31468
Orchidaceae,Glomera,156,745,31468
Orchidaceae,Gomesa,135,745,31468
Orchidaceae,Gomphichis,34,745,31468
Orchidaceae,Gonatostylis,3,745,31468
Orchidaceae,Gongora,72,745,31468
Orchidaceae,Goodyera,105,745,31468
Orchidaceae,Govenia,29,745,31468
Orchidaceae,Grammangis,2,745,31468
Orchidaceae,Grammatophyllum,13,745,31468
Orchidaceae,Grandiphyllum,8,745,31468
Orchidaceae,Graphorkis,4,745,31468
Orchidaceae,Gravendeelia,1,745,31468
Orchidaceae,Greenwoodiella,3,745,31468
Orchidaceae,Grobya,5,745,31468
Orchidaceae,Grosourdya,26,745,31468
Orchidaceae,Guanchezia,1,745,31468
Orchidaceae,Guarianthe,6,745,31468
Orchidaceae,Gunnarella,7,745,31468
Orchidaceae,Gymnadenia,51,745,31468
Orchidaceae,Gymnanacamptis,3,745,31468
Orchidaceae,Gymnotraunsteinera,2,745,31468
Orchidaceae,Gymplatanthera,2,745,31468
Orchidaceae,Habenaria,904,745,31468
Orchidaceae,Hagsatera,2,745,31468
Orchidaceae,Halleorchis,1,745,31468
Orchidaceae,Hammarbya,1,745,31468
Orchidaceae,Hancockia,1,745,31468
Orchidaceae,Hapalorchis,15,745,31468
Orchidaceae,Hederorkis,3,745,31468
Orchidaceae,Helleriella,2,745,31468
Orchidaceae,Helonoma,4,745,31468
Orchidaceae,Hemipilia,67,745,31468
Orchidaceae,Herminium,53,745,31468
Orchidaceae,Herminorchis,1,745,31468
Orchidaceae,Herpysma,1,745,31468
Orchidaceae,Hetaeria,27,745,31468
Orchidaceae,Himantoglossum,13,745,31468
Orchidaceae,Hintonella,1,745,31468
Orchidaceae,Hoehneella,2,745,31468
Orchidaceae,Hofmeisterella,2,745,31468
Orchidaceae,Holcoglossum,24,745,31468
Orchidaceae,Holcosia,2,745,31468
Orchidaceae,Holothrix,49,745,31468
Orchidaceae,Homalopetalum,10,745,31468
Orchidaceae,Horichia,1,745,31468
Orchidaceae,Horvatia,1,745,31468
Orchidaceae,Houlletia,10,745,31468
Orchidaceae,Hsenhsua,1,745,31468
Orchidaceae,Huntleya,17,745,31468
Orchidaceae,Huttonaea,5,745,31468
Orchidaceae,Hylophila,5,745,31468
Orchidaceae,Hymenorchis,14,745,31468
Orchidaceae,Ida,47,745,31468
Orchidaceae,Imerinaea,1,745,31468
Orchidaceae,Ionopsis,7,745,31468
Orchidaceae,Ipsea,3,745,31468
Orchidaceae,Isabelia,4,745,31468
Orchidaceae,Isochilus,13,745,31468
Orchidaceae,Isotria,2,745,31468
Orchidaceae,Ixyophora,8,745,31468
Orchidaceae,Jacquiniella,13,745,31468
Orchidaceae,Jejewoodia,6,745,31468
Orchidaceae,Jumellea,56,745,31468
Orchidaceae,Kefersteinia,63,745,31468
Orchidaceae,Kegeliella,3,745,31468
Orchidaceae,Kionophyton,3,745,31468
Orchidaceae,Kipandiorchis,2,745,31468
Orchidaceae,Koellensteinia,11,745,31468
Orchidaceae,Kylicanthe,6,745,31468
Orchidaceae,Lacaena,2,745,31468
Orchidaceae,Laelia,30,745,31468
Orchidaceae,Laeliocattleya,4,745,31468
Orchidaceae,Lankesterella,11,745,31468
Orchidaceae,Lecanorchis,24,745,31468
Orchidaceae,Lemurella,4,745,31468
Orchidaceae,Lemurorchis,1,745,31468
Orchidaceae,Leochilus,13,745,31468
Orchidaceae,Lepanthes,1189,745,31468
Orchidaceae,Lepanthopsis,50,745,31468
Orchidaceae,Lepidogyne,1,745,31468
Orchidaceae,Leporella,1,745,31468
Orchidaceae,Leptoceras,1,745,31468
Orchidaceae,Leptotes,10,745,31468
Orchidaceae,Limodorum,3,745,31468
Orchidaceae,Liparis,436,745,31468
Orchidaceae,Listrostachys,2,745,31468
Orchidaceae,Lockhartia,33,745,31468
Orchidaceae,Loefgrenianthus,1,745,31468
Orchidaceae,Ludisia,2,745,31468
Orchidaceae,Lueckelia,1,745,31468
Orchidaceae,Lueddemannia,3,745,31468
Orchidaceae,Luisia,52,745,31468
Orchidaceae,Lycaste,51,745,31468
Orchidaceae,Lycida,1,745,31468
Orchidaceae,Lycomormium,5,745,31468
Orchidaceae,Lyperanthus,2,745,31468
Orchidaceae,Lyroglossa,2,745,31468
Orchidaceae,Macodes,11,745,31468
Orchidaceae,Macradenia,13,745,31468
Orchidaceae,Macroclinium,49,745,31468
Orchidaceae,Macropodanthus,11,745,31468
Orchidaceae,Madisonia,9,745,31468
Orchidaceae,Malaxis,166,745,31468
Orchidaceae,Manniella,2,745,31468
Orchidaceae,Masdevallia,661,745,31468
Orchidaceae,Maxillaria,659,745,31468
Orchidaceae,Mediocalcar,16,745,31468
Orchidaceae,Megalorchis,1,745,31468
Orchidaceae,Megastylis,6,745,31468
Orchidaceae,Meiracyllium,2,745,31468
Orchidaceae,Mengzia,1,745,31468
Orchidaceae,Mesadenella,10,745,31468
Orchidaceae,Mesadenus,5,745,31468
Orchidaceae,Mexipedium,1,745,31468
Orchidaceae,Microchilus,263,745,31468
Orchidaceae,Microcoelia,34,745,31468
Orchidaceae,Microepidendrum,1,745,31468
Orchidaceae,Micropera,23,745,31468
Orchidaceae,Microsaccus,13,745,31468
Orchidaceae,Microthelys,8,745,31468
Orchidaceae,Microtis,23,745,31468
Orchidaceae,Miltonia,21,745,31468
Orchidaceae,Miltonidium,2,745,31468
Orchidaceae,Miltoniopsis,5,745,31468
Orchidaceae,Mobilabium,1,745,31468
Orchidaceae,Monophyllorchis,6,745,31468
Orchidaceae,Mormodes,89,745,31468
Orchidaceae,Mycaranthes,37,745,31468
Orchidaceae,Myoxanthus,52,745,31468
Orchidaceae,Myrmecolaelia,1,745,31468
Orchidaceae,Myrmecophila,13,745,31468
Orchidaceae,Myrosmodes,19,745,31468
Orchidaceae,Mystacidium,10,745,31468
Orchidaceae,Nemaconia,6,745,31468
Orchidaceae,Neobathiea,6,745,31468
Orchidaceae,Neobolusia,3,745,31468
Orchidaceae,Neocogniauxia,2,745,31468
Orchidaceae,Neogardneria,1,745,31468
Orchidaceae,Neomoorea,1,745,31468
Orchidaceae,Neotinacamptis,4,745,31468
Orchidaceae,Neotinarhiza,1,745,31468
Orchidaceae,Neotinea,8,745,31468
Orchidaceae,Neottia,81,745,31468
Orchidaceae,Nephelaphyllum,13,745,31468
Orchidaceae,Nephrangis,2,745,31468
Orchidaceae,Nervilia,83,745,31468
Orchidaceae,Neuwiedia,8,745,31468
Orchidaceae,Nidema,2,745,31468
Orchidaceae,Nohawilliamsia,1,745,31468
Orchidaceae,Nothostele,2,745,31468
Orchidaceae,Notylia,55,745,31468
Orchidaceae,Notyliopsis,1,745,31468
Orchidaceae,Oberonia,274,745,31468
Orchidaceae,Oberonioides,7,745,31468
Orchidaceae,Octarrhena,50,745,31468
Orchidaceae,Octomeria,171,745,31468
Orchidaceae,Odontochilus,74,745,31468
Orchidaceae,Odontorrhynchus,4,745,31468
Orchidaceae,Oeonia,5,745,31468
Orchidaceae,Oeoniella,2,745,31468
Orchidaceae,Oestlundia,4,745,31468
Orchidaceae,Oligophyton,1,745,31468
Orchidaceae,Oliveriana,14,745,31468
Orchidaceae,Omoea,2,745,31468
Orchidaceae,Oncidium,374,745,31468
Orchidaceae,Ophidion,15,745,31468
Orchidaceae,Ophioglossella,1,745,31468
Orchidaceae,Ophrys,160,745,31468
Orchidaceae,Opilionanthe,2,745,31468
Orchidaceae,Orchidactylorhiza,5,745,31468
Orchidaceae,Orchigymnadenia,1,745,31468
Orchidaceae,Orchimantoglossum,3,745,31468
Orchidaceae,Orchinea,5,745,31468
Orchidaceae,Orchipedum,3,745,31468
Orchidaceae,Orchiplatanthera,1,745,31468
Orchidaceae,Orchis,61,745,31468
Orchidaceae,Orchiserapias,1,745,31468
Orchidaceae,Oreorchis,19,745,31468
Orchidaceae,Orestias,4,745,31468
Orchidaceae,Orleanesia,6,745,31468
Orchidaceae,Ornithocephalus,57,745,31468
Orchidaceae,Orthoceras,2,745,31468
Orchidaceae,Otoglossum,25,745,31468
Orchidaceae,Otostylis,2,745,31468
Orchidaceae,Oxystophyllum,36,745,31468
Orchidaceae,Pabstia,5,745,31468
Orchidaceae,Pabstiella,133,745,31468
Orchidaceae,Pachites,2,745,31468
Orchidaceae,Pachyplectron,3,745,31468
Orchidaceae,Pachystoma,1,745,31468
Orchidaceae,Palmorchis,39,745,31468
Orchidaceae,Paphinia,16,745,31468
Orchidaceae,Paphiopedilum,164,745,31468
Orchidaceae,Papilionanthe,10,745,31468
Orchidaceae,Papuaea,1,745,31468
Orchidaceae,Paradisanthus,1,745,31468
Orchidaceae,Paraphalaenopsis,4,745,31468
Orchidaceae,Pecteilis,10,745,31468
Orchidaceae,Pelatantheria,8,745,31468
Orchidaceae,Pelexia,95,745,31468
Orchidaceae,Pendusalpinx,7,745,31468
Orchidaceae,Pennilabium,18,745,31468
Orchidaceae,Peristeranthus,1,745,31468
Orchidaceae,Peristeria,13,745,31468
Orchidaceae,Peristylus,105,745,31468
Orchidaceae,Pescatoria,26,745,31468
Orchidaceae,Phaius,42,745,31468
Orchidaceae,Phalaenopsis,93,745,31468
Orchidaceae,Pheladenia,1,745,31468
Orchidaceae,Phloeophila,6,745,31468
Orchidaceae,Phragmipedium,31,745,31468
Orchidaceae,Phragmorchis,1,745,31468
Orchidaceae,Phreatia,223,745,31468
Orchidaceae,Phymatidium,9,745,31468
Orchidaceae,Physogyne,3,745,31468
Orchidaceae,Pilophyllum,1,745,31468
Orchidaceae,Pinalia,178,745,31468
Orchidaceae,Platanthera,169,745,31468
Orchidaceae,Platycoryne,19,745,31468
Orchidaceae,Platylepis,20,745,31468
Orchidaceae,Platyrhiza,1,745,31468
Orchidaceae,Platystele,123,745,31468
Orchidaceae,Plectorrhiza,5,745,31468
Orchidaceae,Plectrelminthus,1,745,31468
Orchidaceae,Plectrophora,10,745,31468
Orchidaceae,Pleione,35,745,31468
Orchidaceae,Pleurothallis,564,745,31468
Orchidaceae,Pleurothallopsis,20,745,31468
Orchidaceae,Plocoglottis,35,745,31468
Orchidaceae,Poaephyllum,7,745,31468
Orchidaceae,Podangis,2,745,31468
Orchidaceae,Podochilus,65,745,31468
Orchidaceae,Pogonia,6,745,31468
Orchidaceae,Pogoniopsis,2,745,31468
Orchidaceae,Polycycnis,15,745,31468
Orchidaceae,Polyotidium,1,745,31468
Orchidaceae,Polystachya,244,745,31468
Orchidaceae,Pomatocalpa,23,745,31468
Orchidaceae,Ponera,2,745,31468
Orchidaceae,Ponthieva,76,745,31468
Orchidaceae,Porpax,54,745,31468
Orchidaceae,Porphyroglottis,1,745,31468
Orchidaceae,Porphyrostachys,2,745,31468
Orchidaceae,Porroglossum,56,745,31468
Orchidaceae,Porrorhachis,2,745,31468
Orchidaceae,Praecoxanthus,1,745,31468
Orchidaceae,Prasophyllum,152,745,31468
Orchidaceae,Prescottia,26,745,31468
Orchidaceae,Pridgeonia,1,745,31468
Orchidaceae,Promenaea,1,745,31468
Orchidaceae,Prosthechea,129,745,31468
Orchidaceae,Pseudadenia,8,745,31468
Orchidaceae,Pseuderia,21,745,31468
Orchidaceae,Pseudinium,2,745,31468
Orchidaceae,Pseudocentrum,17,745,31468
Orchidaceae,Pseudogoodyera,1,745,31468
Orchidaceae,Pseudolaelia,15,745,31468
Orchidaceae,Pseudorchis,1,745,31468
Orchidaceae,Pseudorhiza,9,745,31468
Orchidaceae,Pseudovanilla,8,745,31468
Orchidaceae,Psilochilus,19,745,31468
Orchidaceae,Psychilis,17,745,31468
Orchidaceae,Psychopsiella,1,745,31468
Orchidaceae,Psychopsis,4,745,31468
Orchidaceae,Psytonia,1,745,31468
Orchidaceae,Pterichis,44,745,31468
Orchidaceae,Pteroceras,22,745,31468
Orchidaceae,Pteroglossa,13,745,31468
Orchidaceae,Pterostemma,4,745,31468
Orchidaceae,Pterostylis,305,745,31468
Orchidaceae,Pterygodium,20,745,31468
Orchidaceae,Pupulinia,1,745,31468
Orchidaceae,Pygmaeorchis,2,745,31468
Orchidaceae,Pyrorchis,2,745,31468
Orchidaceae,Quechua,1,745,31468
Orchidaceae,Quekettia,8,745,31468
Orchidaceae,Quisqueya,4,745,31468
Orchidaceae,Rangaeris,3,745,31468
Orchidaceae,Rauhiella,3,745,31468
Orchidaceae,Renanthera,22,745,31468
Orchidaceae,Restrepia,66,745,31468
Orchidaceae,Restrepiella,3,745,31468
Orchidaceae,Rhinerrhiza,1,745,31468
Orchidaceae,Rhipidoglossum,53,745,31468
Orchidaceae,Rhizanthella,6,745,31468
Orchidaceae,Rhomboda,25,745,31468
Orchidaceae,Rhynchogyna,2,745,31468
Orchidaceae,Rhyncholaelia,2,745,31468
Orchidaceae,Rhynchostele,19,745,31468
Orchidaceae,Rhynchostylis,4,745,31468
Orchidaceae,Ridleyella,1,745,31468
Orchidaceae,Rimacola,1,745,31468
Orchidaceae,Risleya,1,745,31468
Orchidaceae,Robiquetia,94,745,31468
Orchidaceae,Rodriguezia,47,745,31468
Orchidaceae,Roeperocharis,5,745,31468
Orchidaceae,Rossioglossum,12,745,31468
Orchidaceae,Rudolfiella,7,745,31468
Orchidaceae,Saccolabiopsis,15,745,31468
Orchidaceae,Saccolabium,4,745,31468
Orchidaceae,Sacoila,8,745,31468
Orchidaceae,Sanderella,2,745,31468
Orchidaceae,Santotomasia,1,745,31468
Orchidaceae,Sarcanthopsis,6,745,31468
Orchidaceae,Sarcochilus,23,745,31468
Orchidaceae,Sarcoglottis,57,745,31468
Orchidaceae,Sarcoglyphis,14,745,31468
Orchidaceae,Sarcophyton,3,745,31468
Orchidaceae,Satyrium,93,745,31468
Orchidaceae,Saundersia,2,745,31468
Orchidaceae,Sauroglossum,11,745,31468
Orchidaceae,Scaphosepalum,59,745,31468
Orchidaceae,Scaphyglottis,79,745,31468
Orchidaceae,Schiedeella,19,745,31468
Orchidaceae,Schizochilus,11,745,31468
Orchidaceae,Schlimia,6,745,31468
Orchidaceae,Schoenorchis,30,745,31468
Orchidaceae,Schuitemania,1,745,31468
Orchidaceae,Schunkea,1,745,31468
Orchidaceae,Scuticaria,12,745,31468
Orchidaceae,Seegeriella,3,745,31468
Orchidaceae,Seidenfadenia,1,745,31468
Orchidaceae,Selenipedium,10,745,31468
Orchidaceae,Serapias,47,745,31468
Orchidaceae,Serapicamptis,29,745,31468
Orchidaceae,Serapirhiza,2,745,31468
Orchidaceae,Sertifera,9,745,31468
Orchidaceae,Sievekingia,14,745,31468
Orchidaceae,Silvorchis,4,745,31468
Orchidaceae,Sirhookera,2,745,31468
Orchidaceae,Sirindhornia,3,745,31468
Orchidaceae,Skeptrostachys,10,745,31468
Orchidaceae,Smithsonia,3,745,31468
Orchidaceae,Smitinandia,3,745,31468
Orchidaceae,Sobennikoffia,4,745,31468
Orchidaceae,Sobralia,174,745,31468
Orchidaceae,Solenangis,4,745,31468
Orchidaceae,Solenidium,3,745,31468
Orchidaceae,Solenocentrum,4,745,31468
Orchidaceae,Soterosanthus,1,745,31468
Orchidaceae,Sotoa,1,745,31468
Orchidaceae,Spathoglottis,45,745,31468
Orchidaceae,Specklinia,109,745,31468
Orchidaceae,Sphyrarhynchus,3,745,31468
Orchidaceae,Spiculaea,1,745,31468
Orchidaceae,Spiranthes,51,745,31468
Orchidaceae,Stalkya,1,745,31468
Orchidaceae,Stanhopea,85,745,31468
Orchidaceae,Stelis,1341,745,31468
Orchidaceae,Stellamaris,1,745,31468
Orchidaceae,Stenia,22,745,31468
Orchidaceae,Stenoglottis,5,745,31468
Orchidaceae,Stenoptera,6,745,31468
Orchidaceae,Stenorrhynchos,8,745,31468
Orchidaceae,Stenotyla,9,745,31468
Orchidaceae,Stereochilus,8,745,31468
Orchidaceae,Stereosandra,1,745,31468
Orchidaceae,Steveniella,1,745,31468
Orchidaceae,Stichorkis,27,745,31468
Orchidaceae,Stigmatodactylus,26,745,31468
Orchidaceae,Strongyleria,4,745,31468
Orchidaceae,Suarezia,1,745,31468
Orchidaceae,Summerhayesia,2,745,31468
Orchidaceae,Sutrina,2,745,31468
Orchidaceae,Svenkoeltzia,3,745,31468
Orchidaceae,Systeloglossum,5,745,31468
Orchidaceae,Taeniophyllum,247,745,31468
Orchidaceae,Taeniorrhiza,1,745,31468
Orchidaceae,Tainia,29,745,31468
Orchidaceae,Tamayorkis,4,745,31468
Orchidaceae,Taprobanea,1,745,31468
Orchidaceae,Teagueia,18,745,31468
Orchidaceae,Telipogon,249,745,31468
Orchidaceae,Tetramicra,12,745,31468
Orchidaceae,Teuscheria,11,745,31468
Orchidaceae,Thaia,1,745,31468
Orchidaceae,Thecopus,2,745,31468
Orchidaceae,Thecostele,1,745,31468
Orchidaceae,Thelasis,28,745,31468
Orchidaceae,Thelymitra,126,745,31468
Orchidaceae,Thelyschista,1,745,31468
Orchidaceae,Thrixspermum,194,745,31468
Orchidaceae,Thulinia,1,745,31468
Orchidaceae,Thunia,4,745,31468
Orchidaceae,Thuniopsis,1,745,31468
Orchidaceae,Thysanoglossa,3,745,31468
Orchidaceae,Tipularia,5,745,31468
Orchidaceae,Tolumnia,33,745,31468
Orchidaceae,Tomzanonia,1,745,31468
Orchidaceae,Townsonia,3,745,31468
Orchidaceae,Trachoma,16,745,31468
Orchidaceae,Traunsteinera,2,745,31468
Orchidaceae,Trevoria,5,745,31468
Orchidaceae,Triceratorhynchus,3,745,31468
Orchidaceae,Trichocentrum,103,745,31468
Orchidaceae,Trichoceros,10,745,31468
Orchidaceae,Trichoglottis,87,745,31468
Orchidaceae,Trichopilia,47,745,31468
Orchidaceae,Trichosalpinx,112,745,31468
Orchidaceae,Trichotosia,76,745,31468
Orchidaceae,Tridactyle,49,745,31468
Orchidaceae,Triphora,25,745,31468
Orchidaceae,Trisetella,28,745,31468
Orchidaceae,Trizeuxis,1,745,31468
Orchidaceae,Tropidia,34,745,31468
Orchidaceae,Tsaiorchis,2,745,31468
Orchidaceae,Tuberolabium,10,745,31468
Orchidaceae,Tylostigma,8,745,31468
Orchidaceae,Uleiorchis,4,745,31468
Orchidaceae,Uncifera,6,745,31468
Orchidaceae,Vanda,96,745,31468
Orchidaceae,Vandoglossum,1,745,31468
Orchidaceae,Vandopsis,2,745,31468
Orchidaceae,Vanilla,121,745,31468
Orchidaceae,Vargasiella,3,745,31468
Orchidaceae,Vasqueziella,1,745,31468
Orchidaceae,Veyretella,2,745,31468
Orchidaceae,Veyretia,11,745,31468
Orchidaceae,Vitekorchis,4,745,31468
Orchidaceae,Vrydagzynea,43,745,31468
Orchidaceae,Waireia,1,745,31468
Orchidaceae,Warczewiczella,11,745,31468
Orchidaceae,Warmingia,4,745,31468
Orchidaceae,Warrea,4,745,31468
Orchidaceae,Warreella,2,745,31468
Orchidaceae,Warreopsis,1,745,31468
Orchidaceae,Warscewiczella,1,745,31468
Orchidaceae,Wullschlaegelia,2,745,31468
Orchidaceae,Xerorchis,2,745,31468
Orchidaceae,Xylobium,39,745,31468
Orchidaceae,Yoania,5,745,31468
Orchidaceae,Ypsilopus,13,745,31468
Orchidaceae,Zelenkoa,1,745,31468
Orchidaceae,Zeuxine,84,745,31468
Orchidaceae,Zootrophion,32,745,31468
Orchidaceae,Zygopetalum,6,745,31468
Orchidaceae,Zygosepalum,5,745,31468
Orchidaceae,Zygostates,26,745,31468
Orobanchaceae,Aeginetia,7,99,2337
Orobanchaceae,Agalinis,65,99,2337
Orobanchaceae,Alectra,33,99,2337
Orobanchaceae,Anisantherina,1,99,2337
Orobanchaceae,Asepalum,1,99,2337
Orobanchaceae,Aureolaria,9,99,2337
Orobanchaceae,Bardotia,1,99,2337
Orobanchaceae,Bartsia,1,99,2337
Orobanchaceae,Baumia,1,99,2337
Orobanchaceae,Bellardia,1,99,2337
Orobanchaceae,Boschniakia,1,99,2337
Orobanchaceae,Brachystigma,1,99,2337
Orobanchaceae,Brandisia,11,99,2337
Orobanchaceae,Buchnera,142,99,2337
Orobanchaceae,Bungea,2,99,2337
Orobanchaceae,Buttonia,2,99,2337
Orobanchaceae,Campbellia,1,99,2337
Orobanchaceae,Castilleja,225,99,2337
Orobanchaceae,Centranthera,11,99,2337
Orobanchaceae,Chloropyron,4,99,2337
Orobanchaceae,Christisonia,23,99,2337
Orobanchaceae,Cistanche,24,99,2337
Orobanchaceae,Conopholis,3,99,2337
Orobanchaceae,Cordylanthus,14,99,2337
Orobanchaceae,Cyclocheilon,3,99,2337
Orobanchaceae,Cycniopsis,2,99,2337
Orobanchaceae,Cycnium,17,99,2337
Orobanchaceae,Cymbaria,4,99,2337
Orobanchaceae,Dasistoma,1,99,2337
Orobanchaceae,Dicranostegia,1,99,2337
Orobanchaceae,Epifagus,2,99,2337
Orobanchaceae,Eremitilla,1,99,2337
Orobanchaceae,Escobedia,7,99,2337
Orobanchaceae,Esterhazya,6,99,2337
Orobanchaceae,Euphrasia,258,99,2337
Orobanchaceae,Gerardiina,2,99,2337
Orobanchaceae,Ghikaea,1,99,2337
Orobanchaceae,Gleadovia,5,99,2337
Orobanchaceae,Graderia,4,99,2337
Orobanchaceae,Harveya,30,99,2337
Orobanchaceae,Hedbergia,3,99,2337
Orobanchaceae,Hiernia,1,99,2337
Orobanchaceae,Hyobanche,8,99,2337
Orobanchaceae,Kopsiopsis,2,99,2337
Orobanchaceae,Lamourouxia,30,99,2337
Orobanchaceae,Lathraea,5,99,2337
Orobanchaceae,Leptorhabdos,1,99,2337
Orobanchaceae,Leucosalpa,3,99,2337
Orobanchaceae,Lindenbergia,16,99,2337
Orobanchaceae,Macranthera,1,99,2337
Orobanchaceae,Magdalenaea,1,99,2337
Orobanchaceae,Mannagettaea,3,99,2337
Orobanchaceae,Melampyrum,44,99,2337
Orobanchaceae,Melasma,9,99,2337
Orobanchaceae,Micrargeria,3,99,2337
Orobanchaceae,Micrargeriella,1,99,2337
Orobanchaceae,Monochasma,4,99,2337
Orobanchaceae,Neobartsia,47,99,2337
Orobanchaceae,Nesogenes,9,99,2337
Orobanchaceae,Nothobartsia,2,99,2337
Orobanchaceae,Nothochilus,1,99,2337
Orobanchaceae,Odontitella,1,99,2337
Orobanchaceae,Odontites,39,99,2337
Orobanchaceae,Omphalotrix,1,99,2337
Orobanchaceae,Orobanche,206,99,2337
Orobanchaceae,Orthocarpus,11,99,2337
Orobanchaceae,Parasopubia,4,99,2337
Orobanchaceae,Parentucellia,3,99,2337
Orobanchaceae,Pedicularis,722,99,2337
Orobanchaceae,Phacellanthus,1,99,2337
Orobanchaceae,Phelypaea,4,99,2337
Orobanchaceae,Phtheirospermum,1,99,2337
Orobanchaceae,Physocalyx,3,99,2337
Orobanchaceae,Pseudobartsia,1,99,2337
Orobanchaceae,Pseudomelasma,1,99,2337
Orobanchaceae,Pseudosopubia,3,99,2337
Orobanchaceae,Pseudostriga,1,99,2337
Orobanchaceae,Pterygiella,10,99,2337
Orobanchaceae,Radamaea,4,99,2337
Orobanchaceae,Rehmannia,7,99,2337
Orobanchaceae,Rhamphicarpa,6,99,2337
Orobanchaceae,Rhaphispermum,1,99,2337
Orobanchaceae,Rhinanthus,48,99,2337
Orobanchaceae,Rhynchocorys,6,99,2337
Orobanchaceae,Schwalbea,1,99,2337
Orobanchaceae,Seymeria,20,99,2337
Orobanchaceae,Seymeriopsis,1,99,2337
Orobanchaceae,Sieversandreas,1,99,2337
Orobanchaceae,Silviella,2,99,2337
Orobanchaceae,Siphonostegia,3,99,2337
Orobanchaceae,Sopubia,30,99,2337
Orobanchaceae,Striga,53,99,2337
Orobanchaceae,Tetraspidium,1,99,2337
Orobanchaceae,Thunbergianthus,2,99,2337
Orobanchaceae,Tozzia,2,99,2337
Orobanchaceae,Triphysaria,6,99,2337
Orobanchaceae,Vellosiella,3,99,2337
Orobanchaceae,Xylanche,1,99,2337
Orobanchaceae,Xylocalyx,5,99,2337
Orthotrichaceae,Atlantichella,1,26,773
Orthotrichaceae,Aureomacromitrium,1,26,773
Orthotrichaceae,Australoria,2,26,773
Orthotrichaceae,Bryomyces,1,26,773
Orthotrichaceae,Cardotiella,6,26,773
Orthotrichaceae,Ceuthotheca,1,26,773
Orthotrichaceae,Codonoblepharon,7,26,773
Orthotrichaceae,Desmotheca,2,26,773
Orthotrichaceae,Groutiella,9,26,773
Orthotrichaceae,Leiomitrium,1,26,773
Orthotrichaceae,Leratia,5,26,773
Orthotrichaceae,Lewinskya,78,26,773
Orthotrichaceae,Macrocoma,9,26,773
Orthotrichaceae,Macromitrium,282,26,773
Orthotrichaceae,Matteria,2,26,773
Orthotrichaceae,Nyholmiella,2,26,773
Orthotrichaceae,Orthotrichum,111,26,773
Orthotrichaceae,Pentastichella,2,26,773
Orthotrichaceae,Pseudomacromitrium,7,26,773
Orthotrichaceae,Pulvigera,4,26,773
Orthotrichaceae,Rehubryum,2,26,773
Orthotrichaceae,Schlotheimia,94,26,773
Orthotrichaceae,Sehnemobryum,1,26,773
Orthotrichaceae,Stoneobryum,2,26,773
Orthotrichaceae,Ulota,59,26,773
Orthotrichaceae,Zygodon,82,26,773
Osmundaceae,Claytosmunda,1,8,28
Osmundaceae,Leptopteris,7,8,28
Osmundaceae,Osmunasium,1,8,28
Osmundaceae,Osmunda,10,8,28
Osmundaceae,Osmundastrum,1,8,28
Osmundaceae,Osmunimunda,2,8,28
Osmundaceae,Plenasium,4,8,28
Osmundaceae,Todea,2,8,28
Oxalidaceae,Averrhoa,5,5,668
Oxalidaceae,Biophytum,81,5,668
Oxalidaceae,Dapania,3,5,668
Oxalidaceae,Oxalis,567,5,668
Oxalidaceae,Sarcotheca,12,5,668
Paeoniaceae,Paeonia,42,1,42
Papaveraceae,Adlumia,2,48,1036
Papaveraceae,Afropapaver,1,48,1036
Papaveraceae,Arctomecon,3,48,1036
Papaveraceae,Argemone,33,48,1036
Papaveraceae,Bocconia,11,48,1036
Papaveraceae,Canbya,2,48,1036
Papaveraceae,Capnoides,1,48,1036
Papaveraceae,Cathcartia,4,48,1036
Papaveraceae,Ceratocapnos,3,48,1036
Papaveraceae,Chelidonium,2,48,1036
Papaveraceae,Corydalis,533,48,1036
Papaveraceae,Cryptocapnos,1,48,1036
Papaveraceae,Cysticapnos,3,48,1036
Papaveraceae,Dactylicapnos,15,48,1036
Papaveraceae,Dendromecon,2,48,1036
Papaveraceae,Dicentra,8,48,1036
Papaveraceae,Dicranostigma,4,48,1036
Papaveraceae,Discocapnos,1,48,1036
Papaveraceae,Ehrendorferia,2,48,1036
Papaveraceae,Eomecon,1,48,1036
Papaveraceae,Eschscholzia,15,48,1036
Papaveraceae,Fumaria,57,48,1036
Papaveraceae,Fumariola,1,48,1036
Papaveraceae,Glaucium,24,48,1036
Papaveraceae,Hunnemannia,2,48,1036
Papaveraceae,Hylomecon,4,48,1036
Papaveraceae,Hypecoum,17,48,1036
Papaveraceae,Ichtyoselmis,1,48,1036
Papaveraceae,Lamprocapnos,1,48,1036
Papaveraceae,Macleaya,2,48,1036
Papaveraceae,Meconella,3,48,1036
Papaveraceae,Meconopsis,97,48,1036
Papaveraceae,Oreomecon,71,48,1036
Papaveraceae,Papaver,64,48,1036
Papaveraceae,Parameconopsis,1,48,1036
Papaveraceae,Platycapnos,3,48,1036
Papaveraceae,Platystemon,1,48,1036
Papaveraceae,Platystigma,1,48,1036
Papaveraceae,Pseudo-fumaria,2,48,1036
Papaveraceae,Pteridophyllum,1,48,1036
Papaveraceae,Roemeria,15,48,1036
Papaveraceae,Romneya,2,48,1036
Papaveraceae,Rupicapnos,6,48,1036
Papaveraceae,Sanguinaria,1,48,1036
Papaveraceae,Sarcocapnos,4,48,1036
Papaveraceae,Stylomecon,2,48,1036
Papaveraceae,Stylophorum,4,48,1036
Papaveraceae,Trigonocapnos,2,48,1036
Passifloraceae,Adenia,108,32,1067
Passifloraceae,Adenoa,1,32,1067
Passifloraceae,Afroqueta,1,32,1067
Passifloraceae,Ancistrothyrsus,3,32,1067
Passifloraceae,Androsiphonia,1,32,1067
Passifloraceae,Arboa,4,32,1067
Passifloraceae,Barteria,6,32,1067
Passifloraceae,Basananthe,37,32,1067
Passifloraceae,Crossostemma,1,32,1067
Passifloraceae,Deidamia,3,32,1067
Passifloraceae,Dilkea,13,32,1067
Passifloraceae,Distemma,1,32,1067
Passifloraceae,Efulensia,2,32,1067
Passifloraceae,Erblichia,1,32,1067
Passifloraceae,Hyalocalyx,2,32,1067
Passifloraceae,Jongkindia,1,32,1067
Passifloraceae,Loewia,2,32,1067
Passifloraceae,Malesherbia,25,32,1067
Passifloraceae,Mathurina,1,32,1067
Passifloraceae,Mitostemma,3,32,1067
Passifloraceae,Oxossia,15,32,1067
Passifloraceae,Paropsia,12,32,1067
Passifloraceae,Paropsiopsis,2,32,1067
Passifloraceae,Passiflora,605,32,1067
Passifloraceae,Pibiria,1,32,1067
Passifloraceae,Piriqueta,46,32,1067
Passifloraceae,Schlechterina,1,32,1067
Passifloraceae,Stapfiella,6,32,1067
Passifloraceae,Streptopetalum,6,32,1067
Passifloraceae,Tricliceras,15,32,1067
Passifloraceae,Turnera,141,32,1067
Passifloraceae,Viridivia,1,32,1067
Paulowniaceae,Paulownia,9,3,12
Paulowniaceae,Shiuyinghua,1,3,12
Paulowniaceae,Wightia,2,3,12
Pedaliaceae,Dewinteria,1,11,79
Pedaliaceae,Harpagophytum,2,11,79
Pedaliaceae,Holubia,1,11,79
Pedaliaceae,Linariopsis,2,11,79
Pedaliaceae,Pedaliodiscus,1,11,79
Pedaliaceae,Pedalium,1,11,79
Pedaliaceae,Pterodiscus,16,11,79
Pedaliaceae,Rogeria,5,11,79
Pedaliaceae,Sesamothamnus,5,11,79
Pedaliaceae,Sesamum,31,11,79
Pedaliaceae,Uncarina,14,11,79
Pentaphylacaceae,Adinandra,106,12,538
Pentaphylacaceae,Anneslea,4,12,538
Pentaphylacaceae,Archboldiodendron,1,12,538
Pentaphylacaceae,Balthasaria,2,12,538
Pentaphylacaceae,Cleyera,25,12,538
Pentaphylacaceae,Eurya,156,12,538
Pentaphylacaceae,Euryodendron,1,12,538
Pentaphylacaceae,Freziera,74,12,538
Pentaphylacaceae,Pentaphylax,1,12,538
Pentaphylacaceae,Symplococarpon,2,12,538
Pentaphylacaceae,Ternstroemia,165,12,538
Pentaphylacaceae,Visnea,1,12,538
Philesiaceae,Lapageria,1,2,2
Philesiaceae,Philesia,1,2,2
Phrymaceae,Cyrtandromoea,12,15,233
Phrymaceae,Diplacus,51,15,233
Phrymaceae,Elacholoma,2,15,233
Phrymaceae,Erythranthe,130,15,233
Phrymaceae,Glossostigma,6,15,233
Phrymaceae,Hemichaena,5,15,233
Phrymaceae,Leucocarpus,1,15,233
Phrymaceae,Microcarpaea,2,15,233
Phrymaceae,Mimetanthe,1,15,233
Phrymaceae,Mimulicalyx,2,15,233
Phrymaceae,Mimulus,11,15,233
Phrymaceae,Peplidium,4,15,233
Phrymaceae,Phryma,3,15,233
Phrymaceae,Thyridia,1,15,233
Phrymaceae,Uvedalia,2,15,233
Phyllanthaceae,Actephila,38,60,2119
Phyllanthaceae,Amanoa,18,60,2119
Phyllanthaceae,Andrachne,21,60,2119
Phyllanthaceae,Antidesma,104,60,2119
Phyllanthaceae,Apodiscus,1,60,2119
Phyllanthaceae,Aporosa,86,60,2119
Phyllanthaceae,Ashtonia,2,60,2119
Phyllanthaceae,Astrocasia,6,60,2119
Phyllanthaceae,Baccaurea,53,60,2119
Phyllanthaceae,Bischofia,2,60,2119
Phyllanthaceae,Breynia,96,60,2119
Phyllanthaceae,Bridelia,50,60,2119
Phyllanthaceae,Celianella,1,60,2119
Phyllanthaceae,Chascotheca,2,60,2119
Phyllanthaceae,Chicomendes,1,60,2119
Phyllanthaceae,Chonocentrum,1,60,2119
Phyllanthaceae,Chorisandrachne,1,60,2119
Phyllanthaceae,Cleistanthus,135,60,2119
Phyllanthaceae,Croizatia,5,60,2119
Phyllanthaceae,Dicoelia,2,60,2119
Phyllanthaceae,Didymocistus,1,60,2119
Phyllanthaceae,Discocarpus,4,60,2119
Phyllanthaceae,Distichirhops,3,60,2119
Phyllanthaceae,Flueggea,18,60,2119
Phyllanthaceae,Glochidion,333,60,2119
Phyllanthaceae,Gonatogyne,1,60,2119
Phyllanthaceae,Heterosavia,4,60,2119
Phyllanthaceae,Heywoodia,1,60,2119
Phyllanthaceae,Hieronyma,23,60,2119
Phyllanthaceae,Hymenocardia,6,60,2119
Phyllanthaceae,Jablonskia,1,60,2119
Phyllanthaceae,Keayodendron,1,60,2119
Phyllanthaceae,Lachnostylis,3,60,2119
Phyllanthaceae,Leptonema,2,60,2119
Phyllanthaceae,Leptopus,12,60,2119
Phyllanthaceae,Lingelsheimia,6,60,2119
Phyllanthaceae,Maesobotrya,19,60,2119
Phyllanthaceae,Margaritaria,13,60,2119
Phyllanthaceae,Martretia,1,60,2119
Phyllanthaceae,Meineckia,32,60,2119
Phyllanthaceae,Nothobaccaurea,2,60,2119
Phyllanthaceae,Notoleptopus,1,60,2119
Phyllanthaceae,Pentabrachion,1,60,2119
Phyllanthaceae,Phyllanthopsis,2,60,2119
Phyllanthaceae,Phyllanthus,875,60,2119
Phyllanthaceae,Plagiocladus,1,60,2119
Phyllanthaceae,Poranthera,17,60,2119
Phyllanthaceae,Protomegabaria,3,60,2119
Phyllanthaceae,Pseudolachnostylis,1,60,2119
Phyllanthaceae,Pseudophyllanthus,1,60,2119
Phyllanthaceae,Richeria,3,60,2119
Phyllanthaceae,Savia,2,60,2119
Phyllanthaceae,Securinega,5,60,2119
Phyllanthaceae,Spondianthus,1,60,2119
Phyllanthaceae,Synostemon,36,60,2119
Phyllanthaceae,Tacarcuna,3,60,2119
Phyllanthaceae,Thecacoris,16,60,2119
Phyllanthaceae,Uapaca,25,60,2119
Phyllanthaceae,Weda,2,60,2119
Phyllanthaceae,Wielandia,13,60,2119
Phytolaccaceae,Anisomeria,4,3,30
Phytolaccaceae,Ercilla,2,3,30
Phytolaccaceae,Phytolacca,24,3,30
Pinaceae,Abies,53,11,277
Pinaceae,Cathaya,1,11,277
Pinaceae,Cedrus,6,11,277
Pinaceae,Keteleeria,3,11,277
Pinaceae,Larix,19,11,277
Pinaceae,Nothotsuga,1,11,277
Pinaceae,Picea,43,11,277
Pinaceae,Pinus,134,11,277
Pinaceae,Pseudolarix,1,11,277
Pinaceae,Pseudotsuga,4,11,277
Pinaceae,Tsuga,12,11,277
Piperaceae,Manekia,6,5,3873
Piperaceae,Peperomia,1427,5,3873
Piperaceae,Piper,2436,5,3873
Piperaceae,Verhuellia,3,5,3873
Piperaceae,Zippelia,1,5,3873
Pittosporaceae,Auranticarpa,6,9,324
Pittosporaceae,Bentleya,2,9,324
Pittosporaceae,Billardiera,21,9,324
Pittosporaceae,Bursaria,8,9,324
Pittosporaceae,Cheiranthera,10,9,324
Pittosporaceae,Hymenosporum,1,9,324
Pittosporaceae,Marianthus,14,9,324
Pittosporaceae,Pittosporum,257,9,324
Pittosporaceae,Rhytidosporum,5,9,324
Plagiotheciaceae,Herzogiella,7,12,118
Plagiotheciaceae,Isopterygiella,2,12,118
Plagiotheciaceae,Isopterygiopsis,2,12,118
Plagiotheciaceae,Myurella,3,12,118
Plagiotheciaceae,Ortholimnobium,2,12,118
Plagiotheciaceae,Orthothecium,13,12,118
Plagiotheciaceae,Plagiothecium,70,12,118
Plagiotheciaceae,Platydictya,5,12,118
Plagiotheciaceae,Pseudotaxiphyllum,9,12,118
Plagiotheciaceae,Rectithecium,1,12,118
Plagiotheciaceae,Redfearnia,2,12,118
Plagiotheciaceae,Struckia,2,12,118
Plantaginaceae,Acanthorrhinum,1,107,2277
Plantaginaceae,Adenosma,35,107,2277
Plantaginaceae,Agathelpis,3,107,2277
Plantaginaceae,Albraunia,3,107,2277
Plantaginaceae,Anamaria,1,107,2277
Plantaginaceae,Anarrhinum,11,107,2277
Plantaginaceae,Ancistrostylis,1,107,2277
Plantaginaceae,Angelonia,29,107,2277
Plantaginaceae,Antirrhinum,29,107,2277
Plantaginaceae,Aragoa,23,107,2277
Plantaginaceae,Asarina,1,107,2277
Plantaginaceae,Bacopa,62,107,2277
Plantaginaceae,Basistemon,8,107,2277
Plantaginaceae,Benjaminia,1,107,2277
Plantaginaceae,Boelckea,1,107,2277
Plantaginaceae,Brookea,6,107,2277
Plantaginaceae,Bythophyton,1,107,2277
Plantaginaceae,Callitriche,79,107,2277
Plantaginaceae,Campylanthus,18,107,2277
Plantaginaceae,Chaenorhinum,27,107,2277
Plantaginaceae,Cheilophyllum,8,107,2277
Plantaginaceae,Chelone,4,107,2277
Plantaginaceae,Chionophila,2,107,2277
Plantaginaceae,Chodaphyton,1,107,2277
Plantaginaceae,Collinsia,22,107,2277
Plantaginaceae,Cymbalaria,17,107,2277
Plantaginaceae,Darcya,4,107,2277
Plantaginaceae,Deinostema,2,107,2277
Plantaginaceae,Digitalis,35,107,2277
Plantaginaceae,Dintera,1,107,2277
Plantaginaceae,Dizygostemon,5,107,2277
Plantaginaceae,Dopatrium,14,107,2277
Plantaginaceae,Ellisiophyllum,1,107,2277
Plantaginaceae,Encopella,1,107,2277
Plantaginaceae,Epixiphium,1,107,2277
Plantaginaceae,Erinus,2,107,2277
Plantaginaceae,Fonkia,1,107,2277
Plantaginaceae,Gadoria,1,107,2277
Plantaginaceae,Galvezia,6,107,2277
Plantaginaceae,Gambelia,4,107,2277
Plantaginaceae,Geochorda,2,107,2277
Plantaginaceae,Globularia,32,107,2277
Plantaginaceae,Gratiola,29,107,2277
Plantaginaceae,Hemiphragma,1,107,2277
Plantaginaceae,Hippuris,4,107,2277
Plantaginaceae,Holmgrenanthe,1,107,2277
Plantaginaceae,Holzneria,2,107,2277
Plantaginaceae,Howelliella,1,107,2277
Plantaginaceae,Hydrotriche,4,107,2277
Plantaginaceae,Ildefonsia,1,107,2277
Plantaginaceae,Kashmiria,1,107,2277
Plantaginaceae,Keckiella,7,107,2277
Plantaginaceae,Kickxia,25,107,2277
Plantaginaceae,Lafuentea,2,107,2277
Plantaginaceae,Lagotis,31,107,2277
Plantaginaceae,Lapaea,5,107,2277
Plantaginaceae,Leucospora,1,107,2277
Plantaginaceae,Limnophila,47,107,2277
Plantaginaceae,Limosella,16,107,2277
Plantaginaceae,Linaria,208,107,2277
Plantaginaceae,Littorella,3,107,2277
Plantaginaceae,Lophospermum,8,107,2277
Plantaginaceae,Mabrya,6,107,2277
Plantaginaceae,Matourea,9,107,2277
Plantaginaceae,Maurandella,1,107,2277
Plantaginaceae,Maurandya,2,107,2277
Plantaginaceae,Mecardonia,10,107,2277
Plantaginaceae,Melosperma,1,107,2277
Plantaginaceae,Misopates,9,107,2277
Plantaginaceae,Mohavea,3,107,2277
Plantaginaceae,Monttea,3,107,2277
Plantaginaceae,Nanorrhinum,30,107,2277
Plantaginaceae,Neogaerrhinum,2,107,2277
Plantaginaceae,Neopicrorhiza,2,107,2277
Plantaginaceae,Nothochelone,1,107,2277
Plantaginaceae,Nuttallanthus,3,107,2277
Plantaginaceae,Ourisia,35,107,2277
Plantaginaceae,Paederota,2,107,2277
Plantaginaceae,Pennellianthus,1,107,2277
Plantaginaceae,Penstemon,296,107,2277
Plantaginaceae,Philcoxia,7,107,2277
Plantaginaceae,Picrorhiza,2,107,2277
Plantaginaceae,Plantago,250,107,2277
Plantaginaceae,Poskea,2,107,2277
Plantaginaceae,Pseudomisopates,1,107,2277
Plantaginaceae,Pseudorontium,1,107,2277
Plantaginaceae,Rhodochiton,5,107,2277
Plantaginaceae,Russelia,50,107,2277
Plantaginaceae,Sairocarpus,10,107,2277
Plantaginaceae,Schistophragma,6,107,2277
Plantaginaceae,Schweinfurthia,6,107,2277
Plantaginaceae,Scoparia,12,107,2277
Plantaginaceae,Scrofella,1,107,2277
Plantaginaceae,Sibthorpia,5,107,2277
Plantaginaceae,Stemodia,46,107,2277
Plantaginaceae,Tetranema,6,107,2277
Plantaginaceae,Tetraulacium,1,107,2277
Plantaginaceae,Tonella,2,107,2277
Plantaginaceae,Trapella,1,107,2277
Plantaginaceae,Triaenophora,4,107,2277
Plantaginaceae,Trungboa,1,107,2277
Plantaginaceae,Umbraria,2,107,2277
Plantaginaceae,Uroskinnera,4,107,2277
Plantaginaceae,Veronica,508,107,2277
Plantaginaceae,Veronicastrum,19,107,2277
Plantaginaceae,Wulfenia,4,107,2277
Plantaginaceae,Wulfeniopsis,2,107,2277
Platanaceae,Platanus,11,1,11
Plumbaginaceae,Acantholimon,310,26,1169
Plumbaginaceae,Aegialitis,2,26,1169
Plumbaginaceae,Armeria,104,26,1169
Plumbaginaceae,Bakerolimon,2,26,1169
Plumbaginaceae,Bamiania,1,26,1169
Plumbaginaceae,Bukiniczia,1,26,1169
Plumbaginaceae,Cephalorhizum,4,26,1169
Plumbaginaceae,Ceratolimon,3,26,1169
Plumbaginaceae,Ceratostigma,7,26,1169
Plumbaginaceae,Chaetolimon,2,26,1169
Plumbaginaceae,Dictyolimon,3,26,1169
Plumbaginaceae,Dyerophytum,4,26,1169
Plumbaginaceae,Ghaznianthus,1,26,1169
Plumbaginaceae,Goniolimon,21,26,1169
Plumbaginaceae,Limoniastrum,2,26,1169
Plumbaginaceae,Limoniopsis,2,26,1169
Plumbaginaceae,Limonium,662,26,1169
Plumbaginaceae,Muellerolimon,1,26,1169
Plumbaginaceae,Myriolimon,2,26,1169
Plumbaginaceae,Neogontscharovia,3,26,1169
Plumbaginaceae,Plumbagella,1,26,1169
Plumbaginaceae,Plumbago,19,26,1169
Plumbaginaceae,Popoviolimon,1,26,1169
Plumbaginaceae,Psylliostachys,9,26,1169
Plumbaginaceae,Saharanthus,1,26,1169
Plumbaginaceae,Vassilczenkoa,1,26,1169
Poaceae,Aakia,1,814,12352
Poaceae,Achnatherum,19,814,12352
Poaceae,Aciachne,3,814,12352
Poaceae,Acidosasa,12,814,12352
Poaceae,Acostia,1,814,12352
Poaceae,Acrachne,3,814,12352
Poaceae,Acritochaete,1,814,12352
Poaceae,Acroceras,24,814,12352
Poaceae,Acrospelion,2,814,12352
Poaceae,Actinocladum,1,814,12352
Poaceae,Adenochloa,13,814,12352
Poaceae,Aegilops,25,814,12352
Poaceae,Aegilotriticum,6,814,12352
Poaceae,Aeluropus,6,814,12352
Poaceae,Afrotrichloris,2,814,12352
Poaceae,Agenium,3,814,12352
Poaceae,Agnesia,1,814,12352
Poaceae,Agropogon,3,814,12352
Poaceae,Agropyron,17,814,12352
Poaceae,Agropyropsis,1,814,12352
Poaceae,Agrostis,213,814,12352
Poaceae,Agrostopoa,3,814,12352
Poaceae,Agrostula,1,814,12352
Poaceae,Agrotrigia,4,814,12352
Poaceae,Aira,10,814,12352
Poaceae,Airopsis,1,814,12352
Poaceae,Alexfloydia,1,814,12352
Poaceae,Alloeochaete,6,814,12352
Poaceae,Allolepis,1,814,12352
Poaceae,Alloteropsis,5,814,12352
Poaceae,Alopecurus,49,814,12352
Poaceae,Alpagrostis,4,814,12352
Poaceae,Altoparadisium,2,814,12352
Poaceae,Alvimia,3,814,12352
Poaceae,Amelichloa,5,814,12352
Poaceae,Ammochloa,3,814,12352
Poaceae,Ampelocalamus,14,814,12352
Poaceae,Ampelodesmos,2,814,12352
Poaceae,Amphibromus,12,814,12352
Poaceae,Amphicarpum,3,814,12352
Poaceae,Amphipogon,9,814,12352
Poaceae,Anadelphia,14,814,12352
Poaceae,Ancistrachne,3,814,12352
Poaceae,Ancistragrostis,1,814,12352
Poaceae,Andropogon,135,814,12352
Poaceae,Andropterum,1,814,12352
Poaceae,Anemanthele,1,814,12352
Poaceae,Aniselytron,2,814,12352
Poaceae,Anisopogon,1,814,12352
Poaceae,Annamocalamus,1,814,12352
Poaceae,Anomochloa,1,814,12352
Poaceae,Anthaenantiopsis,4,814,12352
Poaceae,Anthenantia,5,814,12352
Poaceae,Anthephora,11,814,12352
Poaceae,Anthosachne,9,814,12352
Poaceae,Anthoxanthum,53,814,12352
Poaceae,Antinoria,2,814,12352
Poaceae,Apera,5,814,12352
Poaceae,Apluda,1,814,12352
Poaceae,Apochloa,15,814,12352
Poaceae,Apoclada,1,814,12352
Poaceae,Apocopis,16,814,12352
Poaceae,Arberella,7,814,12352
Poaceae,Arctagrostis,2,814,12352
Poaceae,Arctodupontia,1,814,12352
Poaceae,Arctohyalopoa,4,814,12352
Poaceae,Arctopoa,7,814,12352
Poaceae,Aristida,306,814,12352
Poaceae,Arrhenatherum,8,814,12352
Poaceae,Arthraxon,24,814,12352
Poaceae,Arthropogon,5,814,12352
Poaceae,Arthrostylidium,29,814,12352
Poaceae,Arundinaria,5,814,12352
Poaceae,Arundinella,57,814,12352
Poaceae,Arundo,5,814,12352
Poaceae,Arundoclaytonia,2,814,12352
Poaceae,Asthenochloa,1,814,12352
Poaceae,Astrebla,4,814,12352
Poaceae,Athroostachys,2,814,12352
Poaceae,Atractantha,5,814,12352
Poaceae,Aulonemia,49,814,12352
Poaceae,Aulonemiella,2,814,12352
Poaceae,Australopyrum,5,814,12352
Poaceae,Austrochloris,1,814,12352
Poaceae,Austroderia,5,814,12352
Poaceae,Austrostipa,71,814,12352
Poaceae,Avellinia,2,814,12352
Poaceae,Avena,27,814,12352
Poaceae,Avenella,2,814,12352
Poaceae,Avenula,1,814,12352
Poaceae,Axonopus,79,814,12352
Poaceae,Bambusa,157,814,12352
Poaceae,Baptorhachis,1,814,12352
Poaceae,Barkworthia,1,814,12352
Poaceae,Bashania,4,814,12352
Poaceae,Beckmannia,2,814,12352
Poaceae,Bellardiochloa,5,814,12352
Poaceae,Bergbambos,1,814,12352
Poaceae,Bewsia,1,814,12352
Poaceae,Bhidea,3,814,12352
Poaceae,Blepharidachne,4,814,12352
Poaceae,Boldrinia,1,814,12352
Poaceae,Bonia,5,814,12352
Poaceae,Borinda,46,814,12352
Poaceae,Bothriochloa,37,814,12352
Poaceae,Bouteloua,57,814,12352
Poaceae,Brachychloa,2,814,12352
Poaceae,Brachyelytrum,3,814,12352
Poaceae,Brachypodium,27,814,12352
Poaceae,Brachystachyum,2,814,12352
Poaceae,Brasilochloa,1,814,12352
Poaceae,Briza,5,814,12352
Poaceae,Bromuniola,1,814,12352
Poaceae,Bromus,174,814,12352
Poaceae,Brylkinia,1,814,12352
Poaceae,Buergersiochloa,1,814,12352
Poaceae,Calamagrostis,225,814,12352
Poaceae,Calotheca,1,814,12352
Poaceae,Calyptochloa,4,814,12352
Poaceae,Cambajuva,1,814,12352
Poaceae,Campeiostachys,3,814,12352
Poaceae,Canastra,2,814,12352
Poaceae,Capeochloa,3,814,12352
Poaceae,Capillipedium,20,814,12352
Poaceae,Castellia,1,814,12352
Poaceae,Catabrosa,6,814,12352
Poaceae,Catabrosella,7,814,12352
Poaceae,Catalepis,1,814,12352
Poaceae,Catanellia,1,814,12352
Poaceae,Catapodium,9,814,12352
Poaceae,Cathariostachys,2,814,12352
Poaceae,Celtica,1,814,12352
Poaceae,Cenchrus,109,814,12352
Poaceae,Centotheca,4,814,12352
Poaceae,Centropodia,4,814,12352
Poaceae,Cephalostachyum,14,814,12352
Poaceae,Chaetium,3,814,12352
Poaceae,Chaetobromus,1,814,12352
Poaceae,Chaetopoa,2,814,12352
Poaceae,Chamaeraphis,1,814,12352
Poaceae,Chandrasekharania,1,814,12352
Poaceae,Chascolytrum,11,814,12352
Poaceae,Chasechloa,2,814,12352
Poaceae,Chasmanthium,5,814,12352
Poaceae,Chasmopodium,2,814,12352
Poaceae,Chevalierella,1,814,12352
Poaceae,Chikusichloa,3,814,12352
Poaceae,Chimaerochloa,1,814,12352
Poaceae,Chimonobambusa,45,814,12352
Poaceae,Chimonocalamus,19,814,12352
Poaceae,Chionochloa,25,814,12352
Poaceae,Chloothamnus,11,814,12352
Poaceae,Chloris,54,814,12352
Poaceae,Chlorocalymma,1,814,12352
Poaceae,Chrysochloa,4,814,12352
Poaceae,Chrysopogon,51,814,12352
Poaceae,Chusquea,199,814,12352
Poaceae,Cinna,3,814,12352
Poaceae,Cinnagrostis,62,814,12352
Poaceae,Cinnastrum,1,814,12352
Poaceae,Cladoraphis,2,814,12352
Poaceae,Clausospicula,1,814,12352
Poaceae,Cleistachne,1,814,12352
Poaceae,Cleistochloa,3,814,12352
Poaceae,Cleistogenes,17,814,12352
Poaceae,Cnidochloa,1,814,12352
Poaceae,Cochinchinochloa,1,814,12352
Poaceae,Coelachne,12,814,12352
Poaceae,Coelachyrum,6,814,12352
Poaceae,Coix,3,814,12352
Poaceae,Colanthelia,11,814,12352
Poaceae,Coleanthus,1,814,12352
Poaceae,Coleataenia,12,814,12352
Poaceae,Colpodium,9,814,12352
Poaceae,Condilorachia,3,814,12352
Poaceae,Cortaderia,20,814,12352
Poaceae,Corynephorus,7,814,12352
Poaceae,Cottea,1,814,12352
Poaceae,Craspedorhachis,3,814,12352
Poaceae,Crinipes,2,814,12352
Poaceae,Crithopsis,1,814,12352
Poaceae,Cryptochloa,9,814,12352
Poaceae,Ctenium,19,814,12352
Poaceae,Cutandia,7,814,12352
Poaceae,Cyathopus,1,814,12352
Poaceae,Cymbopogon,52,814,12352
Poaceae,Cynochloris,4,814,12352
Poaceae,Cynodon,15,814,12352
Poaceae,Cynosurus,11,814,12352
Poaceae,Cyperochloa,1,814,12352
Poaceae,Cyphochlaena,2,814,12352
Poaceae,Cyphonanthus,1,814,12352
Poaceae,Cyrtochloa,7,814,12352
Poaceae,Cyrtococcum,14,814,12352
Poaceae,Dactylis,3,814,12352
Poaceae,Dactyloctenium,13,814,12352
Poaceae,Daknopholis,1,814,12352
Poaceae,Danthonia,27,814,12352
Poaceae,Danthoniastrum,4,814,12352
Poaceae,Danthonidium,1,814,12352
Poaceae,Danthoniopsis,16,814,12352
Poaceae,Dasypyrum,3,814,12352
Poaceae,Davidsea,1,814,12352
Poaceae,Decaryella,1,814,12352
Poaceae,Decaryochloa,1,814,12352
Poaceae,Dendrocalamus,74,814,12352
Poaceae,Deschampsia,66,814,12352
Poaceae,Desmazeria,3,814,12352
Poaceae,Desmostachya,1,814,12352
Poaceae,Diandrolyra,3,814,12352
Poaceae,Diarrhena,5,814,12352
Poaceae,Dichaetaria,1,814,12352
Poaceae,Dichanthelium,126,814,12352
Poaceae,Dichanthium,20,814,12352
Poaceae,Dichelachne,9,814,12352
Poaceae,Didymogonyx,2,814,12352
Poaceae,Diectomis,1,814,12352
Poaceae,Digitaria,264,814,12352
Poaceae,Dignathia,5,814,12352
Poaceae,Diheteropogon,4,814,12352
Poaceae,Dilophotriche,3,814,12352
Poaceae,Dimeria,57,814,12352
Poaceae,Dimorphochloa,1,814,12352
Poaceae,Dinebra,9,814,12352
Poaceae,Dinochloa,47,814,12352
Poaceae,Diplachne,3,814,12352
Poaceae,Disakisperma,4,814,12352
Poaceae,Dissochondrus,1,814,12352
Poaceae,Distichlis,11,814,12352
Poaceae,Dregeochloa,2,814,12352
Poaceae,Drepanostachyum,11,814,12352
Poaceae,Dryopoa,1,814,12352
Poaceae,Dupoa,2,814,12352
Poaceae,Dupontia,2,814,12352
Poaceae,Dupontiopsis,1,814,12352
Poaceae,Duthiea,3,814,12352
Poaceae,Eccoptocarpha,1,814,12352
Poaceae,Echinaria,1,814,12352
Poaceae,Echinochloa,34,814,12352
Poaceae,Echinolaena,2,814,12352
Poaceae,Echinopogon,7,814,12352
Poaceae,Ehrharta,28,814,12352
Poaceae,Ekmanochloa,2,814,12352
Poaceae,Eleusine,10,814,12352
Poaceae,Elionurus,17,814,12352
Poaceae,Ellisochloa,2,814,12352
Poaceae,Elyhordeum,23,814,12352
Poaceae,Elyleymus,8,814,12352
Poaceae,Elymandra,6,814,12352
Poaceae,Elymostachys,2,814,12352
Poaceae,Elymus,205,814,12352
Poaceae,Elytrophorus,2,814,12352
Poaceae,Elytrostachys,2,814,12352
Poaceae,Enneapogon,26,814,12352
Poaceae,Enteropogon,15,814,12352
Poaceae,Entolasia,6,814,12352
Poaceae,Entoplocamia,1,814,12352
Poaceae,Eragrostiella,6,814,12352
Poaceae,Eragrostis,427,814,12352
Poaceae,Eremitis,16,814,12352
Poaceae,Eremocaulon,5,814,12352
Poaceae,Eremochloa,13,814,12352
Poaceae,Eremopyrum,4,814,12352
Poaceae,Eriachne,49,814,12352
Poaceae,Erianthecium,1,814,12352
Poaceae,Erianthus,8,814,12352
Poaceae,Eriochloa,33,814,12352
Poaceae,Eriochrysis,11,814,12352
Poaceae,Eriocoma,29,814,12352
Poaceae,Erioneuron,2,814,12352
Poaceae,Eriosella,1,814,12352
Poaceae,Euclasta,3,814,12352
Poaceae,Eulalia,31,814,12352
Poaceae,Eulaliopsis,2,814,12352
Poaceae,Eustachys,15,814,12352
Poaceae,Exotheca,1,814,12352
Poaceae,Fargesia,50,814,12352
Poaceae,Farrago,1,814,12352
Poaceae,Ferrocalamus,3,814,12352
Poaceae,Festuca,686,814,12352
Poaceae,Festucopsis,1,814,12352
Poaceae,Festulolium,4,814,12352
Poaceae,Festulpia,4,814,12352
Poaceae,Filgueirasia,2,814,12352
Poaceae,Fimbribambusa,4,814,12352
Poaceae,Fingerhuthia,2,814,12352
Poaceae,Froesiochloa,1,814,12352
Poaceae,Gaoligongshania,1,814,12352
Poaceae,Garnotia,29,814,12352
Poaceae,Gastridium,4,814,12352
Poaceae,Gaudinia,5,814,12352
Poaceae,Gelidocalamus,15,814,12352
Poaceae,Geochloa,3,814,12352
Poaceae,Germainia,9,814,12352
Poaceae,Gerritea,1,814,12352
Poaceae,Gigantocalamus,1,814,12352
Poaceae,Gigantochloa,64,814,12352
Poaceae,Gilgiochloa,1,814,12352
Poaceae,Glaziophyton,1,814,12352
Poaceae,Glyceria,48,814,12352
Poaceae,Glyphochloa,13,814,12352
Poaceae,Gouinia,11,814,12352
Poaceae,Graphephorum,4,814,12352
Poaceae,Greeneochloa,3,814,12352
Poaceae,Greslania,2,814,12352
Poaceae,Guadua,33,814,12352
Poaceae,Guaduella,7,814,12352
Poaceae,Gymnopogon,14,814,12352
Poaceae,Gynerium,1,814,12352
Poaceae,Habrochloa,1,814,12352
Poaceae,Hackelochloa,2,814,12352
Poaceae,Hakonechloa,1,814,12352
Poaceae,Halopyrum,1,814,12352
Poaceae,Harpachne,3,814,12352
Poaceae,Harpochloa,2,814,12352
Poaceae,Helictochloa,23,814,12352
Poaceae,Helictotrichon,39,814,12352
Poaceae,Hemarthria,12,814,12352
Poaceae,Hemisorghum,2,814,12352
Poaceae,Henrardia,2,814,12352
Poaceae,Hesperostipa,5,814,12352
Poaceae,Heteranthelium,1,814,12352
Poaceae,Heteranthoecia,1,814,12352
Poaceae,Heteropholis,3,814,12352
Poaceae,Heteropogon,5,814,12352
Poaceae,Hickelia,4,814,12352
Poaceae,Hilaria,10,814,12352
Poaceae,Himalayacalamus,9,814,12352
Poaceae,Hitchcockella,1,814,12352
Poaceae,Holcolemma,3,814,12352
Poaceae,Holcus,14,814,12352
Poaceae,Holttumochloa,4,814,12352
Poaceae,Homolepis,5,814,12352
Poaceae,Homopholis,1,814,12352
Poaceae,Homozeugos,6,814,12352
Poaceae,Hookerochloa,2,814,12352
Poaceae,Hopia,1,814,12352
Poaceae,Hordelymus,1,814,12352
Poaceae,Hordeum,43,814,12352
Poaceae,Hsuehochloa,1,814,12352
Poaceae,Hubbardia,2,814,12352
Poaceae,Hubbardochloa,1,814,12352
Poaceae,Humbertochloa,2,814,12352
Poaceae,Hyalopoa,6,814,12352
Poaceae,Hyalopodium,2,814,12352
Poaceae,Hydrothauma,1,814,12352
Poaceae,Hygrochloa,2,814,12352
Poaceae,Hygroryza,1,814,12352
Poaceae,Hylebates,2,814,12352
Poaceae,Hymenachne,17,814,12352
Poaceae,Hyparrhenia,57,814,12352
Poaceae,Hyperthelia,6,814,12352
Poaceae,Hypseochloa,2,814,12352
Poaceae,Ichnanthus,30,814,12352
Poaceae,Imperata,11,814,12352
Poaceae,Indocalamus,32,814,12352
Poaceae,Indopoa,1,814,12352
Poaceae,Indosasa,18,814,12352
Poaceae,Isachne,105,814,12352
Poaceae,Ischaemum,92,814,12352
Poaceae,Iseilema,26,814,12352
Poaceae,Ixophorus,1,814,12352
Poaceae,Jansenella,2,814,12352
Poaceae,Jarava,9,814,12352
Poaceae,Jouvea,2,814,12352
Poaceae,Kalinia,1,814,12352
Poaceae,Kampochloa,1,814,12352
Poaceae,Kaokochloa,1,814,12352
Poaceae,Kellochloa,2,814,12352
Poaceae,Kengyilia,27,814,12352
Poaceae,Keratochlaena,1,814,12352
Poaceae,Kerriochloa,1,814,12352
Poaceae,Khoonmengia,1,814,12352
Poaceae,Kinabaluchloa,2,814,12352
Poaceae,Koeleria,81,814,12352
Poaceae,Koordersiochloa,2,814,12352
Poaceae,Kuruna,7,814,12352
Poaceae,Lachnagrostis,40,814,12352
Poaceae,Laegaardia,1,814,12352
Poaceae,Lagurus,1,814,12352
Poaceae,Lamarckia,1,814,12352
Poaceae,Laobambos,1,814,12352
Poaceae,Lasiacis,15,814,12352
Poaceae,Lasiorhachis,3,814,12352
Poaceae,Lasiurus,1,814,12352
Poaceae,Lecomtella,1,814,12352
Poaceae,Leersia,18,814,12352
Poaceae,Leptagrostis,1,814,12352
Poaceae,Leptaspis,3,814,12352
Poaceae,Leptocarydion,1,814,12352
Poaceae,Leptochloa,30,814,12352
Poaceae,Lepturidium,1,814,12352
Poaceae,Lepturopetium,2,814,12352
Poaceae,Lepturus,15,814,12352
Poaceae,Leydeum,2,814,12352
Poaceae,Leymostachys,2,814,12352
Poaceae,Leymus,69,814,12352
Poaceae,Limnas,3,814,12352
Poaceae,Limnodea,1,814,12352
Poaceae,Limnopoa,1,814,12352
Poaceae,Lithachne,4,814,12352
Poaceae,Littledalea,4,814,12352
Poaceae,Lolium,40,814,12352
Poaceae,Lombardochloa,1,814,12352
Poaceae,Lophacme,2,814,12352
Poaceae,Lophatherum,2,814,12352
Poaceae,Lophopogon,3,814,12352
Poaceae,Lorenzochloa,1,814,12352
Poaceae,Loudetia,25,814,12352
Poaceae,Loudetiopsis,11,814,12352
Poaceae,Louisiella,3,814,12352
Poaceae,Loxodera,5,814,12352
Poaceae,Luziola,11,814,12352
Poaceae,Lycochloa,1,814,12352
Poaceae,Lygeum,1,814,12352
Poaceae,Maclurochloa,4,814,12352
Poaceae,Maclurolyra,1,814,12352
Poaceae,Macrochloa,2,814,12352
Poaceae,Maltebrunia,4,814,12352
Poaceae,Manisuris,1,814,12352
Poaceae,Mayariochloa,1,814,12352
Poaceae,Megalachne,1,814,12352
Poaceae,Megastachya,2,814,12352
Poaceae,Megathyrsus,2,814,12352
Poaceae,Melanocenchris,3,814,12352
Poaceae,Melica,96,814,12352
Poaceae,Melinis,23,814,12352
Poaceae,Melocalamus,17,814,12352
Poaceae,Melocanna,3,814,12352
Poaceae,Merostachys,56,814,12352
Poaceae,Merxmuellera,7,814,12352
Poaceae,Mesosetum,28,814,12352
Poaceae,Metcalfia,1,814,12352
Poaceae,Mibora,2,814,12352
Poaceae,Micrachne,5,814,12352
Poaceae,Micraira,15,814,12352
Poaceae,Microbriza,2,814,12352
Poaceae,Microcalamus,1,814,12352
Poaceae,Microchloa,6,814,12352
Poaceae,Microlaena,3,814,12352
Poaceae,Microstegium,24,814,12352
Poaceae,Milium,6,814,12352
Poaceae,Miscanthidium,2,814,12352
Poaceae,Miscanthus,17,814,12352
Poaceae,Mnesithea,7,814,12352
Poaceae,Mniochloa,1,814,12352
Poaceae,Molineriella,3,814,12352
Poaceae,Molinia,2,814,12352
Poaceae,Moliniopsis,1,814,12352
Poaceae,Monachather,1,814,12352
Poaceae,Monelytrum,1,814,12352
Poaceae,Monocymbium,3,814,12352
Poaceae,Moorochloa,3,814,12352
Poaceae,Morronea,6,814,12352
Poaceae,Mosdenia,1,814,12352
Poaceae,Muhlenbergia,180,814,12352
Poaceae,Mullerochloa,1,814,12352
Poaceae,Munroa,6,814,12352
Poaceae,Myriocladus,13,814,12352
Poaceae,Myriostachya,1,814,12352
Poaceae,Nanooravia,1,814,12352
Poaceae,Nardus,1,814,12352
Poaceae,Narenga,2,814,12352
Poaceae,Nassella,112,814,12352
Poaceae,Nastus,12,814,12352
Poaceae,Neesiochloa,1,814,12352
Poaceae,Nematopoa,1,814,12352
Poaceae,Neobouteloua,2,814,12352
Poaceae,Neololeba,5,814,12352
Poaceae,Neomicrocalamus,3,814,12352
Poaceae,Neostapfia,1,814,12352
Poaceae,Neostapfiella,3,814,12352
Poaceae,Neotrinia,2,814,12352
Poaceae,Nephelochloa,1,814,12352
Poaceae,Neurachne,9,814,12352
Poaceae,Neyraudia,4,814,12352
Poaceae,Nianhochloa,1,814,12352
Poaceae,Nicoraepoa,7,814,12352
Poaceae,Notochloe,1,814,12352
Poaceae,Ocellochloa,12,814,12352
Poaceae,Ochlandra,10,814,12352
Poaceae,Odyssea,1,814,12352
Poaceae,Oedochloa,8,814,12352
Poaceae,Oldeania,7,814,12352
Poaceae,Oligostachyum,18,814,12352
Poaceae,Olmeca,5,814,12352
Poaceae,Oloptum,2,814,12352
Poaceae,Olyra,25,814,12352
Poaceae,Oncorachis,2,814,12352
Poaceae,Ophiuros,3,814,12352
Poaceae,Oplismenopsis,1,814,12352
Poaceae,Oplismenus,8,814,12352
Poaceae,Orcuttia,5,814,12352
Poaceae,Oreobambos,1,814,12352
Poaceae,Oreochloa,4,814,12352
Poaceae,Oreopoa,1,814,12352
Poaceae,Orinus,3,814,12352
Poaceae,Oropetium,6,814,12352
Poaceae,Ortachne,2,814,12352
Poaceae,Orthacanthus,1,814,12352
Poaceae,Orthoclada,2,814,12352
Poaceae,Orthoraphium,1,814,12352
Poaceae,Oryza,19,814,12352
Poaceae,Oryzidium,1,814,12352
Poaceae,Oryzopsis,5,814,12352
Poaceae,Osvaldoa,1,814,12352
Poaceae,Otachyrium,8,814,12352
Poaceae,Otatea,13,814,12352
Poaceae,Ottochloa,3,814,12352
Poaceae,Oxychloris,1,814,12352
Poaceae,Oxyrhachis,1,814,12352
Poaceae,Oxytenanthera,1,814,12352
Poaceae,Panicum,272,814,12352
Poaceae,Pappagrostis,1,814,12352
Poaceae,Pappophorum,7,814,12352
Poaceae,Pappostipa,30,814,12352
Poaceae,Parabambusa,1,814,12352
Poaceae,Paracolpodium,3,814,12352
Poaceae,Paractaenum,1,814,12352
Poaceae,Parafestuca,1,814,12352
Poaceae,Parahyparrhenia,7,814,12352
Poaceae,Paramochloa,2,814,12352
Poaceae,Parapholis,8,814,12352
Poaceae,Paratheria,2,814,12352
Poaceae,Pariana,36,814,12352
Poaceae,Parianella,2,814,12352
Poaceae,Parodiolyra,4,814,12352
Poaceae,Parodiophyllochloa,6,814,12352
Poaceae,Parvotrisetum,1,814,12352
Poaceae,Paspalum,360,814,12352
Poaceae,Patis,3,814,12352
Poaceae,Patzkea,4,814,12352
Poaceae,Pentameris,84,814,12352
Poaceae,Pentapogon,1,814,12352
Poaceae,Periballia,1,814,12352
Poaceae,Peridictyon,1,814,12352
Poaceae,Perotis,16,814,12352
Poaceae,Perrierbambus,2,814,12352
Poaceae,Peyritschia,31,814,12352
Poaceae,Phacelurus,7,814,12352
Poaceae,Phaenanthoecium,1,814,12352
Poaceae,Phaenosperma,2,814,12352
Poaceae,Phalaris,20,814,12352
Poaceae,Pharus,7,814,12352
Poaceae,Pheidochloa,2,814,12352
Poaceae,Phippsia,3,814,12352
Poaceae,Phleum,17,814,12352
Poaceae,Pholiurus,1,814,12352
Poaceae,Phragmites,4,814,12352
Poaceae,Phuphanochloa,1,814,12352
Poaceae,Phyllorachis,1,814,12352
Poaceae,Phyllosasa,2,814,12352
Poaceae,Phyllostachys,62,814,12352
Poaceae,Pinga,1,814,12352
Poaceae,Piptatheropsis,5,814,12352
Poaceae,Piptatherum,31,814,12352
Poaceae,Piptochaetium,36,814,12352
Poaceae,Piptophyllum,1,814,12352
Poaceae,Piresia,6,814,12352
Poaceae,Piresiella,1,814,12352
Poaceae,Plagiantha,1,814,12352
Poaceae,Plagiosetum,1,814,12352
Poaceae,Pleioblastus,26,814,12352
Poaceae,Pleuropogon,6,814,12352
Poaceae,Plinthanthesis,3,814,12352
Poaceae,Poa,617,814,12352
Poaceae,Podagrostis,10,814,12352
Poaceae,Poecilostachys,15,814,12352
Poaceae,Pogonachne,1,814,12352
Poaceae,Pogonarthria,4,814,12352
Poaceae,Pogonatherum,4,814,12352
Poaceae,Pogonochloa,1,814,12352
Poaceae,Pogononeura,1,814,12352
Poaceae,Pohlidium,1,814,12352
Poaceae,Poidium,7,814,12352
Poaceae,Polevansia,1,814,12352
Poaceae,Polypogon,24,814,12352
Poaceae,Polytoca,11,814,12352
Poaceae,Polytrias,1,814,12352
Poaceae,Pommereulla,1,814,12352
Poaceae,Potamophila,1,814,12352
Poaceae,Pratochloa,1,814,12352
Poaceae,Prosphytochloa,1,814,12352
Poaceae,Psammochloa,1,814,12352
Poaceae,Psathyrostachys,10,814,12352
Poaceae,Pseudanthistiria,2,814,12352
Poaceae,Pseudechinolaena,6,814,12352
Poaceae,Pseudobambusa,1,814,12352
Poaceae,Pseudobromus,6,814,12352
Poaceae,Pseudodanthonia,1,814,12352
Poaceae,Pseudodichanthium,1,814,12352
Poaceae,Pseudoeriocoma,6,814,12352
Poaceae,Pseudolasiacis,3,814,12352
Poaceae,Pseudopentameris,4,814,12352
Poaceae,Pseudophleum,2,814,12352
Poaceae,Pseudopogonatherum,6,814,12352
Poaceae,Pseudoraphis,7,814,12352
Poaceae,Pseudoroegneria,16,814,12352
Poaceae,Pseudosasa,24,814,12352
Poaceae,Pseudosorghum,2,814,12352
Poaceae,Pseudostachyum,1,814,12352
Poaceae,Pseudoxytenanthera,5,814,12352
Poaceae,Pseudozoysia,1,814,12352
Poaceae,Psilathera,1,814,12352
Poaceae,Psilolemma,1,814,12352
Poaceae,Ptilagrostiella,1,814,12352
Poaceae,Ptilagrostis,14,814,12352
Poaceae,Puccinellia,120,814,12352
Poaceae,Pucciphippsia,2,814,12352
Poaceae,Puelia,5,814,12352
Poaceae,Racemobambos,19,814,12352
Poaceae,Raddia,11,814,12352
Poaceae,Raddiella,8,814,12352
Poaceae,Ratzeburgia,1,814,12352
Poaceae,Ravenochloa,1,814,12352
Poaceae,Rehia,1,814,12352
Poaceae,Reitzia,1,814,12352
Poaceae,Relchela,1,814,12352
Poaceae,Renvoizea,10,814,12352
Poaceae,Reynaudia,1,814,12352
Poaceae,Rheochloa,1,814,12352
Poaceae,Rhipidocladum,20,814,12352
Poaceae,Rhizocephalus,1,814,12352
Poaceae,Rhombolytrum,2,814,12352
Poaceae,Rhynchoryza,1,814,12352
Poaceae,Rhytachne,12,814,12352
Poaceae,Richardsiella,1,814,12352
Poaceae,Rostraria,13,814,12352
Poaceae,Rottboellia,24,814,12352
Poaceae,Rugoloa,3,814,12352
Poaceae,Ruhooglandia,1,814,12352
Poaceae,Rupichloa,2,814,12352
Poaceae,Rytidosperma,74,814,12352
Poaceae,Saccharum,19,814,12352
Poaceae,Sacciolepis,26,814,12352
Poaceae,Sarga,9,814,12352
Poaceae,Sarocalamus,6,814,12352
Poaceae,Sartidia,6,814,12352
Poaceae,Sasa,42,814,12352
Poaceae,Sasaella,11,814,12352
Poaceae,Sasamorpha,5,814,12352
Poaceae,Saxipoa,1,814,12352
Poaceae,Schenckochloa,1,814,12352
Poaceae,Schismus,5,814,12352
Poaceae,Schizachne,1,814,12352
Poaceae,Schizachyrium,60,814,12352
Poaceae,Schizostachyum,75,814,12352
Poaceae,Schmidiella,1,814,12352
Poaceae,Schmidtia,3,814,12352
Poaceae,Schoenefeldia,1,814,12352
Poaceae,Schoenefeldiella,1,814,12352
Poaceae,Sclerochloa,3,814,12352
Poaceae,Sclerodactylon,1,814,12352
Poaceae,Scleropogon,1,814,12352
Poaceae,Scolochloa,1,814,12352
Poaceae,Scrotochloa,2,814,12352
Poaceae,Scutachne,1,814,12352
Poaceae,Secale,9,814,12352
Poaceae,Sehima,6,814,12352
Poaceae,Semiarundinaria,7,814,12352
Poaceae,Sesleria,37,814,12352
Poaceae,Sesleriella,1,814,12352
Poaceae,Setaria,140,814,12352
Poaceae,Setariopsis,2,814,12352
Poaceae,Shibataea,7,814,12352
Poaceae,Sibirotrisetum,6,814,12352
Poaceae,Silentvalleya,2,814,12352
Poaceae,Simplicia,3,814,12352
Poaceae,Sinobambusa,14,814,12352
Poaceae,Sinochasea,1,814,12352
Poaceae,Sinosasa,7,814,12352
Poaceae,Sirochloa,1,814,12352
Poaceae,Snowdenia,4,814,12352
Poaceae,Soejatmia,1,814,12352
Poaceae,Sohnsia,1,814,12352
Poaceae,Sokinochloa,7,814,12352
Poaceae,Sorghastrum,22,814,12352
Poaceae,Sorghum,20,814,12352
Poaceae,Spartochloa,1,814,12352
Poaceae,Spathia,1,814,12352
Poaceae,Sphaerobambos,3,814,12352
Poaceae,Sphaerocaryum,1,814,12352
Poaceae,Spheneria,1,814,12352
Poaceae,Sphenopholis,7,814,12352
Poaceae,Sphenopus,2,814,12352
Poaceae,Spinifex,5,814,12352
Poaceae,Spodiopogon,15,814,12352
Poaceae,Sporobolus,226,814,12352
Poaceae,Stapfochloa,8,814,12352
Poaceae,Stapletonia,3,814,12352
Poaceae,Steinchisma,7,814,12352
Poaceae,Steirachne,2,814,12352
Poaceae,Stenostachys,4,814,12352
Poaceae,Stenotaphrum,8,814,12352
Poaceae,Stephanachne,1,814,12352
Poaceae,Stephostachys,1,814,12352
Poaceae,Stereochlaena,4,814,12352
Poaceae,Steyermarkochloa,1,814,12352
Poaceae,Stiburus,2,814,12352
Poaceae,Stipa,178,814,12352
Poaceae,Stipagrostis,56,814,12352
Poaceae,Stipellula,2,814,12352
Poaceae,Streptochaeta,3,814,12352
Poaceae,Streptogyna,2,814,12352
Poaceae,Streptolophus,1,814,12352
Poaceae,Streptostachys,2,814,12352
Poaceae,Styppeiochloa,3,814,12352
Poaceae,Suddia,1,814,12352
Poaceae,Swallenia,1,814,12352
Poaceae,Sylvipoa,1,814,12352
Poaceae,Taeniatherum,1,814,12352
Poaceae,Taeniorhachis,1,814,12352
Poaceae,Taquara,2,814,12352
Poaceae,Tarigidia,2,814,12352
Poaceae,Tatianyx,1,814,12352
Poaceae,Temburongia,1,814,12352
Poaceae,Temochloa,1,814,12352
Poaceae,Tenaxia,8,814,12352
Poaceae,Tetrachaete,1,814,12352
Poaceae,Tetrachne,1,814,12352
Poaceae,Tetrapogon,10,814,12352
Poaceae,Tetrarrhena,6,814,12352
Poaceae,Thamnocalamus,4,814,12352
Poaceae,Thaumastochloa,9,814,12352
Poaceae,Thedachloa,1,814,12352
Poaceae,Thelepogon,1,814,12352
Poaceae,Themeda,30,814,12352
Poaceae,Thinoelymus,4,814,12352
Poaceae,Thinopyrum,16,814,12352
Poaceae,Thorneochloa,1,814,12352
Poaceae,Thuarea,2,814,12352
Poaceae,Thyridachne,1,814,12352
Poaceae,Thyridolepis,3,814,12352
Poaceae,Thyrsia,3,814,12352
Poaceae,Thyrsocalamus,1,814,12352
Poaceae,Thyrsostachys,2,814,12352
Poaceae,Thysanolaena,1,814,12352
Poaceae,Tibisia,3,814,12352
Poaceae,Timouria,1,814,12352
Poaceae,Tongpeia,3,814,12352
Poaceae,Torreyochloa,4,814,12352
Poaceae,Trachypogon,5,814,12352
Poaceae,Trachys,4,814,12352
Poaceae,Tragus,7,814,12352
Poaceae,Tribolium,16,814,12352
Poaceae,Trichanthecium,39,814,12352
Poaceae,Tricholaena,5,814,12352
Poaceae,Tricholemma,2,814,12352
Poaceae,Trichoneura,9,814,12352
Poaceae,Trichopteryx,5,814,12352
Poaceae,Tridens,15,814,12352
Poaceae,Tridentopsis,2,814,12352
Poaceae,Trigonochloa,2,814,12352
Poaceae,Trikeraia,2,814,12352
Poaceae,Trilobachne,1,814,12352
Poaceae,Triniochloa,6,814,12352
Poaceae,Triodia,84,814,12352
Poaceae,Tripidium,7,814,12352
Poaceae,Triplachne,1,814,12352
Poaceae,Triplasiella,1,814,12352
Poaceae,Triplasis,2,814,12352
Poaceae,Triplopogon,1,814,12352
Poaceae,Tripogon,36,814,12352
Poaceae,Tripogonella,3,814,12352
Poaceae,Tripsacum,14,814,12352
Poaceae,Triraphis,8,814,12352
Poaceae,Triscenia,1,814,12352
Poaceae,Trisetaria,16,814,12352
Poaceae,Trisetokoeleria,1,814,12352
Poaceae,Trisetopsis,25,814,12352
Poaceae,Trisetopsotrichon,1,814,12352
Poaceae,Trisetum,26,814,12352
Poaceae,Tristachya,22,814,12352
Poaceae,Triticale,1,814,12352
Poaceae,Triticosecale,1,814,12352
Poaceae,Triticum,8,814,12352
Poaceae,Tuctoria,3,814,12352
Poaceae,Tzveleviochloa,4,814,12352
Poaceae,Uniola,5,814,12352
Poaceae,Uranthoecium,1,814,12352
Poaceae,Urelytrum,8,814,12352
Poaceae,Urochloa,89,814,12352
Poaceae,Urochondra,1,814,12352
Poaceae,Vahlodea,1,814,12352
Poaceae,Valiha,2,814,12352
Poaceae,Vaseyochloa,1,814,12352
Poaceae,Veldkampia,1,814,12352
Poaceae,Ventenata,8,814,12352
Poaceae,Vietnamocalamus,1,814,12352
Poaceae,Vietnamochloa,1,814,12352
Poaceae,Vietnamosasa,3,814,12352
Poaceae,Viguierella,1,814,12352
Poaceae,Vossia,1,814,12352
Poaceae,Vulpiella,1,814,12352
Poaceae,Walwhalleya,4,814,12352
Poaceae,Wangenheimia,1,814,12352
Poaceae,Whiteochloa,6,814,12352
Poaceae,Widjajachloa,1,814,12352
Poaceae,Willkommia,4,814,12352
Poaceae,Xerochloa,3,814,12352
Poaceae,Yersinochloa,1,814,12352
Poaceae,Yushania,88,814,12352
Poaceae,Yvesia,1,814,12352
Poaceae,Zaqiqah,1,814,12352
Poaceae,Zea,6,814,12352
Poaceae,Zenkeria,5,814,12352
Poaceae,Zeugites,11,814,12352
Poaceae,Zizania,4,814,12352
Poaceae,Zizaniopsis,6,814,12352
Poaceae,Zonotriche,3,814,12352
Poaceae,Zotovia,3,814,12352
Poaceae,Zoysia,10,814,12352
Poaceae,Zuloagaea,1,814,12352
Poaceae,Zygochloa,1,814,12352
Podocarpaceae,Acmopyle,2,20,193
Podocarpaceae,Afrocarpus,5,20,193
Podocarpaceae,Dacrycarpus,9,20,193
Podocarpaceae,Dacrydium,24,20,193
Podocarpaceae,Falcatifolium,7,20,193
Podocarpaceae,Halocarpus,3,20,193
Podocarpaceae,Lagarostrobos,1,20,193
Podocarpaceae,Lepidothamnus,3,20,193
Podocarpaceae,Manoao,1,20,193
Podocarpaceae,Microcachrys,1,20,193
Podocarpaceae,Nageia,7,20,193
Podocarpaceae,Parasitaxus,2,20,193
Podocarpaceae,Pectinopitys,6,20,193
Podocarpaceae,Pherosphaera,2,20,193
Podocarpaceae,Phyllocladus,4,20,193
Podocarpaceae,Podocarpus,105,20,193
Podocarpaceae,Prumnopitys,3,20,193
Podocarpaceae,Retrophyllum,6,20,193
Podocarpaceae,Saxegothaea,1,20,193
Podocarpaceae,Sundacarpus,1,20,193
Polemoniaceae,Acanthogilia,1,27,432
Polemoniaceae,Aliciella,23,27,432
Polemoniaceae,Allophyllum,5,27,432
Polemoniaceae,Bonplandia,2,27,432
Polemoniaceae,Bryantiella,1,27,432
Polemoniaceae,Cantua,18,27,432
Polemoniaceae,Cobaea,17,27,432
Polemoniaceae,Collomia,15,27,432
Polemoniaceae,Dayia,5,27,432
Polemoniaceae,Eriastrum,18,27,432
Polemoniaceae,Gilia,40,27,432
Polemoniaceae,Giliastrum,10,27,432
Polemoniaceae,Gymnosteris,2,27,432
Polemoniaceae,Ipomopsis,28,27,432
Polemoniaceae,Langloisia,2,27,432
Polemoniaceae,Lathrocasis,1,27,432
Polemoniaceae,Leptosiphon,34,27,432
Polemoniaceae,Linanthus,26,27,432
Polemoniaceae,Loeselia,15,27,432
Polemoniaceae,Loeseliastrum,4,27,432
Polemoniaceae,Maculigilia,1,27,432
Polemoniaceae,Microgilia,1,27,432
Polemoniaceae,Microsteris,1,27,432
Polemoniaceae,Navarretia,46,27,432
Polemoniaceae,Phlox,72,27,432
Polemoniaceae,Polemonium,41,27,432
Polemoniaceae,Saltugilia,3,27,432
Polygalaceae,Acanthocladus,10,28,1333
Polygalaceae,Ancylotropis,2,28,1333
Polygalaceae,Asemeia,29,28,1333
Polygalaceae,Atroxima,2,28,1333
Polygalaceae,Badiera,8,28,1333
Polygalaceae,Barnhartia,1,28,1333
Polygalaceae,Bredemeyera,21,28,1333
Polygalaceae,Caamembeca,13,28,1333
Polygalaceae,Carpolobia,5,28,1333
Polygalaceae,Comesperma,33,28,1333
Polygalaceae,Diclidanthera,6,28,1333
Polygalaceae,Epirixanthes,7,28,1333
Polygalaceae,Eriandra,1,28,1333
Polygalaceae,Gymnospora,2,28,1333
Polygalaceae,Hebecarpa,19,28,1333
Polygalaceae,Heterosamara,5,28,1333
Polygalaceae,Hualania,1,28,1333
Polygalaceae,Monnina,168,28,1333
Polygalaceae,Monrosia,1,28,1333
Polygalaceae,Moutabea,10,28,1333
Polygalaceae,Muraltia,120,28,1333
Polygalaceae,Phlebotaenia,1,28,1333
Polygalaceae,Polygala,673,28,1333
Polygalaceae,Polygaloides,6,28,1333
Polygalaceae,Rhinotropis,17,28,1333
Polygalaceae,Salomonia,5,28,1333
Polygalaceae,Securidaca,58,28,1333
Polygalaceae,Xanthophyllum,109,28,1333
Polygonaceae,Acanthoscyphus,1,57,1382
Polygonaceae,Afrobrunnichia,2,57,1382
Polygonaceae,Antigonon,3,57,1382
Polygonaceae,Aristocapsa,1,57,1382
Polygonaceae,Atraphaxis,32,57,1382
Polygonaceae,Bistorta,1,57,1382
Polygonaceae,Brunnichia,1,57,1382
Polygonaceae,Calligonum,158,57,1382
Polygonaceae,Centrostegia,1,57,1382
Polygonaceae,Chorizanthe,64,57,1382
Polygonaceae,Coccoloba,178,57,1382
Polygonaceae,Dedeckera,1,57,1382
Polygonaceae,Delopyrum,1,57,1382
Polygonaceae,Dodecahema,1,57,1382
Polygonaceae,Duma,3,57,1382
Polygonaceae,Emex,2,57,1382
Polygonaceae,Eriogonum,255,57,1382
Polygonaceae,Fagopyrum,26,57,1382
Polygonaceae,Fallopia,16,57,1382
Polygonaceae,Gilmania,1,57,1382
Polygonaceae,Goodmania,1,57,1382
Polygonaceae,Gymnopodium,2,57,1382
Polygonaceae,Harfordia,1,57,1382
Polygonaceae,Harpagocarpus,1,57,1382
Polygonaceae,Hollisteria,1,57,1382
Polygonaceae,Johanneshowellia,2,57,1382
Polygonaceae,Knorringia,1,57,1382
Polygonaceae,Koenigia,1,57,1382
Polygonaceae,Lastarriaea,2,57,1382
Polygonaceae,Magoniella,3,57,1382
Polygonaceae,Millspaughia,1,57,1382
Polygonaceae,Mucronea,2,57,1382
Polygonaceae,Muehlenbeckia,12,57,1382
Polygonaceae,Nemacaulis,1,57,1382
Polygonaceae,Neomillspaughia,2,57,1382
Polygonaceae,Oxygonum,24,57,1382
Polygonaceae,Oxyria,2,57,1382
Polygonaceae,Oxytheca,3,57,1382
Polygonaceae,Parapteropyrum,1,57,1382
Polygonaceae,Persepolium,5,57,1382
Polygonaceae,Persicaria,65,57,1382
Polygonaceae,Podopterus,3,57,1382
Polygonaceae,Polygonella,11,57,1382
Polygonaceae,Polygonum,218,57,1382
Polygonaceae,Pteropyrum,2,57,1382
Polygonaceae,Pterostegia,1,57,1382
Polygonaceae,Pteroxygonum,1,57,1382
Polygonaceae,Reynoutria,7,57,1382
Polygonaceae,Rheum,44,57,1382
Polygonaceae,Rumex,152,57,1382
Polygonaceae,Ruprechtia,35,57,1382
Polygonaceae,Salta,1,57,1382
Polygonaceae,Sidotheca,3,57,1382
Polygonaceae,Stenogonum,2,57,1382
Polygonaceae,Symmeria,1,57,1382
Polygonaceae,Systenotheca,1,57,1382
Polygonaceae,Triplaris,19,57,1382
Polypodiaceae,Acrosorus,9,68,1815
Polypodiaceae,Adenophorus,13,68,1815
Polypodiaceae,Adetogramma,1,68,1815
Polypodiaceae,Aenigmatogrammitis,2,68,1815
Polypodiaceae,Alansmia,24,68,1815
Polypodiaceae,Archigrammitis,7,68,1815
Polypodiaceae,Ascogrammitis,18,68,1815
Polypodiaceae,Boonkerdia,3,68,1815
Polypodiaceae,Bosmania,3,68,1815
Polypodiaceae,Calligrammitis,2,68,1815
Polypodiaceae,Calymmodon,61,68,1815
Polypodiaceae,Campyloneurum,66,68,1815
Polypodiaceae,Ceradenia,77,68,1815
Polypodiaceae,Chrysogrammitis,2,68,1815
Polypodiaceae,Cochlidium,17,68,1815
Polypodiaceae,Ctenopterella,10,68,1815
Polypodiaceae,Dasygrammitis,8,68,1815
Polypodiaceae,Devolia,1,68,1815
Polypodiaceae,Dictymia,2,68,1815
Polypodiaceae,Drynaria,37,68,1815
Polypodiaceae,Enterosora,28,68,1815
Polypodiaceae,Galactodenia,5,68,1815
Polypodiaceae,Glabrigrammitis,4,68,1815
Polypodiaceae,Goniophlebium,34,68,1815
Polypodiaceae,Grammitastrum,1,68,1815
Polypodiaceae,Grammitis,39,68,1815
Polypodiaceae,Hovenkampia,3,68,1815
Polypodiaceae,Howeogrammitis,1,68,1815
Polypodiaceae,Lecanopteris,24,68,1815
Polypodiaceae,Lellingeria,52,68,1815
Polypodiaceae,Lepisorus,95,68,1815
Polypodiaceae,Leptochilus,55,68,1815
Polypodiaceae,Leucotrichum,6,68,1815
Polypodiaceae,Lomaphlebia,1,68,1815
Polypodiaceae,Loxogramme,40,68,1815
Polypodiaceae,Luisma,1,68,1815
Polypodiaceae,Melpomene,30,68,1815
Polypodiaceae,Microgramma,34,68,1815
Polypodiaceae,Micropolypodium,3,68,1815
Polypodiaceae,Microsorum,44,68,1815
Polypodiaceae,Moranopteris,33,68,1815
Polypodiaceae,Mycopteris,18,68,1815
Polypodiaceae,Nanogrammitis,7,68,1815
Polypodiaceae,Niphidium,11,68,1815
Polypodiaceae,Notogrammitis,12,68,1815
Polypodiaceae,Oreogrammitis,190,68,1815
Polypodiaceae,Oxygrammitis,2,68,1815
Polypodiaceae,Parrisia,2,68,1815
Polypodiaceae,Pecluma,51,68,1815
Polypodiaceae,Phlebodium,6,68,1815
Polypodiaceae,Platycerium,20,68,1815
Polypodiaceae,Pleopeltis,109,68,1815
Polypodiaceae,Pleurosoriopsis,1,68,1815
Polypodiaceae,Podosorus,1,68,1815
Polypodiaceae,Polypodium,60,68,1815
Polypodiaceae,Prosaptia,72,68,1815
Polypodiaceae,Pyrrosia,67,68,1815
Polypodiaceae,Rouhania,7,68,1815
Polypodiaceae,Scleroglossum,10,68,1815
Polypodiaceae,Selliguea,130,68,1815
Polypodiaceae,Serpocaulon,43,68,1815
Polypodiaceae,Stenogrammitis,26,68,1815
Polypodiaceae,Synammia,3,68,1815
Polypodiaceae,Terpsichore,16,68,1815
Polypodiaceae,Thalassogrammitis,1,68,1815
Polypodiaceae,Thylacopteris,3,68,1815
Polypodiaceae,Tomophyllum,37,68,1815
Polypodiaceae,Xiphopterella,14,68,1815
Polytrichaceae,Alophosia,1,17,203
Polytrichaceae,Atrichopsis,16,17,203
Polytrichaceae,Atrichum,18,17,203
Polytrichaceae,Bartramiopsis,1,17,203
Polytrichaceae,Dawsonia,10,17,203
Polytrichaceae,Delongia,3,17,203
Polytrichaceae,Dendroligotrichum,3,17,203
Polytrichaceae,Hebantia,1,17,203
Polytrichaceae,Itatiella,6,17,203
Polytrichaceae,Lyellia,4,17,203
Polytrichaceae,Oligotrichum,17,17,203
Polytrichaceae,Pogonatum,57,17,203
Polytrichaceae,Polytrichadelphus,12,17,203
Polytrichaceae,Polytrichastrum,10,17,203
Polytrichaceae,Polytrichum,39,17,203
Polytrichaceae,Psilopilum,4,17,203
Polytrichaceae,Steereobryon,1,17,203
Pontederiaceae,Heteranthera,20,2,47
Pontederiaceae,Pontederia,27,2,47
Porellaceae,Ascidiota,1,2,90
Porellaceae,Porella,89,2,90
Portulacaceae,Dendroportulaca,1,5,113
Portulacaceae,Mona,1,5,113
Portulacaceae,Neopaxia,1,5,113
Portulacaceae,Portulaca,109,5,113
Portulacaceae,Spraguea,1,5,113
Potamogetonaceae,Althenia,10,5,201
Potamogetonaceae,Groenlandia,1,5,201
Potamogetonaceae,Potamogeton,174,5,201
Potamogetonaceae,Stuckenia,10,5,201
Potamogetonaceae,Zannichellia,6,5,201
Pottiaceae,Acaulon,23,104,1267
Pottiaceae,Acaulonopsis,2,104,1267
Pottiaceae,Algaria,2,104,1267
Pottiaceae,Aloina,17,104,1267
Pottiaceae,Aloinella,6,104,1267
Pottiaceae,Anaschisma,4,104,1267
Pottiaceae,Anoectangium,35,104,1267
Pottiaceae,Aschisma,3,104,1267
Pottiaceae,Astomum,3,104,1267
Pottiaceae,Austrobarbula,2,104,1267
Pottiaceae,Barbula,101,104,1267
Pottiaceae,Barbulastrum,1,104,1267
Pottiaceae,Bellibarbula,2,104,1267
Pottiaceae,Bryoceuthospora,2,104,1267
Pottiaceae,Bryoerythrophyllum,31,104,1267
Pottiaceae,Bulbibarbula,1,104,1267
Pottiaceae,Calymperastrum,1,104,1267
Pottiaceae,Chenia,5,104,1267
Pottiaceae,Chionoloma,24,104,1267
Pottiaceae,Cinclidotus,12,104,1267
Pottiaceae,Crossidium,14,104,1267
Pottiaceae,Crumia,1,104,1267
Pottiaceae,Dialytrichia,2,104,1267
Pottiaceae,Didymodon,96,104,1267
Pottiaceae,Dolotortula,1,104,1267
Pottiaceae,Entosthymenium,1,104,1267
Pottiaceae,Eobryum,1,104,1267
Pottiaceae,Ephemerum,29,104,1267
Pottiaceae,Erythrophyllopsis,3,104,1267
Pottiaceae,Eucladium,1,104,1267
Pottiaceae,Ganguleea,1,104,1267
Pottiaceae,Geheebia,12,104,1267
Pottiaceae,Gertrudiella,17,104,1267
Pottiaceae,Globulinella,3,104,1267
Pottiaceae,Guerramontesia,1,104,1267
Pottiaceae,Gymnobarbula,1,104,1267
Pottiaceae,Gymnostomiella,4,104,1267
Pottiaceae,Gymnostomum,19,104,1267
Pottiaceae,Gyroweisia,7,104,1267
Pottiaceae,Helicobarbula,1,104,1267
Pottiaceae,Hennediella,16,104,1267
Pottiaceae,Hilpertia,2,104,1267
Pottiaceae,Husnotiella,11,104,1267
Pottiaceae,Hydrogonium,26,104,1267
Pottiaceae,Hymenostomum,7,104,1267
Pottiaceae,Hymenostyliella,2,104,1267
Pottiaceae,Hymenostylium,16,104,1267
Pottiaceae,Hyophila,39,104,1267
Pottiaceae,Hyophiladelphus,1,104,1267
Pottiaceae,Indopottia,2,104,1267
Pottiaceae,Koponobryum,2,104,1267
Pottiaceae,Leptobarbula,1,104,1267
Pottiaceae,Leptodontiella,1,104,1267
Pottiaceae,Leptodontium,34,104,1267
Pottiaceae,Ludorugbya,1,104,1267
Pottiaceae,Merceyopsis,2,104,1267
Pottiaceae,Microbryum,15,104,1267
Pottiaceae,Mironia,4,104,1267
Pottiaceae,Molendoa,10,104,1267
Pottiaceae,Nanomitriopsis,1,104,1267
Pottiaceae,Neophoenix,1,104,1267
Pottiaceae,Ozobryum,2,104,1267
Pottiaceae,Pachylomidium,2,104,1267
Pottiaceae,Pachyneuropsis,2,104,1267
Pottiaceae,Pararhexophyllum,1,104,1267
Pottiaceae,Phascopsis,1,104,1267
Pottiaceae,Phascum,5,104,1267
Pottiaceae,Picobryum,1,104,1267
Pottiaceae,Plaubelia,6,104,1267
Pottiaceae,Pleurochaete,3,104,1267
Pottiaceae,Pottia,10,104,1267
Pottiaceae,Pottiopsis,2,104,1267
Pottiaceae,Pseudocrossidium,20,104,1267
Pottiaceae,Pterygoneurum,11,104,1267
Pottiaceae,Reimersia,2,104,1267
Pottiaceae,Rhexophyllum,1,104,1267
Pottiaceae,Saitobryum,2,104,1267
Pottiaceae,Scopelophila,3,104,1267
Pottiaceae,Splachnobryum,10,104,1267
Pottiaceae,Stegonia,2,104,1267
Pottiaceae,Stonea,1,104,1267
Pottiaceae,Streblotrichum,5,104,1267
Pottiaceae,Streptocalypta,4,104,1267
Pottiaceae,Streptotrichum,1,104,1267
Pottiaceae,Syntrichia,101,104,1267
Pottiaceae,Syntrichiadelphus,1,104,1267
Pottiaceae,Tainoa,5,104,1267
Pottiaceae,Tetracoscinodon,1,104,1267
Pottiaceae,Tetrapterum,8,104,1267
Pottiaceae,Tortella,50,104,1267
Pottiaceae,Tortula,105,104,1267
Pottiaceae,Trachycarpidium,5,104,1267
Pottiaceae,Trachyodontium,1,104,1267
Pottiaceae,Trichostomopsis,8,104,1267
Pottiaceae,Trichostomum,80,104,1267
Pottiaceae,Tridontium,4,104,1267
Pottiaceae,Triquetrella,8,104,1267
Pottiaceae,Tuerckheimia,3,104,1267
Pottiaceae,Uleobryum,3,104,1267
Pottiaceae,Vinealobryum,9,104,1267
Pottiaceae,Vrolijkheidia,1,104,1267
Pottiaceae,Weisiopsis,6,104,1267
Pottiaceae,Weissia,84,104,1267
Pottiaceae,Zanderella,1,104,1267
Primulaceae,Aegiceras,2,57,3397
Primulaceae,Amblyanthopsis,4,57,3397
Primulaceae,Amblyanthus,5,57,3397
Primulaceae,Androsace,183,57,3397
Primulaceae,Antistrophe,6,57,3397
Primulaceae,Ardisia,741,57,3397
Primulaceae,Ardisiandra,3,57,3397
Primulaceae,Badula,18,57,3397
Primulaceae,Bonellia,29,57,3397
Primulaceae,Bryocarpum,1,57,3397
Primulaceae,Clavija,56,57,3397
Primulaceae,Conandrium,2,57,3397
Primulaceae,Coris,1,57,3397
Primulaceae,Ctenardisia,5,57,3397
Primulaceae,Cybianthus,158,57,3397
Primulaceae,Cyclamen,25,57,3397
Primulaceae,Deherainia,2,57,3397
Primulaceae,Dionysia,67,57,3397
Primulaceae,Discocalyx,56,57,3397
Primulaceae,Elingamita,1,57,3397
Primulaceae,Embelia,140,57,3397
Primulaceae,Emblemantha,1,57,3397
Primulaceae,Evotrochis,7,57,3397
Primulaceae,Fittingia,9,57,3397
Primulaceae,Geissanthus,52,57,3397
Primulaceae,Heberdenia,1,57,3397
Primulaceae,Hottonia,2,57,3397
Primulaceae,Hymenandra,16,57,3397
Primulaceae,Jacquinia,21,57,3397
Primulaceae,Kaufmannia,1,57,3397
Primulaceae,Labisia,7,57,3397
Primulaceae,Loheria,6,57,3397
Primulaceae,Lysimachia,284,57,3397
Primulaceae,Maesa,185,57,3397
Primulaceae,Mangenotiella,1,57,3397
Primulaceae,Monoporus,6,57,3397
Primulaceae,Myrsine,284,57,3397
Primulaceae,Neomezia,1,57,3397
Primulaceae,Omphalogramma,12,57,3397
Primulaceae,Oncostemum,103,57,3397
Primulaceae,Paralysimachia,1,57,3397
Primulaceae,Parathesis,110,57,3397
Primulaceae,Pleiomeris,1,57,3397
Primulaceae,Pomatosace,1,57,3397
Primulaceae,Primula,582,57,3397
Primulaceae,Sadiria,7,57,3397
Primulaceae,Samolus,14,57,3397
Primulaceae,Soldanella,27,57,3397
Primulaceae,Solonia,1,57,3397
Primulaceae,Stimpsonia,2,57,3397
Primulaceae,Stylogyne,35,57,3397
Primulaceae,Systellantha,3,57,3397
Primulaceae,Tapeinosperma,76,57,3397
Primulaceae,Theophrasta,2,57,3397
Primulaceae,Vegaea,1,57,3397
Primulaceae,Votschia,1,57,3397
Primulaceae,Wallenia,29,57,3397
Proteaceae,Acidonia,1,81,1855
Proteaceae,Adenanthos,36,81,1855
Proteaceae,Agastachys,1,81,1855
Proteaceae,Alloxylon,4,81,1855
Proteaceae,Athertonia,1,81,1855
Proteaceae,Aulax,3,81,1855
Proteaceae,Austromuellera,2,81,1855
Proteaceae,Banksia,180,81,1855
Proteaceae,Beauprea,13,81,1855
Proteaceae,Beaupreopsis,1,81,1855
Proteaceae,Bellendena,1,81,1855
Proteaceae,Bleasdalea,2,81,1855
Proteaceae,Brabejum,1,81,1855
Proteaceae,Buckinghamia,2,81,1855
Proteaceae,Cardwellia,1,81,1855
Proteaceae,Carnarvonia,1,81,1855
Proteaceae,Catalepidia,1,81,1855
Proteaceae,Cenarrhenes,1,81,1855
Proteaceae,Conospermum,53,81,1855
Proteaceae,Darlingia,2,81,1855
Proteaceae,Diastella,7,81,1855
Proteaceae,Dilobeia,2,81,1855
Proteaceae,Eidothea,2,81,1855
Proteaceae,Embothrium,2,81,1855
Proteaceae,Euplassa,20,81,1855
Proteaceae,Faurea,15,81,1855
Proteaceae,Finschia,4,81,1855
Proteaceae,Floydia,1,81,1855
Proteaceae,Franklandia,2,81,1855
Proteaceae,Garnieria,1,81,1855
Proteaceae,Gevuina,1,81,1855
Proteaceae,Grevillea,377,81,1855
Proteaceae,Hakea,153,81,1855
Proteaceae,Helicia,111,81,1855
Proteaceae,Heliciopsis,14,81,1855
Proteaceae,Hicksbeachia,2,81,1855
Proteaceae,Hollandaea,4,81,1855
Proteaceae,Isopogon,37,81,1855
Proteaceae,Kermadecia,4,81,1855
Proteaceae,Knightia,3,81,1855
Proteaceae,Lambertia,11,81,1855
Proteaceae,Lasjia,5,81,1855
Proteaceae,Leucadendron,84,81,1855
Proteaceae,Leucospermum,48,81,1855
Proteaceae,Lomatia,11,81,1855
Proteaceae,Macadamia,4,81,1855
Proteaceae,Malagasia,1,81,1855
Proteaceae,Megahertzia,1,81,1855
Proteaceae,Mimetes,20,81,1855
Proteaceae,Musgravea,2,81,1855
Proteaceae,Neorites,1,81,1855
Proteaceae,Nothorites,1,81,1855
Proteaceae,Opisthiolepis,1,81,1855
Proteaceae,Oreocallis,1,81,1855
Proteaceae,Orites,8,81,1855
Proteaceae,Orothamnus,1,81,1855
Proteaceae,Panopsis,25,81,1855
Proteaceae,Paranomus,18,81,1855
Proteaceae,Persoonia,102,81,1855
Proteaceae,Petrophile,63,81,1855
Proteaceae,Placospermum,1,81,1855
Proteaceae,Protea,110,81,1855
Proteaceae,Pycnonia,1,81,1855
Proteaceae,Roupala,44,81,1855
Proteaceae,Serruria,70,81,1855
Proteaceae,Sleumerodendron,1,81,1855
Proteaceae,Sorocephalus,11,81,1855
Proteaceae,Spatalla,20,81,1855
Proteaceae,Sphalmium,1,81,1855
Proteaceae,Stenocarpus,22,81,1855
Proteaceae,Stirlingia,7,81,1855
Proteaceae,Strangea,3,81,1855
Proteaceae,Symphionema,1,81,1855
Proteaceae,Synaphea,56,81,1855
Proteaceae,Telopea,5,81,1855
Proteaceae,Toronia,1,81,1855
Proteaceae,Triunia,4,81,1855
Proteaceae,Turrillia,3,81,1855
Proteaceae,Vexatorella,4,81,1855
Proteaceae,Virotia,6,81,1855
Proteaceae,Xylomelum,7,81,1855
Pteridaceae,Acrostichum,6,64,1506
Pteridaceae,Actiniopteris,5,64,1506
Pteridaceae,Adiantopsis,35,64,1506
Pteridaceae,Adiantum,252,64,1506
Pteridaceae,Aleuritopteris,100,64,1506
Pteridaceae,Ananthacorus,1,64,1506
Pteridaceae,Anogramma,3,64,1506
Pteridaceae,Anthonya,11,64,1506
Pteridaceae,Antrophyopsis,4,64,1506
Pteridaceae,Antrophyum,41,64,1506
Pteridaceae,Argyrochosma,19,64,1506
Pteridaceae,Aspidotis,4,64,1506
Pteridaceae,Astrolepis,8,64,1506
Pteridaceae,Austrogramme,6,64,1506
Pteridaceae,Baja,1,64,1506
Pteridaceae,Bommeria,5,64,1506
Pteridaceae,Brasiliopteris,2,64,1506
Pteridaceae,Calciphilopteris,4,64,1506
Pteridaceae,Carlottahallia,1,64,1506
Pteridaceae,Ceratopteris,9,64,1506
Pteridaceae,Cerosora,4,64,1506
Pteridaceae,Cheilanthes,41,64,1506
Pteridaceae,Cheiloplecton,1,64,1506
Pteridaceae,Choristosoria,14,64,1506
Pteridaceae,Christenhuszia,2,64,1506
Pteridaceae,Coniogramme,24,64,1506
Pteridaceae,Cosentinia,1,64,1506
Pteridaceae,Cryptogramma,9,64,1506
Pteridaceae,Doryopteris,47,64,1506
Pteridaceae,Estrella,1,64,1506
Pteridaceae,Gaga,19,64,1506
Pteridaceae,Gastoniella,3,64,1506
Pteridaceae,Haplopteris,43,64,1506
Pteridaceae,Hecistopteris,3,64,1506
Pteridaceae,Hemionitis,10,64,1506
Pteridaceae,Jamesonia,67,64,1506
Pteridaceae,Llavea,1,64,1506
Pteridaceae,Lytoneuron,16,64,1506
Pteridaceae,Mineirella,5,64,1506
Pteridaceae,Myriopteris,45,64,1506
Pteridaceae,Namaquapteris,6,64,1506
Pteridaceae,Notholaena,36,64,1506
Pteridaceae,Onychium,12,64,1506
Pteridaceae,Ormopteris,5,64,1506
Pteridaceae,Paragymnopteris,6,64,1506
Pteridaceae,Parahemionitis,3,64,1506
Pteridaceae,Pellaea,41,64,1506
Pteridaceae,Pellaeopsis,18,64,1506
Pteridaceae,Pentagramma,6,64,1506
Pteridaceae,Pityrogramma,32,64,1506
Pteridaceae,Polytaenium,14,64,1506
Pteridaceae,Pteris,360,64,1506
Pteridaceae,Pterozonium,14,64,1506
Pteridaceae,Quechuapteris,9,64,1506
Pteridaceae,Radiovittaria,10,64,1506
Pteridaceae,Rheopteris,1,64,1506
Pteridaceae,Scoliosorus,1,64,1506
Pteridaceae,Syngramma,16,64,1506
Pteridaceae,Taenitis,16,64,1506
Pteridaceae,Trachypteris,4,64,1506
Pteridaceae,Tryonia,5,64,1506
Pteridaceae,Vaginularia,6,64,1506
Pteridaceae,Vittaria,7,64,1506
Pteridaceae,Ynesmexia,5,64,1506
Ptychomitriaceae,Aligrimmia,1,10,69
Ptychomitriaceae,Brachydontium,9,10,69
Ptychomitriaceae,Brachysteleum,1,10,69
Ptychomitriaceae,Bryomanginia,1,10,69
Ptychomitriaceae,Campylostelium,5,10,69
Ptychomitriaceae,Coscinodontella,1,10,69
Ptychomitriaceae,Indusiella,2,10,69
Ptychomitriaceae,Jaffueliobryum,5,10,69
Ptychomitriaceae,Ptychomitriopsis,2,10,69
Ptychomitriaceae,Ptychomitrium,42,10,69
Pylaisiaceae,Aquilonium,2,11,67
Pylaisiaceae,Buckia,1,11,67
Pylaisiaceae,Calliergonella,3,11,67
Pylaisiaceae,Calliergonellopsis,1,11,67
Pylaisiaceae,Calohypnum,7,11,67
Pylaisiaceae,Homomallium,12,11,67
Pylaisiaceae,Pseudohygrohypnum,16,11,67
Pylaisiaceae,Pseudostereodon,1,11,67
Pylaisiaceae,Ptilium,1,11,67
Pylaisiaceae,Pylaisia,22,11,67
Pylaisiaceae,Roaldia,1,11,67
Ranunculaceae,Aconitum,333,53,3709
Ranunculaceae,Actaea,31,53,3709
Ranunculaceae,Adonis,35,53,3709
Ranunculaceae,Anemoclema,1,53,3709
Ranunculaceae,Anemonastrum,38,53,3709
Ranunculaceae,Anemone,80,53,3709
Ranunculaceae,Anemonella,1,53,3709
Ranunculaceae,Anemonoides,36,53,3709
Ranunculaceae,Anemonopsis,1,53,3709
Ranunculaceae,Aquilegia,129,53,3709
Ranunculaceae,Arcteranthis,1,53,3709
Ranunculaceae,Asteropyrum,2,53,3709
Ranunculaceae,Beesia,2,53,3709
Ranunculaceae,Calathodes,4,53,3709
Ranunculaceae,Callianthemoides,1,53,3709
Ranunculaceae,Callianthemum,15,53,3709
Ranunculaceae,Caltha,7,53,3709
Ranunculaceae,Clematis,390,53,3709
Ranunculaceae,Coptis,14,53,3709
Ranunculaceae,Cyrtorhyncha,1,53,3709
Ranunculaceae,Delphinium,503,53,3709
Ranunculaceae,Dichocarpum,18,53,3709
Ranunculaceae,Enemion,6,53,3709
Ranunculaceae,Eranthis,9,53,3709
Ranunculaceae,Eriocapitella,6,53,3709
Ranunculaceae,Glaucidium,1,53,3709
Ranunculaceae,Gymnaconitum,1,53,3709
Ranunculaceae,Halerpestes,9,53,3709
Ranunculaceae,Hamadryas,5,53,3709
Ranunculaceae,Helleborus,16,53,3709
Ranunculaceae,Hepatica,10,53,3709
Ranunculaceae,Hydrastis,1,53,3709
Ranunculaceae,Isopyrum,4,53,3709
Ranunculaceae,Knowltonia,26,53,3709
Ranunculaceae,Leptopyrum,1,53,3709
Ranunculaceae,Leucocoma,2,53,3709
Ranunculaceae,Megaleranthis,1,53,3709
Ranunculaceae,Metanemone,1,53,3709
Ranunculaceae,Nigella,26,53,3709
Ranunculaceae,Oxygraphis,6,53,3709
Ranunculaceae,Paraquilegia,8,53,3709
Ranunculaceae,Paroxygraphis,1,53,3709
Ranunculaceae,Peltocalathos,1,53,3709
Ranunculaceae,Psychrophila,6,53,3709
Ranunculaceae,Pulsatilla,54,53,3709
Ranunculaceae,Ranunculus,1616,53,3709
Ranunculaceae,Semiaquilegia,4,53,3709
Ranunculaceae,Thacla,1,53,3709
Ranunculaceae,Thalictrum,199,53,3709
Ranunculaceae,Trautvetteria,2,53,3709
Ranunculaceae,Trollius,40,53,3709
Ranunculaceae,Urophysa,2,53,3709
Ranunculaceae,Xanthorhiza,1,53,3709
Resedaceae,Borthwickia,1,11,120
Resedaceae,Caylusea,3,11,120
Resedaceae,Forchhammeria,16,11,120
Resedaceae,Ochradenus,7,11,120
Resedaceae,Ochradiscus,2,11,120
Resedaceae,Oligomeris,4,11,120
Resedaceae,Randonia,1,11,120
Resedaceae,Reseda,69,11,120
Resedaceae,Sesamoides,6,11,120
Resedaceae,Stixis,10,11,120
Resedaceae,Tirania,1,11,120
Restionaceae,Alexgeorgea,3,48,552
Restionaceae,Anarthria,6,48,552
Restionaceae,Anthochortus,7,48,552
Restionaceae,Aphelia,6,48,552
Restionaceae,Apodasmia,4,48,552
Restionaceae,Askidiosperma,12,48,552
Restionaceae,Baloskion,8,48,552
Restionaceae,Calorophus,2,48,552
Restionaceae,Cannomois,12,48,552
Restionaceae,Catacolea,1,48,552
Restionaceae,Centrolepis,26,48,552
Restionaceae,Ceratocaryum,8,48,552
Restionaceae,Chaetanthus,3,48,552
Restionaceae,Chordifex,20,48,552
Restionaceae,Coleocarya,1,48,552
Restionaceae,Cytogonidium,1,48,552
Restionaceae,Dapsilanthus,4,48,552
Restionaceae,Desmocladus,23,48,552
Restionaceae,Dielsia,1,48,552
Restionaceae,Elegia,50,48,552
Restionaceae,Empodisma,3,48,552
Restionaceae,Eurychorda,1,48,552
Restionaceae,Gaimardia,4,48,552
Restionaceae,Hopkinsia,2,48,552
Restionaceae,Hydrophilus,1,48,552
Restionaceae,Hypodiscus,15,48,552
Restionaceae,Hypolaena,7,48,552
Restionaceae,Lepidobolus,9,48,552
Restionaceae,Leptocarpus,16,48,552
Restionaceae,Lepyrodia,22,48,552
Restionaceae,Loxocarya,5,48,552
Restionaceae,Lyginia,3,48,552
Restionaceae,Mastersiella,3,48,552
Restionaceae,Melanostachya,1,48,552
Restionaceae,Nevillea,3,48,552
Restionaceae,Platycaulos,12,48,552
Restionaceae,Platychorda,2,48,552
Restionaceae,Restio,168,48,552
Restionaceae,Rhodocoma,8,48,552
Restionaceae,Soroveta,1,48,552
Restionaceae,Sporadanthus,8,48,552
Restionaceae,Staberoha,9,48,552
Restionaceae,Taraxis,1,48,552
Restionaceae,Thamnochortus,34,48,552
Restionaceae,Tremulina,2,48,552
Restionaceae,Tyrbastes,1,48,552
Restionaceae,Willdenowia,12,48,552
Restionaceae,Winifredia,1,48,552
Rhabdoweisiaceae,Arctoa,8,16,91
Rhabdoweisiaceae,Brideliella,3,16,91
Rhabdoweisiaceae,Camptodontium,1,16,91
Rhabdoweisiaceae,Cnestrum,3,16,91
Rhabdoweisiaceae,Cynodontium,32,16,91
Rhabdoweisiaceae,Dicranoweisia,4,16,91
Rhabdoweisiaceae,Eucamptodon,1,16,91
Rhabdoweisiaceae,Glyphomitrium,12,16,91
Rhabdoweisiaceae,Kiaeria,4,16,91
Rhabdoweisiaceae,Notocynodontium,1,16,91
Rhabdoweisiaceae,Oncophorus,3,16,91
Rhabdoweisiaceae,Oreas,1,16,91
Rhabdoweisiaceae,Rhabdoweisia,4,16,91
Rhabdoweisiaceae,Ripariella,1,16,91
Rhabdoweisiaceae,Sebillea,1,16,91
Rhabdoweisiaceae,Symblepharis,12,16,91
Rhamnaceae,Adolphia,2,61,1196
Rhamnaceae,Alphitonia,15,61,1196
Rhamnaceae,Alvimiantha,1,61,1196
Rhamnaceae,Ampelozizyphus,3,61,1196
Rhamnaceae,Araracuara,1,61,1196
Rhamnaceae,Auerodendron,10,61,1196
Rhamnaceae,Bathiorhamnus,7,61,1196
Rhamnaceae,Berchemia,39,61,1196
Rhamnaceae,Berchemiella,3,61,1196
Rhamnaceae,Blackallia,1,61,1196
Rhamnaceae,Ceanothus,69,61,1196
Rhamnaceae,Colletia,5,61,1196
Rhamnaceae,Colubrina,36,61,1196
Rhamnaceae,Condalia,20,61,1196
Rhamnaceae,Crumenaria,4,61,1196
Rhamnaceae,Cryptandra,59,61,1196
Rhamnaceae,Discaria,8,61,1196
Rhamnaceae,Doerpfeldia,1,61,1196
Rhamnaceae,Emmenosperma,5,61,1196
Rhamnaceae,Frangula,56,61,1196
Rhamnaceae,Gouania,71,61,1196
Rhamnaceae,Granitites,1,61,1196
Rhamnaceae,Helinus,5,61,1196
Rhamnaceae,Hovenia,4,61,1196
Rhamnaceae,Jaffrea,2,61,1196
Rhamnaceae,Johnstonalia,1,61,1196
Rhamnaceae,Karwinskia,22,61,1196
Rhamnaceae,Kentrothamnus,1,61,1196
Rhamnaceae,Krugiodendron,1,61,1196
Rhamnaceae,Lasiodiscus,11,61,1196
Rhamnaceae,Maesopsis,1,61,1196
Rhamnaceae,Nesiota,1,61,1196
Rhamnaceae,Noltea,1,61,1196
Rhamnaceae,Ochetophila,2,61,1196
Rhamnaceae,Oreorhamnus,1,61,1196
Rhamnaceae,Paliurus,5,61,1196
Rhamnaceae,Papistylus,2,61,1196
Rhamnaceae,Phylica,150,61,1196
Rhamnaceae,Polianthion,4,61,1196
Rhamnaceae,Pomaderris,76,61,1196
Rhamnaceae,Pseudoziziphus,2,61,1196
Rhamnaceae,Reissekia,3,61,1196
Rhamnaceae,Retanilla,4,61,1196
Rhamnaceae,Reynosia,18,61,1196
Rhamnaceae,Rhamnella,10,61,1196
Rhamnaceae,Rhamnidium,10,61,1196
Rhamnaceae,Rhamnus,149,61,1196
Rhamnaceae,Sageretia,35,61,1196
Rhamnaceae,Sarcomphalus,32,61,1196
Rhamnaceae,Schistocarpaea,1,61,1196
Rhamnaceae,Scutia,5,61,1196
Rhamnaceae,Serichonus,1,61,1196
Rhamnaceae,Siegfriedia,1,61,1196
Rhamnaceae,Smythea,11,61,1196
Rhamnaceae,Spyridium,44,61,1196
Rhamnaceae,Stenanthemum,28,61,1196
Rhamnaceae,Trevoa,4,61,1196
Rhamnaceae,Trichocephalus,1,61,1196
Rhamnaceae,Trymalium,14,61,1196
Rhamnaceae,Ventilago,38,61,1196
Rhamnaceae,Ziziphus,78,61,1196
Rosaceae,Acaena,58,115,6018
Rosaceae,Adenostoma,2,115,6018
Rosaceae,Agrimonia,23,115,6018
Rosaceae,Alchemilla,780,115,6018
Rosaceae,Alniaria,7,115,6018
Rosaceae,Amelanchier,28,115,6018
Rosaceae,Amelasorbus,1,115,6018
Rosaceae,Aremonia,1,115,6018
Rosaceae,Argentina,71,115,6018
Rosaceae,Aria,59,115,6018
Rosaceae,Aronia,3,115,6018
Rosaceae,Aruncus,5,115,6018
Rosaceae,Bencomia,4,115,6018
Rosaceae,Brachycaulos,1,115,6018
Rosaceae,Cercocarpus,12,115,6018
Rosaceae,Chaenomeles,5,115,6018
Rosaceae,Chamaebatia,2,115,6018
Rosaceae,Chamaebatiaria,1,115,6018
Rosaceae,Chamaecallis,1,115,6018
Rosaceae,Chamaemeles,1,115,6018
Rosaceae,Chamaemespilus,1,115,6018
Rosaceae,Chamaerhodos,7,115,6018
Rosaceae,Cliffortia,128,115,6018
Rosaceae,Coleogyne,1,115,6018
Rosaceae,Coluria,5,115,6018
Rosaceae,Comarum,1,115,6018
Rosaceae,Cormus,1,115,6018
Rosaceae,Cotoneaster,270,115,6018
Rosaceae,Crataegus,278,115,6018
Rosaceae,Cydonia,1,115,6018
Rosaceae,Dasiphora,12,115,6018
Rosaceae,Dichotomanthes,1,115,6018
Rosaceae,Dryas,15,115,6018
Rosaceae,Drymocallis,27,115,6018
Rosaceae,Dunnaria,1,115,6018
Rosaceae,Eriobotrya,36,115,6018
Rosaceae,Eriolobus,2,115,6018
Rosaceae,Exochorda,2,115,6018
Rosaceae,Fallugia,1,115,6018
Rosaceae,Farinopsis,1,115,6018
Rosaceae,Filipendula,15,115,6018
Rosaceae,Fragaria,28,115,6018
Rosaceae,Geum,69,115,6018
Rosaceae,Gillenia,2,115,6018
Rosaceae,Griffitharia,19,115,6018
Rosaceae,Hagenia,1,115,6018
Rosaceae,Hedlundia,48,115,6018
Rosaceae,Hesperomeles,11,115,6018
Rosaceae,Holodiscus,7,115,6018
Rosaceae,Kageneckia,3,115,6018
Rosaceae,Karpatiosorbus,85,115,6018
Rosaceae,Kelseya,1,115,6018
Rosaceae,Kerria,1,115,6018
Rosaceae,Leucosidea,1,115,6018
Rosaceae,Lindleya,1,115,6018
Rosaceae,Luetkea,1,115,6018
Rosaceae,Lyonothamnus,1,115,6018
Rosaceae,Macromeles,2,115,6018
Rosaceae,Majovskya,5,115,6018
Rosaceae,Malacomeles,5,115,6018
Rosaceae,Malus,51,115,6018
Rosaceae,Marcetella,2,115,6018
Rosaceae,Margyracaena,1,115,6018
Rosaceae,Margyricarpus,4,115,6018
Rosaceae,Micromeles,11,115,6018
Rosaceae,Neillia,16,115,6018
Rosaceae,Neviusia,2,115,6018
Rosaceae,Normeyera,9,115,6018
Rosaceae,Oemleria,1,115,6018
Rosaceae,Osteomeles,2,115,6018
Rosaceae,Pentactina,1,115,6018
Rosaceae,Peraphyllum,1,115,6018
Rosaceae,Petrophytum,3,115,6018
Rosaceae,Phippsiomeles,5,115,6018
Rosaceae,Photinia,34,115,6018
Rosaceae,Physocarpus,7,115,6018
Rosaceae,Pleiosorbus,2,115,6018
Rosaceae,Polylepis,42,115,6018
Rosaceae,Potaninia,1,115,6018
Rosaceae,Potentilla,551,115,6018
Rosaceae,Pourthiaea,7,115,6018
Rosaceae,Prinsepia,4,115,6018
Rosaceae,Prunus,392,115,6018
Rosaceae,Pseudocydonia,1,115,6018
Rosaceae,Purshia,8,115,6018
Rosaceae,Pyracantha,6,115,6018
Rosaceae,Pyraria,1,115,6018
Rosaceae,Pyrus,80,115,6018
Rosaceae,Rhaphiolepis,12,115,6018
Rosaceae,Rhodotypos,1,115,6018
Rosaceae,Rosa,405,115,6018
Rosaceae,Rubus,1796,115,6018
Rosaceae,Sanguisorba,38,115,6018
Rosaceae,Sarcopoterium,1,115,6018
Rosaceae,Scandosorbus,2,115,6018
Rosaceae,Sibbaldia,13,115,6018
Rosaceae,Sibbaldianthe,7,115,6018
Rosaceae,Sibiraea,4,115,6018
Rosaceae,Sieversia,2,115,6018
Rosaceae,Sorbaria,4,115,6018
Rosaceae,Sorbaronia,7,115,6018
Rosaceae,Sorbocotoneaster,1,115,6018
Rosaceae,Sorbomeles,2,115,6018
Rosaceae,Sorbus,111,115,6018
Rosaceae,Spenceria,1,115,6018
Rosaceae,Spiraea,155,115,6018
Rosaceae,Spiraeanthus,1,115,6018
Rosaceae,Stranvaesia,3,115,6018
Rosaceae,Tetraglochin,6,115,6018
Rosaceae,Thomsonaria,26,115,6018
Rosaceae,Torminalis,1,115,6018
Rosaceae,Vauquelinia,4,115,6018
Rosaceae,Waldsteinia,6,115,6018
Rosaceae,Wilsonaria,1,115,6018
Rosaceae,Xerospiraea,1,115,6018
Rubiaceae,Achilleanthus,7,611,14175
Rubiaceae,Acranthera,42,611,14175
Rubiaceae,Acrobotrys,1,611,14175
Rubiaceae,Acrosynanthus,7,611,14175
Rubiaceae,Acunaeanthus,1,611,14175
Rubiaceae,Adenorandia,1,611,14175
Rubiaceae,Adina,12,611,14175
Rubiaceae,Adolphoduckea,1,611,14175
Rubiaceae,Afrocanthium,17,611,14175
Rubiaceae,Agathisanthemum,4,611,14175
Rubiaceae,Agouticarpa,7,611,14175
Rubiaceae,Aidia,56,611,14175
Rubiaceae,Aidiopsis,1,611,14175
Rubiaceae,Airosperma,6,611,14175
Rubiaceae,Aitchisonia,1,611,14175
Rubiaceae,Alberta,1,611,14175
Rubiaceae,Aleisanthia,2,611,14175
Rubiaceae,Aleisanthiopsis,2,611,14175
Rubiaceae,Alibertia,15,611,14175
Rubiaceae,Alleizettella,2,611,14175
Rubiaceae,Alseis,18,611,14175
Rubiaceae,Amaioua,11,611,14175
Rubiaceae,Amaracarpus,30,611,14175
Rubiaceae,Amphiasma,7,611,14175
Rubiaceae,Amphidasya,13,611,14175
Rubiaceae,Amphistemon,2,611,14175
Rubiaceae,Antherostele,5,611,14175
Rubiaceae,Anthorrhiza,9,611,14175
Rubiaceae,Anthospermopsis,1,611,14175
Rubiaceae,Anthospermum,39,611,14175
Rubiaceae,Antirhea,5,611,14175
Rubiaceae,Aoranthe,5,611,14175
Rubiaceae,Aphanocarpus,1,611,14175
Rubiaceae,Appunia,13,611,14175
Rubiaceae,Arachnothryx,104,611,14175
Rubiaceae,Arcytophyllum,18,611,14175
Rubiaceae,Argocoffeopsis,8,611,14175
Rubiaceae,Argostemma,178,611,14175
Rubiaceae,Asperula,92,611,14175
Rubiaceae,Astiella,12,611,14175
Rubiaceae,Atractocarpus,40,611,14175
Rubiaceae,Atractogyne,2,611,14175
Rubiaceae,Augusta,4,611,14175
Rubiaceae,Aulacocalyx,11,611,14175
Rubiaceae,Badusa,3,611,14175
Rubiaceae,Balmea,1,611,14175
Rubiaceae,Bathysa,10,611,14175
Rubiaceae,Batopedina,3,611,14175
Rubiaceae,Belonophora,5,611,14175
Rubiaceae,Benkara,19,611,14175
Rubiaceae,Benzonia,1,611,14175
Rubiaceae,Berghesia,1,611,14175
Rubiaceae,Bertiera,57,611,14175
Rubiaceae,Bikkia,11,611,14175
Rubiaceae,Blepharidium,1,611,14175
Rubiaceae,Bobea,5,611,14175
Rubiaceae,Boholia,1,611,14175
Rubiaceae,Bothriospora,1,611,14175
Rubiaceae,Botryarrhena,2,611,14175
Rubiaceae,Bouvardia,57,611,14175
Rubiaceae,Brachytome,8,611,14175
Rubiaceae,Bradea,6,611,14175
Rubiaceae,Bremeria,18,611,14175
Rubiaceae,Brenania,2,611,14175
Rubiaceae,Breonadia,1,611,14175
Rubiaceae,Breonia,20,611,14175
Rubiaceae,Bridsonia,1,611,14175
Rubiaceae,Buchozia,1,611,14175
Rubiaceae,Bullockia,6,611,14175
Rubiaceae,Bungarimba,4,611,14175
Rubiaceae,Burchellia,1,611,14175
Rubiaceae,Byrsophyllum,2,611,14175
Rubiaceae,Callipeltis,3,611,14175
Rubiaceae,Calochone,2,611,14175
Rubiaceae,Calycophyllum,11,611,14175
Rubiaceae,Calycosia,7,611,14175
Rubiaceae,Calycosiphonia,2,611,14175
Rubiaceae,Canephora,7,611,14175
Rubiaceae,Canthium,80,611,14175
Rubiaceae,Canthiumera,4,611,14175
Rubiaceae,Capirona,1,611,14175
Rubiaceae,Carajasia,1,611,14175
Rubiaceae,Carapichea,24,611,14175
Rubiaceae,Carpacoce,7,611,14175
Rubiaceae,Carphalea,3,611,14175
Rubiaceae,Carterella,1,611,14175
Rubiaceae,Casasia,10,611,14175
Rubiaceae,Catesbaea,18,611,14175
Rubiaceae,Catunaregam,14,611,14175
Rubiaceae,Cephalanthus,6,611,14175
Rubiaceae,Ceratopyxis,1,611,14175
Rubiaceae,Ceriscoides,12,611,14175
Rubiaceae,Chaetostachydium,3,611,14175
Rubiaceae,Chalepophyllum,1,611,14175
Rubiaceae,Chamaepentas,6,611,14175
Rubiaceae,Chapelieria,4,611,14175
Rubiaceae,Chassalia,122,611,14175
Rubiaceae,Chimarrhis,15,611,14175
Rubiaceae,Chiococca,22,611,14175
Rubiaceae,Chione,1,611,14175
Rubiaceae,Chomelia,75,611,14175
Rubiaceae,Ciliosemina,2,611,14175
Rubiaceae,Cinchona,25,611,14175
Rubiaceae,Cinchonopsis,1,611,14175
Rubiaceae,Cladoceras,2,611,14175
Rubiaceae,Clarkella,1,611,14175
Rubiaceae,Coccochondra,4,611,14175
Rubiaceae,Coccocypselum,22,611,14175
Rubiaceae,Coddia,1,611,14175
Rubiaceae,Coelopyrena,1,611,14175
Rubiaceae,Coelospermum,12,611,14175
Rubiaceae,Coffea,132,611,14175
Rubiaceae,Colletoecema,3,611,14175
Rubiaceae,Condaminea,4,611,14175
Rubiaceae,Conostomium,5,611,14175
Rubiaceae,Coprosma,121,611,14175
Rubiaceae,Coptophyllum,8,611,14175
Rubiaceae,Coptosapelta,16,611,14175
Rubiaceae,Coptosperma,19,611,14175
Rubiaceae,Cordiera,25,611,14175
Rubiaceae,Cordylostigma,9,611,14175
Rubiaceae,Corynanthe,7,611,14175
Rubiaceae,Coryphothamnus,1,611,14175
Rubiaceae,Cosmibuena,4,611,14175
Rubiaceae,Cosmocalyx,1,611,14175
Rubiaceae,Coussarea,122,611,14175
Rubiaceae,Coutaportla,3,611,14175
Rubiaceae,Coutarea,4,611,14175
Rubiaceae,Coutareopsis,3,611,14175
Rubiaceae,Cowiea,2,611,14175
Rubiaceae,Craterispermum,27,611,14175
Rubiaceae,Cremaspora,2,611,14175
Rubiaceae,Crobylanthe,1,611,14175
Rubiaceae,Crossopteryx,1,611,14175
Rubiaceae,Crucianella,31,611,14175
Rubiaceae,Cruciata,9,611,14175
Rubiaceae,Cruckshanksia,7,611,14175
Rubiaceae,Crusea,15,611,14175
Rubiaceae,Cubanola,2,611,14175
Rubiaceae,Cuviera,18,611,14175
Rubiaceae,Cyanoneuron,5,611,14175
Rubiaceae,Cyclophyllum,42,611,14175
Rubiaceae,Cynanchica,74,611,14175
Rubiaceae,Damnacanthus,13,611,14175
Rubiaceae,Danais,37,611,14175
Rubiaceae,Debia,5,611,14175
Rubiaceae,Deccania,1,611,14175
Rubiaceae,Declieuxia,29,611,14175
Rubiaceae,Dendrosipanea,3,611,14175
Rubiaceae,Denscantia,5,611,14175
Rubiaceae,Dentella,9,611,14175
Rubiaceae,Deppea,39,611,14175
Rubiaceae,Diacrodon,1,611,14175
Rubiaceae,Diadorimia,1,611,14175
Rubiaceae,Dialypetalanthus,1,611,14175
Rubiaceae,Dibrachionostylus,1,611,14175
Rubiaceae,Dibridsonia,3,611,14175
Rubiaceae,Dichilanthe,2,611,14175
Rubiaceae,Didymaea,5,611,14175
Rubiaceae,Didymopogon,1,611,14175
Rubiaceae,Didymosalpinx,5,611,14175
Rubiaceae,Dimetia,10,611,14175
Rubiaceae,Diodia,18,611,14175
Rubiaceae,Dioecrescis,1,611,14175
Rubiaceae,Dioicodendron,1,611,14175
Rubiaceae,Diplospora,23,611,14175
Rubiaceae,Dirichletia,5,611,14175
Rubiaceae,Discospermum,13,611,14175
Rubiaceae,Ditrichanthus,1,611,14175
Rubiaceae,Diyaminauclea,1,611,14175
Rubiaceae,Dolianthus,13,611,14175
Rubiaceae,Dolichocarpa,5,611,14175
Rubiaceae,Dolichodelphys,1,611,14175
Rubiaceae,Dolicholobium,29,611,14175
Rubiaceae,Dolichometra,1,611,14175
Rubiaceae,Dolichopentas,4,611,14175
Rubiaceae,Donnellyanthus,1,611,14175
Rubiaceae,Duidania,1,611,14175
Rubiaceae,Dunnia,1,611,14175
Rubiaceae,Duperrea,1,611,14175
Rubiaceae,Duroia,37,611,14175
Rubiaceae,Durringtonia,1,611,14175
Rubiaceae,Edrastima,5,611,14175
Rubiaceae,Eizia,1,611,14175
Rubiaceae,Elaeagia,25,611,14175
Rubiaceae,Eleuthranthes,1,611,14175
Rubiaceae,Emmenopterys,1,611,14175
Rubiaceae,Emmeorhiza,1,611,14175
Rubiaceae,Empogona,30,611,14175
Rubiaceae,Eosanthe,1,611,14175
Rubiaceae,Eriosemopsis,1,611,14175
Rubiaceae,Erithalis,9,611,14175
Rubiaceae,Ernodea,8,611,14175
Rubiaceae,Etericius,1,611,14175
Rubiaceae,Euclinia,2,611,14175
Rubiaceae,Eumachia,86,611,14175
Rubiaceae,Everistia,1,611,14175
Rubiaceae,Exallage,18,611,14175
Rubiaceae,Exallosperma,1,611,14175
Rubiaceae,Exostema,11,611,14175
Rubiaceae,Fadogia,39,611,14175
Rubiaceae,Fadogiella,3,611,14175
Rubiaceae,Faramea,190,611,14175
Rubiaceae,Ferdinandusa,24,611,14175
Rubiaceae,Feretia,3,611,14175
Rubiaceae,Fergusonia,1,611,14175
Rubiaceae,Fernelia,4,611,14175
Rubiaceae,Flagenium,6,611,14175
Rubiaceae,Flexanthera,1,611,14175
Rubiaceae,Foonchewia,1,611,14175
Rubiaceae,Fosbergia,4,611,14175
Rubiaceae,Gaertnera,90,611,14175
Rubiaceae,Galianthe,53,611,14175
Rubiaceae,Galiasperula,1,611,14175
Rubiaceae,Galiniera,2,611,14175
Rubiaceae,Galium,672,611,14175
Rubiaceae,Gallienia,1,611,14175
Rubiaceae,Galopina,4,611,14175
Rubiaceae,Ganguelia,1,611,14175
Rubiaceae,Gardenia,128,611,14175
Rubiaceae,Gardeniopsis,1,611,14175
Rubiaceae,Genipa,3,611,14175
Rubiaceae,Geophila,30,611,14175
Rubiaceae,Gillespiea,1,611,14175
Rubiaceae,Gleasonia,5,611,14175
Rubiaceae,Glionnetia,1,611,14175
Rubiaceae,Globulostylis,7,611,14175
Rubiaceae,Glossostipula,3,611,14175
Rubiaceae,Gomphocalyx,1,611,14175
Rubiaceae,Gonzalagunia,37,611,14175
Rubiaceae,Greenea,9,611,14175
Rubiaceae,Greeniopsis,6,611,14175
Rubiaceae,Guettarda,146,611,14175
Rubiaceae,Guettardella,29,611,14175
Rubiaceae,Guihaiothamnus,1,611,14175
Rubiaceae,Gynochthodes,97,611,14175
Rubiaceae,Gyrostipula,3,611,14175
Rubiaceae,Habroneuron,1,611,14175
Rubiaceae,Hamelia,16,611,14175
Rubiaceae,Hedstromia,1,611,14175
Rubiaceae,Hedyotis,189,611,14175
Rubiaceae,Hedythyrsus,3,611,14175
Rubiaceae,Heinsenia,1,611,14175
Rubiaceae,Heinsia,5,611,14175
Rubiaceae,Hekistocarpa,1,611,14175
Rubiaceae,Helictosperma,2,611,14175
Rubiaceae,Henriquezia,3,611,14175
Rubiaceae,Heterophyllaea,2,611,14175
Rubiaceae,Hexaphylla,12,611,14175
Rubiaceae,Hexasepalum,15,611,14175
Rubiaceae,Hillia,25,611,14175
Rubiaceae,Himalrandia,2,611,14175
Rubiaceae,Hindsia,11,611,14175
Rubiaceae,Hintonia,5,611,14175
Rubiaceae,Hippotis,18,611,14175
Rubiaceae,Hodgkinsonia,1,611,14175
Rubiaceae,Hoffmannia,113,611,14175
Rubiaceae,Holstianthus,1,611,14175
Rubiaceae,Homollea,5,611,14175
Rubiaceae,Houstonia,24,611,14175
Rubiaceae,Hutchinsonia,2,611,14175
Rubiaceae,Hydnophytum,58,611,14175
Rubiaceae,Hydrophylax,1,611,14175
Rubiaceae,Hymenocoleus,12,611,14175
Rubiaceae,Hymenodictyon,27,611,14175
Rubiaceae,Hyperacanthus,11,611,14175
Rubiaceae,Hypobathrum,28,611,14175
Rubiaceae,Hyptianthera,1,611,14175
Rubiaceae,Involucrella,3,611,14175
Rubiaceae,Isertia,15,611,14175
Rubiaceae,Isidorea,17,611,14175
Rubiaceae,Ixora,562,611,14175
Rubiaceae,Jackiopsis,1,611,14175
Rubiaceae,Jamaicanthus,1,611,14175
Rubiaceae,Janotia,1,611,14175
Rubiaceae,Joosia,18,611,14175
Rubiaceae,Jovetia,1,611,14175
Rubiaceae,Kadua,30,611,14175
Rubiaceae,Kailarsenia,6,611,14175
Rubiaceae,Kajewskiella,2,611,14175
Rubiaceae,Kanapia,2,611,14175
Rubiaceae,Keetia,39,611,14175
Rubiaceae,Kelloggia,2,611,14175
Rubiaceae,Kerianthera,2,611,14175
Rubiaceae,Khasiaclunea,1,611,14175
Rubiaceae,Kindia,1,611,14175
Rubiaceae,Klossia,1,611,14175
Rubiaceae,Knoxia,13,611,14175
Rubiaceae,Kochummenia,3,611,14175
Rubiaceae,Kohautia,27,611,14175
Rubiaceae,Kraussia,4,611,14175
Rubiaceae,Kupeantha,5,611,14175
Rubiaceae,Kutchubaea,13,611,14175
Rubiaceae,Ladenbergia,37,611,14175
Rubiaceae,Lamprothamnus,1,611,14175
Rubiaceae,Landiopsis,1,611,14175
Rubiaceae,Larsenaikia,3,611,14175
Rubiaceae,Lasianthus,267,611,14175
Rubiaceae,Lathraeocarpa,2,611,14175
Rubiaceae,Lecananthus,3,611,14175
Rubiaceae,Lecariocalyx,1,611,14175
Rubiaceae,Lelya,1,611,14175
Rubiaceae,Lemyrea,4,611,14175
Rubiaceae,Lepidostoma,1,611,14175
Rubiaceae,Leptactina,27,611,14175
Rubiaceae,Leptodermis,47,611,14175
Rubiaceae,Leptomischus,10,611,14175
Rubiaceae,Leptopetalum,10,611,14175
Rubiaceae,Leptoscela,1,611,14175
Rubiaceae,Leptostigma,7,611,14175
Rubiaceae,Lerchea,10,611,14175
Rubiaceae,Leucocodon,1,611,14175
Rubiaceae,Leucolophus,3,611,14175
Rubiaceae,Limnosipanea,3,611,14175
Rubiaceae,Lintersemina,1,611,14175
Rubiaceae,Luculia,4,611,14175
Rubiaceae,Lucya,1,611,14175
Rubiaceae,Ludekia,2,611,14175
Rubiaceae,Macbrideina,1,611,14175
Rubiaceae,Machaonia,32,611,14175
Rubiaceae,Macrocnemum,8,611,14175
Rubiaceae,Macrosphyra,3,611,14175
Rubiaceae,Maguireocharis,1,611,14175
Rubiaceae,Maguireothamnus,2,611,14175
Rubiaceae,Malanea,40,611,14175
Rubiaceae,Manettia,127,611,14175
Rubiaceae,Manostachya,3,611,14175
Rubiaceae,Mantalania,3,611,14175
Rubiaceae,Martensianthus,5,611,14175
Rubiaceae,Maschalodesme,2,611,14175
Rubiaceae,Massularia,2,611,14175
Rubiaceae,Mastixiodendron,7,611,14175
Rubiaceae,Mazaea,2,611,14175
Rubiaceae,Melanopsidium,1,611,14175
Rubiaceae,Melanoxerus,4,611,14175
Rubiaceae,Mericarpaea,1,611,14175
Rubiaceae,Merumea,2,611,14175
Rubiaceae,Mexotis,4,611,14175
Rubiaceae,Meyna,9,611,14175
Rubiaceae,Micrasepalum,2,611,14175
Rubiaceae,Microphysa,1,611,14175
Rubiaceae,Mitchella,2,611,14175
Rubiaceae,Mitracarpus,67,611,14175
Rubiaceae,Mitragyna,10,611,14175
Rubiaceae,Mitrasacmopsis,1,611,14175
Rubiaceae,Mitriostigma,5,611,14175
Rubiaceae,Molopanthera,1,611,14175
Rubiaceae,Monosalpinx,1,611,14175
Rubiaceae,Morelia,1,611,14175
Rubiaceae,Morinda,40,611,14175
Rubiaceae,Morindopsis,1,611,14175
Rubiaceae,Motleyothamnus,1,611,14175
Rubiaceae,Mouretia,5,611,14175
Rubiaceae,Multidentia,10,611,14175
Rubiaceae,Mussaenda,183,611,14175
Rubiaceae,Mussaendopsis,2,611,14175
Rubiaceae,Mycetia,54,611,14175
Rubiaceae,Myrmecodia,26,611,14175
Rubiaceae,Myrmeconauclea,4,611,14175
Rubiaceae,Myrmephytum,5,611,14175
Rubiaceae,Nargedia,1,611,14175
Rubiaceae,Nauclea,12,611,14175
Rubiaceae,Neanotis,34,611,14175
Rubiaceae,Neblinathamnus,2,611,14175
Rubiaceae,Nematostylis,1,611,14175
Rubiaceae,Nenax,10,611,14175
Rubiaceae,Neobertiera,5,611,14175
Rubiaceae,Neoblakea,2,611,14175
Rubiaceae,Neohymenopogon,3,611,14175
Rubiaceae,Neolamarckia,2,611,14175
Rubiaceae,Neomussaenda,2,611,14175
Rubiaceae,Neonauclea,71,611,14175
Rubiaceae,Nernstia,1,611,14175
Rubiaceae,Nertera,10,611,14175
Rubiaceae,Nesohedyotis,1,611,14175
Rubiaceae,Neurocalyx,5,611,14175
Rubiaceae,Nichallea,1,611,14175
Rubiaceae,Nodocarpaea,1,611,14175
Rubiaceae,Normandia,1,611,14175
Rubiaceae,Nostolachma,6,611,14175
Rubiaceae,Notopleura,103,611,14175
Rubiaceae,Ochreinauclea,2,611,14175
Rubiaceae,Octotropis,1,611,14175
Rubiaceae,Oldenlandia,164,611,14175
Rubiaceae,Oldenlandiopsis,1,611,14175
Rubiaceae,Oligocodon,1,611,14175
Rubiaceae,Omiltemia,3,611,14175
Rubiaceae,Opercularia,17,611,14175
Rubiaceae,Ophiorrhiza,373,611,14175
Rubiaceae,Oreopolus,1,611,14175
Rubiaceae,Osa,1,611,14175
Rubiaceae,Otiophora,18,611,14175
Rubiaceae,Otomeria,8,611,14175
Rubiaceae,Ottoschmidtia,1,611,14175
Rubiaceae,Oxyanthus,38,611,14175
Rubiaceae,Oxyceros,12,611,14175
Rubiaceae,Pachystylus,2,611,14175
Rubiaceae,Paederia,33,611,14175
Rubiaceae,Pagamea,26,611,14175
Rubiaceae,Pagameopsis,2,611,14175
Rubiaceae,Paganuccia,1,611,14175
Rubiaceae,Palicourea,694,611,14175
Rubiaceae,Paracarphalea,3,611,14175
Rubiaceae,Paracephaelis,18,611,14175
Rubiaceae,Parachimarrhis,1,611,14175
Rubiaceae,Paracorynanthe,2,611,14175
Rubiaceae,Paragenipa,1,611,14175
Rubiaceae,Parainvolucrella,1,611,14175
Rubiaceae,Paraknoxia,1,611,14175
Rubiaceae,Paralasianthus,4,611,14175
Rubiaceae,Paranotis,4,611,14175
Rubiaceae,Parapentas,3,611,14175
Rubiaceae,Patima,2,611,14175
Rubiaceae,Pauridiantha,51,611,14175
Rubiaceae,Pavetta,335,611,14175
Rubiaceae,Payera,10,611,14175
Rubiaceae,Pentagonia,43,611,14175
Rubiaceae,Pentaloncha,1,611,14175
Rubiaceae,Pentanisia,19,611,14175
Rubiaceae,Pentanopsis,2,611,14175
Rubiaceae,Pentas,16,611,14175
Rubiaceae,Pentodon,2,611,14175
Rubiaceae,Peponidium,48,611,14175
Rubiaceae,Perakanthus,2,611,14175
Rubiaceae,Perama,14,611,14175
Rubiaceae,Peripeplus,1,611,14175
Rubiaceae,Petitiocodon,1,611,14175
Rubiaceae,Phellocalyx,1,611,14175
Rubiaceae,Phialanthus,22,611,14175
Rubiaceae,Phialiphora,4,611,14175
Rubiaceae,Phuopsis,1,611,14175
Rubiaceae,Phyllis,2,611,14175
Rubiaceae,Phyllocrater,1,611,14175
Rubiaceae,Phyllomelia,1,611,14175
Rubiaceae,Phyllopentas,14,611,14175
Rubiaceae,Phylohydrax,2,611,14175
Rubiaceae,Picardaea,1,611,14175
Rubiaceae,Pimentelia,1,611,14175
Rubiaceae,Pinarophyllon,2,611,14175
Rubiaceae,Pinckneya,1,611,14175
Rubiaceae,Pitardella,3,611,14175
Rubiaceae,Pittoniotis,3,611,14175
Rubiaceae,Placocarpa,1,611,14175
Rubiaceae,Planaltina,4,611,14175
Rubiaceae,Platycarpum,14,611,14175
Rubiaceae,Pleiocoryne,1,611,14175
Rubiaceae,Plocama,36,611,14175
Rubiaceae,Plocaniophyllon,1,611,14175
Rubiaceae,Pogonopus,3,611,14175
Rubiaceae,Polysphaeria,24,611,14175
Rubiaceae,Polyura,1,611,14175
Rubiaceae,Pomax,1,611,14175
Rubiaceae,Porterandia,22,611,14175
Rubiaceae,Portlandia,6,611,14175
Rubiaceae,Posoqueria,22,611,14175
Rubiaceae,Pouchetia,4,611,14175
Rubiaceae,Praravinia,50,611,14175
Rubiaceae,Preussiodora,1,611,14175
Rubiaceae,Prismatomeris,17,611,14175
Rubiaceae,Pseudaidia,1,611,14175
Rubiaceae,Pseudocoptosperma,1,611,14175
Rubiaceae,Pseudodiplospora,1,611,14175
Rubiaceae,Pseudogalium,1,611,14175
Rubiaceae,Pseudohamelia,1,611,14175
Rubiaceae,Pseudomantalania,1,611,14175
Rubiaceae,Pseudomiltemia,2,611,14175
Rubiaceae,Pseudomussaenda,4,611,14175
Rubiaceae,Pseudonesohedyotis,1,611,14175
Rubiaceae,Pseudopyxis,3,611,14175
Rubiaceae,Psychotria,1634,611,14175
Rubiaceae,Psydrax,96,611,14175
Rubiaceae,Pteridocalyx,1,611,14175
Rubiaceae,Pubistylus,1,611,14175
Rubiaceae,Puffia,1,611,14175
Rubiaceae,Pygmaeothamnus,1,611,14175
Rubiaceae,Pyrostria,76,611,14175
Rubiaceae,Rachicallis,1,611,14175
Rubiaceae,Ramonadoxa,1,611,14175
Rubiaceae,Ramosmania,2,611,14175
Rubiaceae,Randia,116,611,14175
Rubiaceae,Raritebe,1,611,14175
Rubiaceae,Razafimandimbisonia,5,611,14175
Rubiaceae,Remijia,43,611,14175
Rubiaceae,Rennellia,9,611,14175
Rubiaceae,Retiniphyllum,21,611,14175
Rubiaceae,Rhadinopus,2,611,14175
Rubiaceae,Rhaphidura,1,611,14175
Rubiaceae,Rhodopentas,2,611,14175
Rubiaceae,Richardia,17,611,14175
Rubiaceae,Ridsdalea,31,611,14175
Rubiaceae,Riodocea,1,611,14175
Rubiaceae,Riqueuria,1,611,14175
Rubiaceae,Robbrechtia,2,611,14175
Rubiaceae,Robynsia,1,611,14175
Rubiaceae,Rogiera,13,611,14175
Rubiaceae,Roigella,1,611,14175
Rubiaceae,Ronabea,3,611,14175
Rubiaceae,Rondeletia,156,611,14175
Rubiaceae,Rosenbergiodendron,4,611,14175
Rubiaceae,Rothmannia,23,611,14175
Rubiaceae,Rovaeanthus,2,611,14175
Rubiaceae,Rubia,88,611,14175
Rubiaceae,Rubovietnamia,3,611,14175
Rubiaceae,Rudgea,165,611,14175
Rubiaceae,Rustia,17,611,14175
Rubiaceae,Rutidea,21,611,14175
Rubiaceae,Rytigynia,81,611,14175
Rubiaceae,Sabicea,159,611,14175
Rubiaceae,Sacosperma,2,611,14175
Rubiaceae,Saldinia,22,611,14175
Rubiaceae,Salzmannia,4,611,14175
Rubiaceae,Saprosma,44,611,14175
Rubiaceae,Schismatoclada,20,611,14175
Rubiaceae,Schizenterospermum,4,611,14175
Rubiaceae,Schizocalyx,9,611,14175
Rubiaceae,Schizocolea,2,611,14175
Rubiaceae,Schizomussaenda,1,611,14175
Rubiaceae,Schmidtottia,17,611,14175
Rubiaceae,Schradera,58,611,14175
Rubiaceae,Schumanniophyton,3,611,14175
Rubiaceae,Schwendenera,1,611,14175
Rubiaceae,Scleromitrion,27,611,14175
Rubiaceae,Scolosanthus,28,611,14175
Rubiaceae,Scyphiphora,1,611,14175
Rubiaceae,Scyphostachys,2,611,14175
Rubiaceae,Sericanthe,22,611,14175
Rubiaceae,Seychellea,1,611,14175
Rubiaceae,Shaferocharis,3,611,14175
Rubiaceae,Shaolinchiana,1,611,14175
Rubiaceae,Sherardia,1,611,14175
Rubiaceae,Sherbournia,13,611,14175
Rubiaceae,Siemensia,1,611,14175
Rubiaceae,Simira,42,611,14175
Rubiaceae,Singaporandia,1,611,14175
Rubiaceae,Sipanea,19,611,14175
Rubiaceae,Sipaneopsis,8,611,14175
Rubiaceae,Siphonandrium,1,611,14175
Rubiaceae,Solenandra,21,611,14175
Rubiaceae,Sommera,11,611,14175
Rubiaceae,Spermacoce,291,611,14175
Rubiaceae,Spermadictyon,1,611,14175
Rubiaceae,Sphinctanthus,8,611,14175
Rubiaceae,Squamellaria,8,611,14175
Rubiaceae,Stachyarrhena,13,611,14175
Rubiaceae,Staelia,21,611,14175
Rubiaceae,Standleya,5,611,14175
Rubiaceae,Steenisia,5,611,14175
Rubiaceae,Stenaria,7,611,14175
Rubiaceae,Stenosepala,1,611,14175
Rubiaceae,Stenostomum,48,611,14175
Rubiaceae,Stenotis,8,611,14175
Rubiaceae,Stephanococcus,1,611,14175
Rubiaceae,Stevensia,11,611,14175
Rubiaceae,Steyermarkia,1,611,14175
Rubiaceae,Stichianthus,1,611,14175
Rubiaceae,Stilpnophyllum,4,611,14175
Rubiaceae,Stipularia,2,611,14175
Rubiaceae,Streblosa,25,611,14175
Rubiaceae,Streblosiopsis,1,611,14175
Rubiaceae,Strumpfia,1,611,14175
Rubiaceae,Stylosiphonia,1,611,14175
Rubiaceae,Suberanthus,9,611,14175
Rubiaceae,Synaptantha,1,611,14175
Rubiaceae,Syringantha,1,611,14175
Rubiaceae,Tainus,1,611,14175
Rubiaceae,Tamilnadia,1,611,14175
Rubiaceae,Tammsia,1,611,14175
Rubiaceae,Tamridaea,1,611,14175
Rubiaceae,Tangshuia,1,611,14175
Rubiaceae,Tapanhuacanga,11,611,14175
Rubiaceae,Tarenna,193,611,14175
Rubiaceae,Tarennella,5,611,14175
Rubiaceae,Tarennoidea,2,611,14175
Rubiaceae,Temnocalyx,1,611,14175
Rubiaceae,Temnopteryx,1,611,14175
Rubiaceae,Tennantia,1,611,14175
Rubiaceae,Tessiera,2,611,14175
Rubiaceae,Thamnoldenlandia,1,611,14175
Rubiaceae,Theligonum,4,611,14175
Rubiaceae,Thiollierea,17,611,14175
Rubiaceae,Thliphthisa,22,611,14175
Rubiaceae,Thogsennia,1,611,14175
Rubiaceae,Timonius,194,611,14175
Rubiaceae,Tinadendron,2,611,14175
Rubiaceae,Tobagoa,2,611,14175
Rubiaceae,Tocoyena,20,611,14175
Rubiaceae,Tortuella,1,611,14175
Rubiaceae,Tournefortiopsis,12,611,14175
Rubiaceae,Trailliaedoxa,1,611,14175
Rubiaceae,Triainolepis,13,611,14175
Rubiaceae,Tricalysia,81,611,14175
Rubiaceae,Trichostachys,13,611,14175
Rubiaceae,Triflorensia,3,611,14175
Rubiaceae,Tromlyca,1,611,14175
Rubiaceae,Tulearia,2,611,14175
Rubiaceae,Uncaria,38,611,14175
Rubiaceae,Urophyllum,126,611,14175
Rubiaceae,Valantia,7,611,14175
Rubiaceae,Vangueria,58,611,14175
Rubiaceae,Vangueriella,17,611,14175
Rubiaceae,Vangueriopsis,4,611,14175
Rubiaceae,Vidalasia,5,611,14175
Rubiaceae,Villaria,11,611,14175
Rubiaceae,Virectaria,8,611,14175
Rubiaceae,Wandersong,2,611,14175
Rubiaceae,Warszewiczia,8,611,14175
Rubiaceae,Wendlandia,82,611,14175
Rubiaceae,Wittmackanthus,1,611,14175
Rubiaceae,Xanthophytum,32,611,14175
Rubiaceae,Xantonneopsis,1,611,14175
Rubiaceae,Zuccarinia,1,611,14175
Rutaceae,Acmadenia,37,151,2271
Rutaceae,Acradenia,2,151,2271
Rutaceae,Acronychia,51,151,2271
Rutaceae,Adenandra,20,151,2271
Rutaceae,Adiscanthus,1,151,2271
Rutaceae,Aegle,2,151,2271
Rutaceae,Aeglopsis,4,151,2271
Rutaceae,Afraegle,2,151,2271
Rutaceae,Afraurantium,1,151,2271
Rutaceae,Agathosma,146,151,2271
Rutaceae,Amyris,57,151,2271
Rutaceae,Andreadoxa,1,151,2271
Rutaceae,Angostura,12,151,2271
Rutaceae,Apocaulon,1,151,2271
Rutaceae,Asterolasia,19,151,2271
Rutaceae,Atalantia,21,151,2271
Rutaceae,Balfourodendron,2,151,2271
Rutaceae,Balsamocitrus,3,151,2271
Rutaceae,Bergera,11,151,2271
Rutaceae,Boenninghausenia,1,151,2271
Rutaceae,Boronia,135,151,2271
Rutaceae,Bosistoa,6,151,2271
Rutaceae,Bottegoa,1,151,2271
Rutaceae,Bouchardatia,2,151,2271
Rutaceae,Brombya,2,151,2271
Rutaceae,Burkillanthus,1,151,2271
Rutaceae,Calodendrum,2,151,2271
Rutaceae,Casimiroa,10,151,2271
Rutaceae,Cedrelopsis,8,151,2271
Rutaceae,Chloroxylon,1,151,2271
Rutaceae,Choisya,6,151,2271
Rutaceae,Chorilaena,4,151,2271
Rutaceae,Citropsis,9,151,2271
Rutaceae,Citrus,33,151,2271
Rutaceae,Clausena,21,151,2271
Rutaceae,Clymenia,2,151,2271
Rutaceae,Cneoridium,2,151,2271
Rutaceae,Cneorum,2,151,2271
Rutaceae,Coleonema,9,151,2271
Rutaceae,Comptonella,8,151,2271
Rutaceae,Conchocarpus,52,151,2271
Rutaceae,Correa,13,151,2271
Rutaceae,Crossosperma,2,151,2271
Rutaceae,Crowea,3,151,2271
Rutaceae,Cyanothamnus,23,151,2271
Rutaceae,Decagonocarpus,2,151,2271
Rutaceae,Decatropis,3,151,2271
Rutaceae,Decazyx,2,151,2271
Rutaceae,Desmotes,1,151,2271
Rutaceae,Dictamnus,3,151,2271
Rutaceae,Dictyoloma,1,151,2271
Rutaceae,Dinosperma,4,151,2271
Rutaceae,Diosma,30,151,2271
Rutaceae,Diplolaena,15,151,2271
Rutaceae,Drummondita,11,151,2271
Rutaceae,Dryades,5,151,2271
Rutaceae,Dutailliopsis,1,151,2271
Rutaceae,Dutaillyea,3,151,2271
Rutaceae,Empleurum,3,151,2271
Rutaceae,Eriostemon,4,151,2271
Rutaceae,Ertela,2,151,2271
Rutaceae,Erythrochiton,7,151,2271
Rutaceae,Esenbeckia,36,151,2271
Rutaceae,Euchaetis,23,151,2271
Rutaceae,Euodia,7,151,2271
Rutaceae,Euxylophora,1,151,2271
Rutaceae,Fagaropsis,4,151,2271
Rutaceae,Feroniella,1,151,2271
Rutaceae,Flindersia,17,151,2271
Rutaceae,Galipea,14,151,2271
Rutaceae,Geijera,8,151,2271
Rutaceae,Geleznowia,6,151,2271
Rutaceae,Glycosmis,54,151,2271
Rutaceae,Halfordia,1,151,2271
Rutaceae,Haplophyllum,74,151,2271
Rutaceae,Harrisonia,3,151,2271
Rutaceae,Helietta,11,151,2271
Rutaceae,Hortia,10,151,2271
Rutaceae,Ivodea,30,151,2271
Rutaceae,Leionema,28,151,2271
Rutaceae,Leptothyrsa,1,151,2271
Rutaceae,Limonia,1,151,2271
Rutaceae,Lubaria,2,151,2271
Rutaceae,Lunasia,1,151,2271
Rutaceae,Luvunga,11,151,2271
Rutaceae,Maclurodendron,6,151,2271
Rutaceae,Macrostylis,10,151,2271
Rutaceae,Medicosma,25,151,2271
Rutaceae,Megastigma,6,151,2271
Rutaceae,Melicope,243,151,2271
Rutaceae,Merope,1,151,2271
Rutaceae,Metrodorea,6,151,2271
Rutaceae,Micromelum,9,151,2271
Rutaceae,Monanthocitrus,4,151,2271
Rutaceae,Muiriantha,1,151,2271
Rutaceae,Murraya,10,151,2271
Rutaceae,Myrtopsis,8,151,2271
Rutaceae,Naringi,1,151,2271
Rutaceae,Naudinia,1,151,2271
Rutaceae,Nematolepis,7,151,2271
Rutaceae,Neobyrnesia,1,151,2271
Rutaceae,Neoraputia,9,151,2271
Rutaceae,Neoschmidia,2,151,2271
Rutaceae,Orixa,1,151,2271
Rutaceae,Pamburus,1,151,2271
Rutaceae,Paramignya,17,151,2271
Rutaceae,Peltostigma,2,151,2271
Rutaceae,Pentaceras,1,151,2271
Rutaceae,Perryodendron,1,151,2271
Rutaceae,Phebalium,39,151,2271
Rutaceae,Phellodendron,2,151,2271
Rutaceae,Philotheca,54,151,2271
Rutaceae,Phyllosma,2,151,2271
Rutaceae,Picrella,3,151,2271
Rutaceae,Pilocarpus,19,151,2271
Rutaceae,Pitavia,1,151,2271
Rutaceae,Pitaviaster,1,151,2271
Rutaceae,Pleiospermium,7,151,2271
Rutaceae,Plethadenia,2,151,2271
Rutaceae,Polyaster,1,151,2271
Rutaceae,Pseudiosma,1,151,2271
Rutaceae,Psilopeganum,1,151,2271
Rutaceae,Ptaeroxylon,1,151,2271
Rutaceae,Ptelea,3,151,2271
Rutaceae,Raputia,14,151,2271
Rutaceae,Raputiarana,2,151,2271
Rutaceae,Rauia,5,151,2271
Rutaceae,Raulinoa,1,151,2271
Rutaceae,Ravenia,11,151,2271
Rutaceae,Raveniopsis,20,151,2271
Rutaceae,Ruta,11,151,2271
Rutaceae,Rutaneblina,1,151,2271
Rutaceae,Sarcomelicope,10,151,2271
Rutaceae,Sheilanthera,1,151,2271
Rutaceae,Sigmatanthus,1,151,2271
Rutaceae,Skimmia,7,151,2271
Rutaceae,Sohnreyia,5,151,2271
Rutaceae,Spathelia,11,151,2271
Rutaceae,Spiranthera,6,151,2271
Rutaceae,Stauranthus,2,151,2271
Rutaceae,Swinglea,1,151,2271
Rutaceae,Tetractomia,6,151,2271
Rutaceae,Tetradium,9,151,2271
Rutaceae,Thamnosma,15,151,2271
Rutaceae,Ticorea,6,151,2271
Rutaceae,Toxosiphon,4,151,2271
Rutaceae,Triphasia,3,151,2271
Rutaceae,Vepris,98,151,2271
Rutaceae,Wenzelia,8,151,2271
Rutaceae,Zanthoxylum,245,151,2271
Rutaceae,Zieria,66,151,2271
Sabiaceae,Meliosma,128,3,164
Sabiaceae,Ophiocaryon,10,3,164
Sabiaceae,Sabia,26,3,164
Salicaceae,Abatia,10,55,1537
Salicaceae,Azara,11,55,1537
Salicaceae,Banara,34,55,1537
Salicaceae,Bartholomaea,3,55,1537
Salicaceae,Bembicia,1,55,1537
Salicaceae,Bennettiodendron,7,55,1537
Salicaceae,Bivinia,1,55,1537
Salicaceae,Byrsanthus,1,55,1537
Salicaceae,Calantica,10,55,1537
Salicaceae,Carrierea,4,55,1537
Salicaceae,Casearia,222,55,1537
Salicaceae,Dissomeria,2,55,1537
Salicaceae,Dovyalis,18,55,1537
Salicaceae,Euceraea,3,55,1537
Salicaceae,Flacourtia,22,55,1537
Salicaceae,Hasseltia,6,55,1537
Salicaceae,Hasseltiopsis,1,55,1537
Salicaceae,Hecatostemon,1,55,1537
Salicaceae,Hemiscolopia,1,55,1537
Salicaceae,Homalium,153,55,1537
Salicaceae,Idesia,1,55,1537
Salicaceae,Irenodendron,3,55,1537
Salicaceae,Itoa,2,55,1537
Salicaceae,Laetia,7,55,1537
Salicaceae,Lasiochlamys,10,55,1537
Salicaceae,Ludia,25,55,1537
Salicaceae,Lunania,15,55,1537
Salicaceae,Macrohasseltia,1,55,1537
Salicaceae,Macrothumia,1,55,1537
Salicaceae,Mocquerysia,2,55,1537
Salicaceae,Neopringlea,2,55,1537
Salicaceae,Neoptychocarpus,3,55,1537
Salicaceae,Neosprucea,10,55,1537
Salicaceae,Olmediella,1,55,1537
Salicaceae,Oncoba,4,55,1537
Salicaceae,Ophiobotrys,1,55,1537
Salicaceae,Osmelia,4,55,1537
Salicaceae,Phyllobotryon,4,55,1537
Salicaceae,Pineda,2,55,1537
Salicaceae,Piparea,2,55,1537
Salicaceae,Pleuranthodendron,1,55,1537
Salicaceae,Poliothyrsis,2,55,1537
Salicaceae,Populus,100,55,1537
Salicaceae,Prockia,6,55,1537
Salicaceae,Pseudoscolopia,1,55,1537
Salicaceae,Pseudosmelia,1,55,1537
Salicaceae,Ryania,9,55,1537
Salicaceae,Salix,622,55,1537
Salicaceae,Samyda,13,55,1537
Salicaceae,Scolopia,47,55,1537
Salicaceae,Tetrathylacium,2,55,1537
Salicaceae,Tisonia,14,55,1537
Salicaceae,Trichostephanus,2,55,1537
Salicaceae,Trimeria,2,55,1537
Salicaceae,Xylosma,104,55,1537
Salviniaceae,Azolla,6,2,19
Salviniaceae,Salvinia,13,2,19
Santalaceae,Acanthosyris,6,43,1111
Santalaceae,Amphorogyne,3,43,1111
Santalaceae,Antidaphne,9,43,1111
Santalaceae,Arceuthobium,40,43,1111
Santalaceae,Buckleya,5,43,1111
Santalaceae,Cervantesia,2,43,1111
Santalaceae,Choretrum,7,43,1111
Santalaceae,Comandra,1,43,1111
Santalaceae,Daenikera,1,43,1111
Santalaceae,Dendromyza,30,43,1111
Santalaceae,Dendrophthora,133,43,1111
Santalaceae,Dendrotrophe,7,43,1111
Santalaceae,Elaphanthera,1,43,1111
Santalaceae,Eubrachion,2,43,1111
Santalaceae,Exocarpos,27,43,1111
Santalaceae,Geocaulon,1,43,1111
Santalaceae,Ginalloa,9,43,1111
Santalaceae,Henslowia,3,43,1111
Santalaceae,Hylomyza,3,43,1111
Santalaceae,Jodina,1,43,1111
Santalaceae,Korthalsella,10,43,1111
Santalaceae,Lacomucinaea,1,43,1111
Santalaceae,Lepidoceras,3,43,1111
Santalaceae,Leptomeria,20,43,1111
Santalaceae,Mida,1,43,1111
Santalaceae,Myoschilos,1,43,1111
Santalaceae,Nanodea,1,43,1111
Santalaceae,Nestronia,1,43,1111
Santalaceae,Notothixos,8,43,1111
Santalaceae,Okoubaka,2,43,1111
Santalaceae,Omphacomeria,1,43,1111
Santalaceae,Osyridicarpos,1,43,1111
Santalaceae,Osyris,5,43,1111
Santalaceae,Phacellaria,7,43,1111
Santalaceae,Phoradendron,283,43,1111
Santalaceae,Pilgerina,1,43,1111
Santalaceae,Pyrularia,2,43,1111
Santalaceae,Rhoiacarpos,1,43,1111
Santalaceae,Santalum,18,43,1111
Santalaceae,Scleropyrum,4,43,1111
Santalaceae,Staufferia,1,43,1111
Santalaceae,Thesium,334,43,1111
Santalaceae,Viscum,114,43,1111
Sapindaceae,Acer,170,141,2011
Sapindaceae,Aesculus,17,141,2011
Sapindaceae,Alatococcus,1,141,2011
Sapindaceae,Alectryon,40,141,2011
Sapindaceae,Allophylastrum,1,141,2011
Sapindaceae,Allophylus,211,141,2011
Sapindaceae,Amesiodendron,2,141,2011
Sapindaceae,Aporrhiza,7,141,2011
Sapindaceae,Arfeuillea,1,141,2011
Sapindaceae,Arytera,27,141,2011
Sapindaceae,Atalaya,16,141,2011
Sapindaceae,Athyana,1,141,2011
Sapindaceae,Averrhoidium,4,141,2011
Sapindaceae,Beguea,9,141,2011
Sapindaceae,Billia,2,141,2011
Sapindaceae,Bizonula,1,141,2011
Sapindaceae,Blighia,3,141,2011
Sapindaceae,Blighiopsis,2,141,2011
Sapindaceae,Blomia,1,141,2011
Sapindaceae,Boniodendron,2,141,2011
Sapindaceae,Bridgesia,1,141,2011
Sapindaceae,Camptolepis,4,141,2011
Sapindaceae,Cardiospermum,11,141,2011
Sapindaceae,Castanospora,1,141,2011
Sapindaceae,Chonopetalum,1,141,2011
Sapindaceae,Chouxia,6,141,2011
Sapindaceae,Chytranthus,32,141,2011
Sapindaceae,Cnesmocarpon,4,141,2011
Sapindaceae,Conchopetalum,2,141,2011
Sapindaceae,Cossinia,4,141,2011
Sapindaceae,Cubilia,1,141,2011
Sapindaceae,Cupania,59,141,2011
Sapindaceae,Cupaniopsis,63,141,2011
Sapindaceae,Deinbollia,39,141,2011
Sapindaceae,Delavaya,1,141,2011
Sapindaceae,Diatenopteryx,2,141,2011
Sapindaceae,Dictyoneura,2,141,2011
Sapindaceae,Dilodendron,3,141,2011
Sapindaceae,Dimocarpus,9,141,2011
Sapindaceae,Diploglottis,11,141,2011
Sapindaceae,Diplokeleba,2,141,2011
Sapindaceae,Diplopeltis,5,141,2011
Sapindaceae,Dipteronia,2,141,2011
Sapindaceae,Dodonaea,72,141,2011
Sapindaceae,Doratoxylon,5,141,2011
Sapindaceae,Elattostachys,20,141,2011
Sapindaceae,Eriocoelum,11,141,2011
Sapindaceae,Erythrophysa,9,141,2011
Sapindaceae,Euchorium,1,141,2011
Sapindaceae,Euphorianthus,1,141,2011
Sapindaceae,Eurycorymbus,1,141,2011
Sapindaceae,Exothea,3,141,2011
Sapindaceae,Filicium,3,141,2011
Sapindaceae,Ganophyllum,2,141,2011
Sapindaceae,Gereaua,1,141,2011
Sapindaceae,Glenniea,8,141,2011
Sapindaceae,Gloeocarpus,1,141,2011
Sapindaceae,Gongrodiscus,3,141,2011
Sapindaceae,Gongrospermum,1,141,2011
Sapindaceae,Guindilia,3,141,2011
Sapindaceae,Guioa,72,141,2011
Sapindaceae,Handeliodendron,1,141,2011
Sapindaceae,Haplocoelopsis,1,141,2011
Sapindaceae,Haplocoelum,5,141,2011
Sapindaceae,Harpullia,28,141,2011
Sapindaceae,Hippobromus,1,141,2011
Sapindaceae,Hirania,1,141,2011
Sapindaceae,Hornea,1,141,2011
Sapindaceae,Hypelate,1,141,2011
Sapindaceae,Jagera,3,141,2011
Sapindaceae,Koelreuteria,3,141,2011
Sapindaceae,Laccodiscus,4,141,2011
Sapindaceae,Lecaniodiscus,3,141,2011
Sapindaceae,Lepiderema,8,141,2011
Sapindaceae,Lepidopetalum,8,141,2011
Sapindaceae,Lepisanthes,32,141,2011
Sapindaceae,Litchi,2,141,2011
Sapindaceae,Llagunoa,3,141,2011
Sapindaceae,Lophostigma,2,141,2011
Sapindaceae,Loxodiscus,1,141,2011
Sapindaceae,Lychnodiscus,7,141,2011
Sapindaceae,Macphersonia,6,141,2011
Sapindaceae,Magonia,1,141,2011
Sapindaceae,Majidea,2,141,2011
Sapindaceae,Matayba,49,141,2011
Sapindaceae,Melicoccus,10,141,2011
Sapindaceae,Mischarytera,4,141,2011
Sapindaceae,Mischocarpus,14,141,2011
Sapindaceae,Molinaea,9,141,2011
Sapindaceae,Namataea,1,141,2011
Sapindaceae,Nephelium,24,141,2011
Sapindaceae,Omalocarpus,1,141,2011
Sapindaceae,Otonephelium,1,141,2011
Sapindaceae,Pancovia,13,141,2011
Sapindaceae,Pappea,1,141,2011
Sapindaceae,Paranephelium,6,141,2011
Sapindaceae,Paullinia,185,141,2011
Sapindaceae,Pavieasia,3,141,2011
Sapindaceae,Pentascyphus,1,141,2011
Sapindaceae,Phyllotrichum,1,141,2011
Sapindaceae,Placodiscus,22,141,2011
Sapindaceae,Plagioscyphus,10,141,2011
Sapindaceae,Podonephelium,11,141,2011
Sapindaceae,Pometia,2,141,2011
Sapindaceae,Porocystis,2,141,2011
Sapindaceae,Pseudima,2,141,2011
Sapindaceae,Pseudopancovia,1,141,2011
Sapindaceae,Pseudopteris,3,141,2011
Sapindaceae,Radlkofera,1,141,2011
Sapindaceae,Rhysotoechia,19,141,2011
Sapindaceae,Sapindus,14,141,2011
Sapindaceae,Sarcopteryx,12,141,2011
Sapindaceae,Sarcotoechia,10,141,2011
Sapindaceae,Schleichera,2,141,2011
Sapindaceae,Scyphonychium,1,141,2011
Sapindaceae,Serjania,248,141,2011
Sapindaceae,Sisyrolepis,1,141,2011
Sapindaceae,Smelophyllum,1,141,2011
Sapindaceae,Stadtmannia,6,141,2011
Sapindaceae,Stocksia,1,141,2011
Sapindaceae,Storthocalyx,5,141,2011
Sapindaceae,Synima,3,141,2011
Sapindaceae,Talisia,54,141,2011
Sapindaceae,Thinouia,10,141,2011
Sapindaceae,Thouinia,27,141,2011
Sapindaceae,Thouinidium,7,141,2011
Sapindaceae,Tina,19,141,2011
Sapindaceae,Toechima,6,141,2011
Sapindaceae,Toulicia,15,141,2011
Sapindaceae,Trigonachras,6,141,2011
Sapindaceae,Tripterodendron,1,141,2011
Sapindaceae,Tristira,1,141,2011
Sapindaceae,Tristiropsis,6,141,2011
Sapindaceae,Tsingya,1,141,2011
Sapindaceae,Ungnadia,1,141,2011
Sapindaceae,Urvillea,20,141,2011
Sapindaceae,Vouarana,2,141,2011
Sapindaceae,Xanthoceras,1,141,2011
Sapindaceae,Xerospermum,3,141,2011
Sapindaceae,Zanha,3,141,2011
Sapindaceae,Zollingeria,4,141,2011
Sapotaceae,Abebaia,3,74,1379
Sapotaceae,Achrouteria,3,74,1379
Sapotaceae,Amorphospermum,1,74,1379
Sapotaceae,Aningeria,5,74,1379
Sapotaceae,Aubregrinia,1,74,1379
Sapotaceae,Aulandra,3,74,1379
Sapotaceae,Autranella,1,74,1379
Sapotaceae,Baillonella,1,74,1379
Sapotaceae,Bemangidia,2,74,1379
Sapotaceae,Breviea,1,74,1379
Sapotaceae,Burckella,13,74,1379
Sapotaceae,Capurodendron,43,74,1379
Sapotaceae,Chloroluma,2,74,1379
Sapotaceae,Chromolucuma,9,74,1379
Sapotaceae,Chrysophyllum,38,74,1379
Sapotaceae,Cornuella,1,74,1379
Sapotaceae,Delpydora,2,74,1379
Sapotaceae,Diploknema,7,74,1379
Sapotaceae,Diploon,1,74,1379
Sapotaceae,Donella,17,74,1379
Sapotaceae,Eberhardtia,3,74,1379
Sapotaceae,Ecclinusa,12,74,1379
Sapotaceae,Elaeoluma,5,74,1379
Sapotaceae,Englerella,1,74,1379
Sapotaceae,Englerophytum,21,74,1379
Sapotaceae,Gambeya,16,74,1379
Sapotaceae,Gayella,1,74,1379
Sapotaceae,Gluema,2,74,1379
Sapotaceae,Inhambanella,2,74,1379
Sapotaceae,Isonandra,10,74,1379
Sapotaceae,Labatia,16,74,1379
Sapotaceae,Labourdonnaisia,18,74,1379
Sapotaceae,Labramia,10,74,1379
Sapotaceae,Lecomtedoxa,6,74,1379
Sapotaceae,Letestua,1,74,1379
Sapotaceae,Lucuma,19,74,1379
Sapotaceae,Madhuca,123,74,1379
Sapotaceae,Magodendron,2,74,1379
Sapotaceae,Malacantha,1,74,1379
Sapotaceae,Manilkara,76,74,1379
Sapotaceae,Martiusella,1,74,1379
Sapotaceae,Micropholis,41,74,1379
Sapotaceae,Mimusops,46,74,1379
Sapotaceae,Nemaluma,2,74,1379
Sapotaceae,Neohemsleya,1,74,1379
Sapotaceae,Neolemonniera,3,74,1379
Sapotaceae,Niemeyera,4,74,1379
Sapotaceae,Northia,1,74,1379
Sapotaceae,Omphalocarpum,27,74,1379
Sapotaceae,Palaquium,120,74,1379
Sapotaceae,Payena,20,74,1379
Sapotaceae,Peteniodendron,4,74,1379
Sapotaceae,Pichonia,13,74,1379
Sapotaceae,Planchonella,110,74,1379
Sapotaceae,Pleioluma,40,74,1379
Sapotaceae,Pouteria,175,74,1379
Sapotaceae,Pradosia,26,74,1379
Sapotaceae,Prieurella,5,74,1379
Sapotaceae,Pycnandra,62,74,1379
Sapotaceae,Ragala,4,74,1379
Sapotaceae,Sahulia,1,74,1379
Sapotaceae,Sarcaulus,5,74,1379
Sapotaceae,Sarcosperma,11,74,1379
Sapotaceae,Sersalisia,5,74,1379
Sapotaceae,Sideroxylon,85,74,1379
Sapotaceae,Spiniluma,2,74,1379
Sapotaceae,Synsepalum,37,74,1379
Sapotaceae,Tieghemella,3,74,1379
Sapotaceae,Tridesmostemon,2,74,1379
Sapotaceae,Tsebona,2,74,1379
Sapotaceae,Van-royena,1,74,1379
Sapotaceae,Vitellaria,1,74,1379
Sapotaceae,Vitellariopsis,5,74,1379
Sapotaceae,Xantolis,15,74,1379
Sarraceniaceae,Darlingtonia,1,3,52
Sarraceniaceae,Heliamphora,18,3,52
Sarraceniaceae,Sarracenia,33,3,52
Saururaceae,Anemopsis,1,4,7
Saururaceae,Gymnotheca,3,4,7
Saururaceae,Houttuynia,1,4,7
Saururaceae,Saururus,2,4,7
Saxifragaceae,Asimitellaria,11,38,906
Saxifragaceae,Astilbe,30,38,906
Saxifragaceae,Astilboides,1,38,906
Saxifragaceae,Bensoniella,1,38,906
Saxifragaceae,Bergenia,10,38,906
Saxifragaceae,Bolandra,2,38,906
Saxifragaceae,Boykinia,7,38,906
Saxifragaceae,Brewerimitella,2,38,906
Saxifragaceae,Cascadia,1,38,906
Saxifragaceae,Chrysosplenium,84,38,906
Saxifragaceae,Conimitella,1,38,906
Saxifragaceae,Darmera,1,38,906
Saxifragaceae,Elmera,1,38,906
Saxifragaceae,Heuchera,46,38,906
Saxifragaceae,Jepsonia,3,38,906
Saxifragaceae,Leptarrhena,1,38,906
Saxifragaceae,Lithophragma,10,38,906
Saxifragaceae,Micranthes,86,38,906
Saxifragaceae,Mitella,4,38,906
Saxifragaceae,Mitellastra,1,38,906
Saxifragaceae,Mukdenia,1,38,906
Saxifragaceae,Oresitrophe,1,38,906
Saxifragaceae,Ozomelis,3,38,906
Saxifragaceae,Pectiantia,1,38,906
Saxifragaceae,Peltoboykinia,2,38,906
Saxifragaceae,Rodgersia,5,38,906
Saxifragaceae,Saniculiphyllum,1,38,906
Saxifragaceae,Saxifraga,566,38,906
Saxifragaceae,Saxifragodes,1,38,906
Saxifragaceae,Saxifragopsis,1,38,906
Saxifragaceae,Spuriomitella,1,38,906
Saxifragaceae,Suksdorfia,3,38,906
Saxifragaceae,Sullivantia,4,38,906
Saxifragaceae,Tanakaea,1,38,906
Saxifragaceae,Telesonix,2,38,906
Saxifragaceae,Tellima,1,38,906
Saxifragaceae,Tiarella,7,38,906
Saxifragaceae,Tolmiea,2,38,906
Scheuchzeriaceae,Scheuchzeria,1,1,1
Schisandraceae,Illicium,38,3,81
Schisandraceae,Kadsura,17,3,81
Schisandraceae,Schisandra,26,3,81
Schizaeaceae,Actinostachys,17,3,41
Schizaeaceae,Microschizaea,7,3,41
Schizaeaceae,Schizaea,17,3,41
Sciadopityaceae,Sciadopitys,1,1,1
Scrophulariaceae,Alonsoa,11,59,2350
Scrophulariaceae,Ameroglossum,9,59,2350
Scrophulariaceae,Androya,1,59,2350
Scrophulariaceae,Antherothamnus,1,59,2350
Scrophulariaceae,Anticharis,11,59,2350
Scrophulariaceae,Aptosimum,23,59,2350
Scrophulariaceae,Barthlottia,1,59,2350
Scrophulariaceae,Bontia,1,59,2350
Scrophulariaceae,Buddleja,118,59,2350
Scrophulariaceae,Camptoloma,3,59,2350
Scrophulariaceae,Capraria,7,59,2350
Scrophulariaceae,Chaenostoma,47,59,2350
Scrophulariaceae,Chamaecrypta,1,59,2350
Scrophulariaceae,Chenopodiopsis,3,59,2350
Scrophulariaceae,Colpias,1,59,2350
Scrophulariaceae,Cromidon,12,59,2350
Scrophulariaceae,Dermatobotrys,1,59,2350
Scrophulariaceae,Diascia,64,59,2350
Scrophulariaceae,Diclis,9,59,2350
Scrophulariaceae,Dischisma,11,59,2350
Scrophulariaceae,Dolichostemon,1,59,2350
Scrophulariaceae,Eremogeton,1,59,2350
Scrophulariaceae,Eremophila,249,59,2350
Scrophulariaceae,Freylinia,10,59,2350
Scrophulariaceae,Glekia,1,59,2350
Scrophulariaceae,Globulariopsis,7,59,2350
Scrophulariaceae,Glumicalyx,6,59,2350
Scrophulariaceae,Glycocystis,1,59,2350
Scrophulariaceae,Gomphostigma,2,59,2350
Scrophulariaceae,Gosela,1,59,2350
Scrophulariaceae,Hebenstretia,25,59,2350
Scrophulariaceae,Hemimeris,4,59,2350
Scrophulariaceae,Jamesbrittenia,84,59,2350
Scrophulariaceae,Leucophyllum,17,59,2350
Scrophulariaceae,Lyperia,6,59,2350
Scrophulariaceae,Manulea,74,59,2350
Scrophulariaceae,Manuleopsis,1,59,2350
Scrophulariaceae,Melanospermum,6,59,2350
Scrophulariaceae,Microdon,7,59,2350
Scrophulariaceae,Myoporum,36,59,2350
Scrophulariaceae,Nathaliella,1,59,2350
Scrophulariaceae,Nemesia,69,59,2350
Scrophulariaceae,Oftia,3,59,2350
Scrophulariaceae,Peliostomum,6,59,2350
Scrophulariaceae,Phygelius,2,59,2350
Scrophulariaceae,Phyllopodium,26,59,2350
Scrophulariaceae,Polycarena,18,59,2350
Scrophulariaceae,Pseudoselago,28,59,2350
Scrophulariaceae,Ranopisoa,1,59,2350
Scrophulariaceae,Scrophularia,297,59,2350
Scrophulariaceae,Scrophulariverbascum,1,59,2350
Scrophulariaceae,Selago,199,59,2350
Scrophulariaceae,Strobilopsis,1,59,2350
Scrophulariaceae,Sutera,7,59,2350
Scrophulariaceae,Teedia,2,59,2350
Scrophulariaceae,Tetraselago,4,59,2350
Scrophulariaceae,Trieenea,10,59,2350
Scrophulariaceae,Verbascum,744,59,2350
Scrophulariaceae,Zaluzianskya,57,59,2350
Selaginellaceae,Selaginella,766,1,766
Simaroubaceae,Ailanthus,6,20,128
Simaroubaceae,Brucea,10,20,128
Simaroubaceae,Castela,19,20,128
Simaroubaceae,Eurycoma,3,20,128
Simaroubaceae,Gymnostemon,1,20,128
Simaroubaceae,Hannoa,2,20,128
Simaroubaceae,Homalolepis,28,20,128
Simaroubaceae,Iridosma,1,20,128
Simaroubaceae,Leitneria,2,20,128
Simaroubaceae,Nothospondias,1,20,128
Simaroubaceae,Odyendea,2,20,128
Simaroubaceae,Perriera,2,20,128
Simaroubaceae,Picrasma,13,20,128
Simaroubaceae,Picrolemma,2,20,128
Simaroubaceae,Pierreodendron,2,20,128
Simaroubaceae,Quassia,2,20,128
Simaroubaceae,Samadera,4,20,128
Simaroubaceae,Simaba,8,20,128
Simaroubaceae,Simarouba,6,20,128
Simaroubaceae,Soulamea,14,20,128
Smilacaceae,Smilax,261,1,261
Solanaceae,Alkekengi,1,102,2730
Solanaceae,Anisodus,4,102,2730
Solanaceae,Anthocercis,10,102,2730
Solanaceae,Anthotroche,3,102,2730
Solanaceae,Athenaea,14,102,2730
Solanaceae,Atropa,1,102,2730
Solanaceae,Atropanthe,1,102,2730
Solanaceae,Benthamiella,12,102,2730
Solanaceae,Bouchetia,3,102,2730
Solanaceae,Browallia,22,102,2730
Solanaceae,Brugmansia,10,102,2730
Solanaceae,Brunfelsia,49,102,2730
Solanaceae,Calibrachoa,29,102,2730
Solanaceae,Calliphysalis,1,102,2730
Solanaceae,Capsicophysalis,1,102,2730
Solanaceae,Capsicum,43,102,2730
Solanaceae,Cataracta,1,102,2730
Solanaceae,Cestrum,176,102,2730
Solanaceae,Chamaesaracha,11,102,2730
Solanaceae,Coeloneurum,1,102,2730
Solanaceae,Combera,2,102,2730
Solanaceae,Crenidium,1,102,2730
Solanaceae,Cuatresia,19,102,2730
Solanaceae,Cyphanthera,8,102,2730
Solanaceae,Darcyanthus,1,102,2730
Solanaceae,Datura,14,102,2730
Solanaceae,Deprea,53,102,2730
Solanaceae,Discopodium,2,102,2730
Solanaceae,Doselia,4,102,2730
Solanaceae,Duboisia,4,102,2730
Solanaceae,Duckeodendron,1,102,2730
Solanaceae,Dunalia,4,102,2730
Solanaceae,Dyssochroma,5,102,2730
Solanaceae,Ectozoma,1,102,2730
Solanaceae,Eriolarynx,4,102,2730
Solanaceae,Espadaea,1,102,2730
Solanaceae,Exodeconus,6,102,2730
Solanaceae,Fabiana,16,102,2730
Solanaceae,Goetzea,2,102,2730
Solanaceae,Grammosolen,4,102,2730
Solanaceae,Hawkesiophyton,3,102,2730
Solanaceae,Henoonia,1,102,2730
Solanaceae,Heteranthia,1,102,2730
Solanaceae,Hunzikeria,4,102,2730
Solanaceae,Hyoscyamus,17,102,2730
Solanaceae,Iochroma,29,102,2730
Solanaceae,Jaborosa,23,102,2730
Solanaceae,Jaltomata,73,102,2730
Solanaceae,Juanulloa,7,102,2730
Solanaceae,Latua,1,102,2730
Solanaceae,Leptoglossis,6,102,2730
Solanaceae,Leucophysalis,2,102,2730
Solanaceae,Lycianthes,135,102,2730
Solanaceae,Lycium,95,102,2730
Solanaceae,Mandragora,2,102,2730
Solanaceae,Markea,14,102,2730
Solanaceae,Melananthus,5,102,2730
Solanaceae,Mellissia,1,102,2730
Solanaceae,Merinthopodium,3,102,2730
Solanaceae,Metternichia,2,102,2730
Solanaceae,Nectouxia,1,102,2730
Solanaceae,Nicandra,3,102,2730
Solanaceae,Nicotiana,104,102,2730
Solanaceae,Nierembergia,20,102,2730
Solanaceae,Nolana,92,102,2730
Solanaceae,Nothocestrum,4,102,2730
Solanaceae,Oryctes,1,102,2730
Solanaceae,Pantacantha,1,102,2730
Solanaceae,Petunia,17,102,2730
Solanaceae,Physaliastrum,9,102,2730
Solanaceae,Physalis,84,102,2730
Solanaceae,Physochlaina,7,102,2730
Solanaceae,Plowmania,1,102,2730
Solanaceae,Protoschwenkia,1,102,2730
Solanaceae,Przewalskia,1,102,2730
Solanaceae,Quincula,1,102,2730
Solanaceae,Reyesia,4,102,2730
Solanaceae,Salpichroa,21,102,2730
Solanaceae,Salpiglossis,2,102,2730
Solanaceae,Saracha,5,102,2730
Solanaceae,Sarcophysa,1,102,2730
Solanaceae,Schizanthus,16,102,2730
Solanaceae,Schraderanthus,1,102,2730
Solanaceae,Schultesianthus,8,102,2730
Solanaceae,Schwenckia,20,102,2730
Solanaceae,Sclerophylax,12,102,2730
Solanaceae,Scopolia,2,102,2730
Solanaceae,Sessea,23,102,2730
Solanaceae,Solandra,10,102,2730
Solanaceae,Solanum,1244,102,2730
Solanaceae,Streptosolen,1,102,2730
Solanaceae,Symonanthus,2,102,2730
Solanaceae,Trianaea,3,102,2730
Solanaceae,Trompettia,1,102,2730
Solanaceae,Trozelia,2,102,2730
Solanaceae,Tsoala,1,102,2730
Solanaceae,Tubocapsicum,1,102,2730
Solanaceae,Tzeltalia,3,102,2730
Solanaceae,Vassobia,2,102,2730
Solanaceae,Vestia,1,102,2730
Solanaceae,Withania,9,102,2730
Solanaceae,Witheringia,19,102,2730
Sphagnaceae,Sphagnum,289,1,289
Stachyuraceae,Stachyurus,10,1,10
Staphyleaceae,Dalrympelea,8,3,43
Staphyleaceae,Staphylea,24,3,43
Staphyleaceae,Turpinia,11,3,43
Stemonuraceae,Cantleya,1,12,79
Stemonuraceae,Codiocarpus,2,12,79
Stemonuraceae,Discophora,2,12,79
Stemonuraceae,Gastrolepis,2,12,79
Stemonuraceae,Gomphandra,44,12,79
Stemonuraceae,Grisollea,3,12,79
Stemonuraceae,Hartleya,1,12,79
Stemonuraceae,Irvingbaileya,1,12,79
Stemonuraceae,Lasianthera,1,12,79
Stemonuraceae,Medusanthera,8,12,79
Stemonuraceae,Stemonurus,13,12,79
Stemonuraceae,Whitmorea,1,12,79
Stilbaceae,Anastrabe,1,12,42
Stilbaceae,Bowkeria,4,12,42
Stilbaceae,Campylostachys,2,12,42
Stilbaceae,Charadrophila,1,12,42
Stilbaceae,Euthystachys,1,12,42
Stilbaceae,Halleria,5,12,42
Stilbaceae,Ixianthes,1,12,42
Stilbaceae,Kogelbergia,2,12,42
Stilbaceae,Nuxia,16,12,42
Stilbaceae,Retzia,1,12,42
Stilbaceae,Stilbe,7,12,42
Stilbaceae,Thesmophora,1,12,42
Stylidiaceae,Donatia,2,5,314
Stylidiaceae,Forstera,7,5,314
Stylidiaceae,Levenhookia,12,5,314
Stylidiaceae,Phyllachne,4,5,314
Stylidiaceae,Stylidium,289,5,314
Styracaceae,Alniphyllum,3,12,163
Styracaceae,Bruinsmia,2,12,163
Styracaceae,Changiostyrax,1,12,163
Styracaceae,Halesia,2,12,163
Styracaceae,Huodendron,5,12,163
Styracaceae,Melliodendron,1,12,163
Styracaceae,Parastyrax,1,12,163
Styracaceae,Perkinsiodendron,1,12,163
Styracaceae,Pterostyrax,3,12,163
Styracaceae,Rehderodendron,8,12,163
Styracaceae,Sinojackia,7,12,163
Styracaceae,Styrax,129,12,163
Symplocaceae,Symplocos,412,1,412
Talinaceae,Amphipetalum,1,3,27
Talinaceae,Talinella,12,3,27
Talinaceae,Talinum,14,3,27
Tamaricaceae,Myricaria,12,3,82
Tamaricaceae,Reaumuria,10,3,82
Tamaricaceae,Tamarix,60,3,82
Tapisciaceae,Huertea,4,2,6
Tapisciaceae,Tapiscia,2,2,6
Taxaceae,Amentotaxus,6,5,27
Taxaceae,Austrotaxus,1,5,27
Taxaceae,Pseudotaxus,1,5,27
Taxaceae,Taxus,13,5,27
Taxaceae,Torreya,6,5,27
Tecophilaeaceae,Conanthera,6,9,29
Tecophilaeaceae,Cyanastrum,3,9,29
Tecophilaeaceae,Cyanella,10,9,29
Tecophilaeaceae,Eremiolirion,1,9,29
Tecophilaeaceae,Kabuyea,1,9,29
Tecophilaeaceae,Odontostomum,1,9,29
Tecophilaeaceae,Tecophilaea,2,9,29
Tecophilaeaceae,Walleria,3,9,29
Tecophilaeaceae,Zephyra,2,9,29
Theaceae,Apterosperma,1,8,374
Theaceae,Camellia,237,8,374
Theaceae,Franklinia,1,8,374
Theaceae,Gordonia,22,8,374
Theaceae,Polyspora,48,8,374
Theaceae,Pyrenaria,27,8,374
Theaceae,Schima,16,8,374
Theaceae,Stewartia,22,8,374
Thelypteridaceae,Abacopterella,1,42,1229
Thelypteridaceae,Abacopteris,14,42,1229
Thelypteridaceae,Amauropelta,239,42,1229
Thelypteridaceae,Amblovenatum,7,42,1229
Thelypteridaceae,Ampelopteris,1,42,1229
Thelypteridaceae,Chingia,25,42,1229
Thelypteridaceae,Chrinephrium,3,42,1229
Thelypteridaceae,Chrismatopteris,1,42,1229
Thelypteridaceae,Christella,94,42,1229
Thelypteridaceae,Christelliopsis,1,42,1229
Thelypteridaceae,Coryphopteris,70,42,1229
Thelypteridaceae,Cyclogramma,9,42,1229
Thelypteridaceae,Cyclosorus,3,42,1229
Thelypteridaceae,Glaphyrocyclosorus,1,42,1229
Thelypteridaceae,Glaphyropteridopsis,11,42,1229
Thelypteridaceae,Goniopteris,138,42,1229
Thelypteridaceae,Grypothrix,15,42,1229
Thelypteridaceae,Hoiokula,2,42,1229
Thelypteridaceae,Leptogramma,29,42,1229
Thelypteridaceae,Macrothelypteris,10,42,1229
Thelypteridaceae,Menisciopsis,7,42,1229
Thelypteridaceae,Meniscium,25,42,1229
Thelypteridaceae,Menisorus,5,42,1229
Thelypteridaceae,Mesophlebion,17,42,1229
Thelypteridaceae,Mesopteris,6,42,1229
Thelypteridaceae,Metathelypteris,17,42,1229
Thelypteridaceae,Oreopteris,3,42,1229
Thelypteridaceae,Pakau,1,42,1229
Thelypteridaceae,Pelazoneuron,19,42,1229
Thelypteridaceae,Phegopteris,6,42,1229
Thelypteridaceae,Plesioneuron,60,42,1229
Thelypteridaceae,Pneumatopteris,31,42,1229
Thelypteridaceae,Pronephrium,42,42,1229
Thelypteridaceae,Pseudocyclosorus,13,42,1229
Thelypteridaceae,Pseudophegopteris,25,42,1229
Thelypteridaceae,Reholttumia,29,42,1229
Thelypteridaceae,Sphaerostephanos,192,42,1229
Thelypteridaceae,Stegnogramma,7,42,1229
Thelypteridaceae,Steiropteris,28,42,1229
Thelypteridaceae,Strophocaulon,2,42,1229
Thelypteridaceae,Thelypteris,13,42,1229
Thelypteridaceae,Trigonospora,7,42,1229
Thymelaeaceae,Aetoxylon,1,52,983
Thymelaeaceae,Amyxa,1,52,983
Thymelaeaceae,Aquilaria,22,52,983
Thymelaeaceae,Arnhemia,1,52,983
Thymelaeaceae,Atemnosiphon,1,52,983
Thymelaeaceae,Craterosiphon,11,52,983
Thymelaeaceae,Dais,2,52,983
Thymelaeaceae,Daphne,109,52,983
Thymelaeaceae,Daphnimorpha,2,52,983
Thymelaeaceae,Daphnopsis,72,52,983
Thymelaeaceae,Deltaria,1,52,983
Thymelaeaceae,Diarthron,16,52,983
Thymelaeaceae,Dicranolepis,20,52,983
Thymelaeaceae,Dirca,4,52,983
Thymelaeaceae,Drapetes,1,52,983
Thymelaeaceae,Edgeworthia,5,52,983
Thymelaeaceae,Englerodaphne,3,52,983
Thymelaeaceae,Enkleia,3,52,983
Thymelaeaceae,Eriosolena,3,52,983
Thymelaeaceae,Funifera,4,52,983
Thymelaeaceae,Gnidia,109,52,983
Thymelaeaceae,Gonystylus,32,52,983
Thymelaeaceae,Goodallia,1,52,983
Thymelaeaceae,Gyrinops,9,52,983
Thymelaeaceae,Jedda,1,52,983
Thymelaeaceae,Kelleria,11,52,983
Thymelaeaceae,Lachnaea,40,52,983
Thymelaeaceae,Lagetta,3,52,983
Thymelaeaceae,Lasiadenia,2,52,983
Thymelaeaceae,Lasiosiphon,50,52,983
Thymelaeaceae,Lethedon,15,52,983
Thymelaeaceae,Linodendron,4,52,983
Thymelaeaceae,Linostoma,4,52,983
Thymelaeaceae,Lophostoma,4,52,983
Thymelaeaceae,Octolepis,7,52,983
Thymelaeaceae,Ovidia,2,52,983
Thymelaeaceae,Passerina,20,52,983
Thymelaeaceae,Peddiea,16,52,983
Thymelaeaceae,Phaleria,26,52,983
Thymelaeaceae,Pimelea,149,52,983
Thymelaeaceae,Restella,1,52,983
Thymelaeaceae,Rhamnoneuron,1,52,983
Thymelaeaceae,Schoenobiblus,11,52,983
Thymelaeaceae,Solmsia,2,52,983
Thymelaeaceae,Stellera,1,52,983
Thymelaeaceae,Stephanodaphne,9,52,983
Thymelaeaceae,Struthiola,31,52,983
Thymelaeaceae,Synandrodaphne,1,52,983
Thymelaeaceae,Synaptolepis,5,52,983
Thymelaeaceae,Tepuianthus,6,52,983
Thymelaeaceae,Thymelaea,34,52,983
Thymelaeaceae,Wikstroemia,94,52,983
Tofieldiaceae,Harperocallis,11,4,30
Tofieldiaceae,Pleea,1,4,30
Tofieldiaceae,Tofieldia,14,4,30
Tofieldiaceae,Triantha,4,4,30
Trochodendraceae,Tetracentron,1,2,2
Trochodendraceae,Trochodendron,1,2,2
Tropaeolaceae,Tropaeolum,97,1,97
Typhaceae,Sparganium,26,2,77
Typhaceae,Typha,51,2,77
Ulmaceae,Ampelocera,10,7,67
Ulmaceae,Hemiptelea,1,7,67
Ulmaceae,Holoptelea,2,7,67
Ulmaceae,Phyllostylon,1,7,67
Ulmaceae,Planera,1,7,67
Ulmaceae,Ulmus,44,7,67
Ulmaceae,Zelkova,8,7,67
Urticaceae,Achudemia,5,59,2142
Urticaceae,Archiboehmeria,1,59,2142
Urticaceae,Astrothalamus,1,59,2142
Urticaceae,Australina,2,59,2142
Urticaceae,Boehmeria,58,59,2142
Urticaceae,Capsulea,1,59,2142
Urticaceae,Cecropia,66,59,2142
Urticaceae,Chamabainia,2,59,2142
Urticaceae,Coussapoa,50,59,2142
Urticaceae,Cypholophus,35,59,2142
Urticaceae,Debregeasia,8,59,2142
Urticaceae,Dendrocnide,41,59,2142
Urticaceae,Didymodoxa,2,59,2142
Urticaceae,Discocnide,1,59,2142
Urticaceae,Droguetia,7,59,2142
Urticaceae,Elatostema,663,59,2142
Urticaceae,Elatostematoides,25,59,2142
Urticaceae,Forsskaolea,8,59,2142
Urticaceae,Gesnouinia,1,59,2142
Urticaceae,Gibbsia,2,59,2142
Urticaceae,Girardinia,3,59,2142
Urticaceae,Gonostegia,11,59,2142
Urticaceae,Gyrotaenia,5,59,2142
Urticaceae,Hemistylus,4,59,2142
Urticaceae,Hesperocnide,2,59,2142
Urticaceae,Laportea,35,59,2142
Urticaceae,Lecanthus,4,59,2142
Urticaceae,Leucosyke,33,59,2142
Urticaceae,Maoutia,9,59,2142
Urticaceae,Metapilea,1,59,2142
Urticaceae,Metatrophis,1,59,2142
Urticaceae,Musanga,2,59,2142
Urticaceae,Myrianthus,8,59,2142
Urticaceae,Myriocarpa,14,59,2142
Urticaceae,Nanocnide,4,59,2142
Urticaceae,Neodistemon,1,59,2142
Urticaceae,Neraudia,5,59,2142
Urticaceae,Nothocnide,4,59,2142
Urticaceae,Obetia,5,59,2142
Urticaceae,Oreocnide,17,59,2142
Urticaceae,Parietaria,26,59,2142
Urticaceae,Parsana,1,59,2142
Urticaceae,Pellionia,28,59,2142
Urticaceae,Petelotiella,1,59,2142
Urticaceae,Phenax,28,59,2142
Urticaceae,Pilea,622,59,2142
Urticaceae,Pipturus,29,59,2142
Urticaceae,Poikilospermum,28,59,2142
Urticaceae,Pourouma,31,59,2142
Urticaceae,Pouzolzia,53,59,2142
Urticaceae,Procris,24,59,2142
Urticaceae,Rousselia,4,59,2142
Urticaceae,Sarcochlamys,1,59,2142
Urticaceae,Scepocarpus,14,59,2142
Urticaceae,Soleirolia,1,59,2142
Urticaceae,Touchardia,2,59,2142
Urticaceae,Urera,29,59,2142
Urticaceae,Urtica,72,59,2142
Urticaceae,Zhengyia,1,59,2142
Velloziaceae,Acanthochlamys,1,6,308
Velloziaceae,Barbacenia,111,6,308
Velloziaceae,Barbaceniopsis,4,6,308
Velloziaceae,Nanuza,3,6,308
Velloziaceae,Vellozia,132,6,308
Velloziaceae,Xerophyta,57,6,308
Verbenaceae,Acantholippia,1,31,933
Verbenaceae,Aloysia,41,31,933
Verbenaceae,Bouchea,13,31,933
Verbenaceae,Casselia,7,31,933
Verbenaceae,Chascanum,32,31,933
Verbenaceae,Citharexylum,81,31,933
Verbenaceae,Coelocarpum,7,31,933
Verbenaceae,Diostea,1,31,933
Verbenaceae,Diphyllocalyx,6,31,933
Verbenaceae,Dipyrena,2,31,933
Verbenaceae,Duranta,29,31,933
Verbenaceae,Hierobotana,1,31,933
Verbenaceae,Isidroa,1,31,933
Verbenaceae,Junellia,40,31,933
Verbenaceae,Lampayo,3,31,933
Verbenaceae,Lantana,128,31,933
Verbenaceae,Lippia,174,31,933
Verbenaceae,Mulguraea,11,31,933
Verbenaceae,Nashia,1,31,933
Verbenaceae,Neosparton,4,31,933
Verbenaceae,Parodianthus,2,31,933
Verbenaceae,Petrea,13,31,933
Verbenaceae,Phyla,6,31,933
Verbenaceae,Pitraea,1,31,933
Verbenaceae,Priva,23,31,933
Verbenaceae,Recordia,2,31,933
Verbenaceae,Rehdera,2,31,933
Verbenaceae,Rhaphithamnus,2,31,933
Verbenaceae,Stachytarpheta,127,31,933
Verbenaceae,Tamonea,6,31,933
Verbenaceae,Verbena,166,31,933
Viburnaceae,Adoxa,4,3,224
Viburnaceae,Sambucus,23,3,224
Viburnaceae,Viburnum,197,3,224
Violaceae,Afrohybanthus,15,24,1151
Violaceae,Agatea,8,24,1151
Violaceae,Allexis,4,24,1151
Violaceae,Amphirrhox,2,24,1151
Violaceae,Anchietea,9,24,1151
Violaceae,Bribria,3,24,1151
Violaceae,Calyptrion,4,24,1151
Violaceae,Decorsella,1,24,1151
Violaceae,Fusispermum,3,24,1151
Violaceae,Hybanthopsis,1,24,1151
Violaceae,Hybanthus,51,24,1151
Violaceae,Isodendrion,4,24,1151
Violaceae,Ixchelia,2,24,1151
Violaceae,Leonia,25,24,1151
Violaceae,Melicytus,15,24,1151
Violaceae,Noisettia,1,24,1151
Violaceae,Orthion,6,24,1151
Violaceae,Paypayrola,7,24,1151
Violaceae,Pigea,4,24,1151
Violaceae,Pombalia,39,24,1151
Violaceae,Rinorea,219,24,1151
Violaceae,Schweiggeria,2,24,1151
Violaceae,Scyphellandra,1,24,1151
Violaceae,Viola,725,24,1151
Vitaceae,Acareosperma,1,19,1059
Vitaceae,Afrocayratia,7,19,1059
Vitaceae,Ampelocissus,95,19,1059
Vitaceae,Ampelopsis,17,19,1059
Vitaceae,Apocissus,7,19,1059
Vitaceae,Causonis,20,19,1059
Vitaceae,Cayratia,40,19,1059
Vitaceae,Cissus,288,19,1059
Vitaceae,Clematicissus,6,19,1059
Vitaceae,Cyphostemma,244,19,1059
Vitaceae,Leea,48,19,1059
Vitaceae,Nekemias,8,19,1059
Vitaceae,Parthenocissus,13,19,1059
Vitaceae,Pseudocayratia,6,19,1059
Vitaceae,Pterisanthes,16,19,1059
Vitaceae,Rhoicissus,11,19,1059
Vitaceae,Tetrastigma,139,19,1059
Vitaceae,Vitis,91,19,1059
Vitaceae,Yua,2,19,1059
Winteraceae,Drimys,7,5,95
Winteraceae,Pseudowintera,4,5,95
Winteraceae,Takhtajania,1,5,95
Winteraceae,Tasmannia,36,5,95
Winteraceae,Zygogynum,47,5,95
Woodsiaceae,Woodsia,53,1,53
Zingiberaceae,Adelmeria,5,60,1888
Zingiberaceae,Aframomum,62,60,1888
Zingiberaceae,Alpinia,171,60,1888
Zingiberaceae,Amomum,120,60,1888
Zingiberaceae,Aulotandra,5,60,1888
Zingiberaceae,Boesenbergia,89,60,1888
Zingiberaceae,Borneocola,8,60,1888
Zingiberaceae,Burbidgea,5,60,1888
Zingiberaceae,Camptandra,4,60,1888
Zingiberaceae,Cautleya,2,60,1888
Zingiberaceae,Conamomum,11,60,1888
Zingiberaceae,Cornukaempferia,3,60,1888
Zingiberaceae,Curcuma,150,60,1888
Zingiberaceae,Cyphostigma,1,60,1888
Zingiberaceae,Distichochlamys,4,60,1888
Zingiberaceae,Elettaria,7,60,1888
Zingiberaceae,Epiamomum,6,60,1888
Zingiberaceae,Etlingera,148,60,1888
Zingiberaceae,Gagnepainia,2,60,1888
Zingiberaceae,Geocharis,7,60,1888
Zingiberaceae,Geostachys,24,60,1888
Zingiberaceae,Globba,141,60,1888
Zingiberaceae,Haniffia,4,60,1888
Zingiberaceae,Hedychium,103,60,1888
Zingiberaceae,Hellwigia,76,60,1888
Zingiberaceae,Hemiorchis,3,60,1888
Zingiberaceae,Hornstedtia,38,60,1888
Zingiberaceae,Johoralia,1,60,1888
Zingiberaceae,Kaempferia,49,60,1888
Zingiberaceae,Kedhalia,1,60,1888
Zingiberaceae,Lanxangia,8,60,1888
Zingiberaceae,Larsenianthus,4,60,1888
Zingiberaceae,Leptosolena,1,60,1888
Zingiberaceae,Meistera,42,60,1888
Zingiberaceae,Monolophus,16,60,1888
Zingiberaceae,Myxochlamys,2,60,1888
Zingiberaceae,Nanochilus,2,60,1888
Zingiberaceae,Newmania,6,60,1888
Zingiberaceae,Parakaempferia,1,60,1888
Zingiberaceae,Perakalia,1,60,1888
Zingiberaceae,Plagiostachys,30,60,1888
Zingiberaceae,Pleuranthodium,24,60,1888
Zingiberaceae,Pommereschea,2,60,1888
Zingiberaceae,Pyrgophyllum,1,60,1888
Zingiberaceae,Renealmia,77,60,1888
Zingiberaceae,Rhynchanthus,2,60,1888
Zingiberaceae,Riedelia,77,60,1888
Zingiberaceae,Roscoea,26,60,1888
Zingiberaceae,Scaphochlamys,33,60,1888
Zingiberaceae,Siamanthus,1,60,1888
Zingiberaceae,Siliquamomum,3,60,1888
Zingiberaceae,Siphonochilus,11,60,1888
Zingiberaceae,Srilankanthus,1,60,1888
Zingiberaceae,Stadiochilus,1,60,1888
Zingiberaceae,Sulettaria,15,60,1888
Zingiberaceae,Sundamomum,15,60,1888
Zingiberaceae,Tamijia,2,60,1888
Zingiberaceae,Vanoverberghia,5,60,1888
Zingiberaceae,Wurfbainia,26,60,1888
Zingiberaceae,Zingiber,203,60,1888
Zygophyllaceae,Balanites,11,22,293
Zygophyllaceae,Bulnesia,6,22,293
Zygophyllaceae,Guaiacum,6,22,293
Zygophyllaceae,Kallstroemia,22,22,293
Zygophyllaceae,Kelleronia,3,22,293
Zygophyllaceae,Larrea,5,22,293
Zygophyllaceae,Melocarpum,2,22,293
Zygophyllaceae,Metharme,1,22,293
Zygophyllaceae,Miltianthus,1,22,293
Zygophyllaceae,Morkillia,2,22,293
Zygophyllaceae,Neoluederitzia,1,22,293
Zygophyllaceae,Pintoa,1,22,293
Zygophyllaceae,Plectrocarpa,6,22,293
Zygophyllaceae,Porlieria,5,22,293
Zygophyllaceae,Roepera,60,22,293
Zygophyllaceae,Seetzenia,2,22,293
Zygophyllaceae,Sericodes,1,22,293
Zygophyllaceae,Sisyndite,1,22,293
Zygophyllaceae,Tribulopis,7,22,293
Zygophyllaceae,Tribulus,30,22,293
Zygophyllaceae,Viscainoa,2,22,293
Zygophyllaceae,Zygophyllum,118,22,293
